offerId,优化前,第二轮前,当前,状态,原因,名称
jz-43c4a1-3989854024,24,63,75,ACTUAL,MAIN|ADDITIONAL|FILTERABLE|PICTURE_COUNT|FIRST_VIDEO_SIZE|FIRST_VIDEO_LENGTH|AVERAGE_VIDEO_SIZE|VIDEO_COUNT,Сменный фильтр для очистителя воздуха 20В06 20S06  композитный
jz-74no4j-4373210704,25,62,78,ACTUAL,MAIN|ADDITIONAL|FILTERABLE|FIRST_VIDEO_SIZE|FIRST_VIDEO_LENGTH|AVERAGE_VIDEO_SIZE|VIDEO_COUNT,Зеркало заднего вида салонное универсальное  арт. WG137  ABS пластик  черный
jz-2608156czu-5434366857,26,69,77,ACTUAL,MAIN|ADDITIONAL|FILTERABLE|PICTURE_COUNT|FIRST_VIDEO_SIZE|FIRST_VIDEO_LENGTH|AVERAGE_VIDEO_SIZE|VIDEO_COUNT,Биpки рождественские для подарков на елку 100 шт разноцветные
jz-2nf96y-3985003257,28,46,74,ACTUAL,ADDITIONAL|FILTERABLE|TITLE_LENGTH|FIRST_VIDEO_SIZE|FIRST_VIDEO_LENGTH|AVERAGE_VIDEO_SIZE|VIDEO_COUNT,Рюкзак школьный для девочки  жёлтый  средний  20-30 л
GYS-fq6f2z-4615699926,31,31,31,UPDATING,MAIN|ADDITIONAL|FILTERABLE|PICTURE_COUNT|FIRST_PICTURE_SIZE|TITLE_LENGTH|DESCRIPTION_LENGTH|AVERAGE_PICTURE_SIZE|FIRST_VIDEO_SIZE|FIRST_VIDEO_LENGTH|AVERAGE_VIDEO_SIZE|VIDEO_COUNT,Игровой скричер Tiger с трансформацией  100 г
jz-260803cn42-5219380044,31,69,79,ACTUAL,ADDITIONAL|FILTERABLE|PICTURE_COUNT|FIRST_VIDEO_SIZE|FIRST_VIDEO_LENGTH|AVERAGE_VIDEO_SIZE|VIDEO_COUNT,Заколка для волос JZ-MSCPCVR5 с бантом и звездами  черная  бархатная
jz-bl4yse-4510686580,31,56,66,ACTUAL,MAIN|ADDITIONAL|TITLE_LENGTH|FIRST_VIDEO_SIZE|FIRST_VIDEO_LENGTH|AVERAGE_VIDEO_SIZE|VIDEO_COUNT,Стикер для футбольной коллекции 1 шт.  серый
LZ-5wxmmp-5131474742,31,69,77,ACTUAL,MAIN|ADDITIONAL|FILTERABLE|FIRST_VIDEO_SIZE|FIRST_VIDEO_LENGTH|AVERAGE_VIDEO_SIZE|VIDEO_COUNT,Микропереключатель S800e концевой выключатель мгновенного действия  380 В  IP40
GYS-fq6f2z-4615873227,32,32,32,UPDATING,MAIN|ADDITIONAL|FILTERABLE|PICTURE_COUNT|FIRST_PICTURE_SIZE|TITLE_LENGTH|DESCRIPTION_LENGTH|AVERAGE_PICTURE_SIZE|FIRST_VIDEO_SIZE|FIRST_VIDEO_LENGTH|AVERAGE_VIDEO_SIZE|VIDEO_COUNT,Скричер Лайтнинг Райно L3  золотой
LZ01-3153456655,32,55,55,ACTUAL,ADDITIONAL|FILTERABLE|PICTURE_COUNT|FIRST_PICTURE_SIZE|TITLE_LENGTH|AVERAGE_PICTURE_SIZE|FIRST_VIDEO_SIZE|FIRST_VIDEO_LENGTH|AVERAGE_VIDEO_SIZE|VIDEO_COUNT,
GYS-fq6f2z-4553124196,33,33,33,UPDATING,MAIN|ADDITIONAL|FILTERABLE|PICTURE_COUNT|FIRST_PICTURE_SIZE|TITLE_LENGTH|DESCRIPTION_LENGTH|AVERAGE_PICTURE_SIZE|FIRST_VIDEO_SIZE|FIRST_VIDEO_LENGTH|AVERAGE_VIDEO_SIZE|VIDEO_COUNT,Скричеры Машинка-трансформер Шаркоид A4 бирюзовый
jz-5iiqgn-3879357364,33,61,72,ACTUAL,ADDITIONAL|FILTERABLE|TITLE_LENGTH|FIRST_VIDEO_SIZE|FIRST_VIDEO_LENGTH|AVERAGE_VIDEO_SIZE|VIDEO_COUNT,Ножевой блок стандарт А5 5F 6 3 мм
LZ-5wxmmp-4932050925,33,53,72,ACTUAL,MAIN|ADDITIONAL|FILTERABLE|FIRST_VIDEO_SIZE|FIRST_VIDEO_LENGTH|AVERAGE_VIDEO_SIZE|VIDEO_COUNT,Медаль сувенирная «За оборону Сталинграда»  копия времен СССР  металл
GYS-fq6f2z-3659202919,34,58,65,ACTUAL,MAIN|ADDITIONAL|TITLE_LENGTH|FIRST_VIDEO_SIZE|FIRST_VIDEO_LENGTH|AVERAGE_VIDEO_SIZE|VIDEO_COUNT,Волчки Сплит Owl и Orochi с пусковым устройством  2 шт
GYS-fq6f2z-4553677981,34,34,34,UPDATING,MAIN|ADDITIONAL|FILTERABLE|PICTURE_COUNT|FIRST_PICTURE_SIZE|TITLE_LENGTH|DESCRIPTION_LENGTH|FIRST_VIDEO_SIZE|FIRST_VIDEO_LENGTH|AVERAGE_VIDEO_SIZE|VIDEO_COUNT,Скричер Eagle A4 кораллового цвета
LZ01-3153456655,32,55,55,ACTUAL,ADDITIONAL|FILTERABLE|PICTURE_COUNT|FIRST_PICTURE_SIZE|TITLE_LENGTH|AVERAGE_PICTURE_SIZE|FIRST_VIDEO_SIZE|FIRST_VIDEO_LENGTH|AVERAGE_VIDEO_SIZE|VIDEO_COUNT,Форсунка масляная 28231014 / 1100100ED01  1 шт.
LZ-f2484t-5258063832,34,34,34,UPDATING,MAIN|ADDITIONAL|FILTERABLE|FIRST_PICTURE_SIZE|TITLE_LENGTH|DESCRIPTION_LENGTH|FIRST_VIDEO_SIZE|FIRST_VIDEO_LENGTH|AVERAGE_VIDEO_SIZE|VIDEO_COUNT,Электронный датчик педали акселератора GFS004V-D / GFS004N-D  для велосипеда
GYS260908v69a-5090920443,35,60,73,ACTUAL,MAIN|ADDITIONAL|FILTERABLE|TITLE_LENGTH|FIRST_VIDEO_SIZE|FIRST_VIDEO_LENGTH|AVERAGE_VIDEO_SIZE|VIDEO_COUNT,Салатник эмалированный жёлтый  набор 3 шт  круглый
jz-74no4j-3561354696,35,73,67,ACTUAL,MAIN|ADDITIONAL|PICTURE_COUNT|TITLE_LENGTH|FIRST_VIDEO_SIZE|FIRST_VIDEO_LENGTH|AVERAGE_VIDEO_SIZE|VIDEO_COUNT,Набор граффити-сумок с маркерами 30 шт для рисования на ткани
jz-ydp9z9-3416299746,35,35,39,ACTUAL,MAIN|ADDITIONAL|FILTERABLE|TITLE_LENGTH|DESCRIPTION_LENGTH|FIRST_VIDEO_SIZE|FIRST_VIDEO_LENGTH|AVERAGE_VIDEO_SIZE|VIDEO_COUNT,
LZ-3515392694,35,62,69,ACTUAL,MAIN|ADDITIONAL|FILTERABLE|TITLE_LENGTH|FIRST_VIDEO_SIZE|FIRST_VIDEO_LENGTH|AVERAGE_VIDEO_SIZE|VIDEO_COUNT,ТЭН для дистиллятора 2500 Вт  220 В  нержавеющая сталь
LZ01-3797802382,35,66,76,ACTUAL,ADDITIONAL|TITLE_LENGTH|FIRST_VIDEO_SIZE|FIRST_VIDEO_LENGTH|AVERAGE_VIDEO_SIZE|VIDEO_COUNT,Запчасть бардачка 0389537  передняя  Китай
GYS-fq6f2z-4552954169,36,36,36,UPDATING,MAIN|ADDITIONAL|FILTERABLE|PICTURE_COUNT|FIRST_PICTURE_SIZE|TITLE_LENGTH|DESCRIPTION_LENGTH|FIRST_VIDEO_SIZE|FIRST_VIDEO_LENGTH|AVERAGE_VIDEO_SIZE|VIDEO_COUNT,Скричер Трансформер Screechers Wild Ла Ва A4 бордовый
GYS-fq6f2z-4553759892,36,36,36,UPDATING,MAIN|ADDITIONAL|FILTERABLE|PICTURE_COUNT|FIRST_PICTURE_SIZE|TITLE_LENGTH|DESCRIPTION_LENGTH|FIRST_VIDEO_SIZE|FIRST_VIDEO_LENGTH|AVERAGE_VIDEO_SIZE|VIDEO_COUNT,Скричер Rhino с трансформацией без диска  темно-серый
GYS-fq6f2z-4553799505,36,36,36,UPDATING,MAIN|ADDITIONAL|FILTERABLE|PICTURE_COUNT|FIRST_PICTURE_SIZE|TITLE_LENGTH|DESCRIPTION_LENGTH|FIRST_VIDEO_SIZE|FIRST_VIDEO_LENGTH|AVERAGE_VIDEO_SIZE|VIDEO_COUNT,Скричер Трансформер Frozen Snow A4 белый
jz-dh3dbz-4007177956,36,64,64,ACTUAL,MAIN|ADDITIONAL|PICTURE_COUNT|FIRST_PICTURE_SIZE|TITLE_LENGTH|AVERAGE_PICTURE_SIZE|FIRST_VIDEO_SIZE|FIRST_VIDEO_LENGTH|AVERAGE_VIDEO_SIZE|VIDEO_COUNT,Маракас детский деревянный JZ-MQS837VD  голубой
jz-wfvstx-2842818026,36,71,75,ACTUAL,MAIN|ADDITIONAL|FILTERABLE|PICTURE_COUNT|FIRST_VIDEO_SIZE|FIRST_VIDEO_LENGTH|AVERAGE_VIDEO_SIZE|VIDEO_COUNT,Мешки-пылесборники для робота-пылесоса Roborock Qrevo и S8  10 шт
LZ-5wxmmp-4901190632,36,64,74,ACTUAL,MAIN|ADDITIONAL|FILTERABLE|FIRST_VIDEO_SIZE|FIRST_VIDEO_LENGTH|AVERAGE_VIDEO_SIZE|VIDEO_COUNT,Плюшевая игрушка Fuggler Funny Ugly Monster Budgie Edition 23 см
3211609218-Wlxa,37,64,74,ACTUAL,MAIN|ADDITIONAL|FILTERABLE|FIRST_VIDEO_SIZE|FIRST_VIDEO_LENGTH|AVERAGE_VIDEO_SIZE|VIDEO_COUNT,Вентилятор Deasonstone DSB5015 S 12В 0.06А 2800 об/мин для воздуходувки и увлажнителя
GYS-8jlgyl-3939969235,37,73,76,ACTUAL,MAIN|ADDITIONAL|FILTERABLE|FIRST_VIDEO_SIZE|FIRST_VIDEO_LENGTH|AVERAGE_VIDEO_SIZE|VIDEO_COUNT,Датчик давления в шинах TPMSTS02  4 шт.  433/315 МГц  программируемый
GYS-fq6f2z-4553961667,37,37,37,UPDATING,MAIN|ADDITIONAL|FILTERABLE|PICTURE_COUNT|FIRST_PICTURE_SIZE|TITLE_LENGTH|DESCRIPTION_LENGTH|FIRST_VIDEO_SIZE|FIRST_VIDEO_LENGTH|AVERAGE_VIDEO_SIZE|VIDEO_COUNT,Скричер Трансформер Джайнт Рок A4 голубой
GYS-fq6f2z-4616292549,37,37,37,UPDATING,MAIN|ADDITIONAL|FILTERABLE|FIRST_PICTURE_SIZE|TITLE_LENGTH|DESCRIPTION_LENGTH|FIRST_VIDEO_SIZE|FIRST_VIDEO_LENGTH|AVERAGE_VIDEO_SIZE|VIDEO_COUNT,Скричер Трансформер Спаркбаг A4 желтый
jz-v6j4ej-4846465363,37,68,68,ACTUAL,MAIN|ADDITIONAL|FILTERABLE|TITLE_LENGTH|FIRST_VIDEO_SIZE|FIRST_VIDEO_LENGTH|AVERAGE_VIDEO_SIZE|VIDEO_COUNT,Задний амортизатор для электросамоката G-Booster
jz-wfvstx-5144854901,37,69,72,ACTUAL,MAIN|ADDITIONAL|FILTERABLE|TITLE_LENGTH|FIRST_VIDEO_SIZE|FIRST_VIDEO_LENGTH|AVERAGE_VIDEO_SIZE|VIDEO_COUNT,Мешки для пыли для робота-пылесоса Roborock Qrevo L  8 шт.
LZ01-3415413161,37,59,62,ACTUAL,MAIN|ADDITIONAL|FILTERABLE|TITLE_LENGTH|FIRST_VIDEO_SIZE|FIRST_VIDEO_LENGTH|AVERAGE_VIDEO_SIZE|VIDEO_COUNT,Набор для выращивания игрушки кицунэ 33 см  светло-розовый
LZ01-3521599428,37,64,68,ACTUAL,MAIN|ADDITIONAL|FILTERABLE|TITLE_LENGTH|FIRST_VIDEO_SIZE|FIRST_VIDEO_LENGTH|AVERAGE_VIDEO_SIZE|VIDEO_COUNT,Автомобильный сейф BWpletVu для Audi Q3/RS Q3 2013-2018
GYS-vhijp3-4742394697,38,62,74,ACTUAL,ADDITIONAL|FILTERABLE|TITLE_LENGTH|FIRST_VIDEO_SIZE|FIRST_VIDEO_LENGTH|AVERAGE_VIDEO_SIZE|VIDEO_COUNT,Стакан для ванной 100 мл стекло прозрачный отдельно стоящий
jz-260728cs42-4799306061,38,70,70,ACTUAL,MAIN|ADDITIONAL|FILTERABLE|FIRST_VIDEO_SIZE|FIRST_VIDEO_LENGTH|AVERAGE_VIDEO_SIZE|VIDEO_COUNT,Инфинити Надо. Волчок и меч Трайб Стандарт Royal Flying Dragon
jz-260811hiq7-2670742773,38,73,79,ACTUAL,ADDITIONAL|FILTERABLE|FIRST_VIDEO_SIZE|FIRST_VIDEO_LENGTH|AVERAGE_VIDEO_SIZE|VIDEO_COUNT,Набор запасных частей для робота-пылесоса Roborock Qrevo Curv  2 шт
jz-260811hiq7-2670742802,38,72,78,ACTUAL,MAIN|ADDITIONAL|FILTERABLE|FIRST_VIDEO_SIZE|FIRST_VIDEO_LENGTH|AVERAGE_VIDEO_SIZE|VIDEO_COUNT,Набор запасных частей для робота-пылесоса Roborock Qrevo Curv  20 шт.
jz-mn9jc2-2438830396,38,58,58,ACTUAL,MAIN|ADDITIONAL|FILTERABLE|TITLE_LENGTH|FIRST_VIDEO_SIZE|FIRST_VIDEO_LENGTH|AVERAGE_VIDEO_SIZE|VIDEO_COUNT,Волчок Эпик Лончер Сплит Double Dragon-ZZ
jz-ra4xyb-4315952972,38,71,65,ACTUAL,MAIN|ADDITIONAL|TITLE_LENGTH|FIRST_VIDEO_SIZE|FIRST_VIDEO_LENGTH|AVERAGE_VIDEO_SIZE|VIDEO_COUNT,Баскетбольное кольцо с сеткой 38 см  красное  для улицы и зала
jz-wfvstx-4301508006,38,67,68,ACTUAL,MAIN|ADDITIONAL|FILTERABLE|TITLE_LENGTH|FIRST_VIDEO_SIZE|FIRST_VIDEO_LENGTH|AVERAGE_VIDEO_SIZE|VIDEO_COUNT,Мешок-пылесборник для робота-пылесоса Midea V15  2 шт
jz-wfvstx-4301587457,38,77,78,ACTUAL,MAIN|ADDITIONAL|FILTERABLE|FIRST_VIDEO_SIZE|FIRST_VIDEO_LENGTH|AVERAGE_VIDEO_SIZE|VIDEO_COUNT,Мешки-пылесборники для робота-пылесоса Midea VCR V15 Pro  20 шт.
jz-wfvstx-4301699757,38,77,78,ACTUAL,MAIN|ADDITIONAL|FILTERABLE|FIRST_VIDEO_SIZE|FIRST_VIDEO_LENGTH|AVERAGE_VIDEO_SIZE|VIDEO_COUNT,Мешок-пылесборник для робота-пылесоса Midea VCR V15 Pro  сменный  10 шт
YCXP-l342yy-3119072834,38,38,38,UPDATING,MAIN|ADDITIONAL|FILTERABLE|FIRST_PICTURE_SIZE|TITLE_LENGTH|DESCRIPTION_LENGTH|FIRST_VIDEO_SIZE|FIRST_VIDEO_LENGTH|AVERAGE_VIDEO_SIZE|VIDEO_COUNT,Нарукавники садовые защитные 40 см  2 шт
GYS-fq6f2z-3057483785,39,39,45,ACTUAL,MAIN|ADDITIONAL|FILTERABLE|TITLE_LENGTH|DESCRIPTION_LENGTH|FIRST_VIDEO_SIZE|FIRST_VIDEO_LENGTH|AVERAGE_VIDEO_SIZE|VIDEO_COUNT,
GYS-fq6f2z-3057497027,39,39,39,UPDATING,MAIN|ADDITIONAL|FILTERABLE|FIRST_PICTURE_SIZE|TITLE_LENGTH|DESCRIPTION_LENGTH|AVERAGE_PICTURE_SIZE|FIRST_VIDEO_SIZE|FIRST_VIDEO_LENGTH|AVERAGE_VIDEO_SIZE|VIDEO_COUNT,Заводная игрушка D19FFE2F4D06486AAAE4403FBA32B66F белая  7 см
GYS-fq6f2z-3057497549,39,39,39,UPDATING,MAIN|ADDITIONAL|FILTERABLE|FIRST_PICTURE_SIZE|TITLE_LENGTH|DESCRIPTION_LENGTH|AVERAGE_PICTURE_SIZE|FIRST_VIDEO_SIZE|FIRST_VIDEO_LENGTH|AVERAGE_VIDEO_SIZE|VIDEO_COUNT,Заводная металлическая игрушка «Черепаха» коричнево-красная  7 см
GYS-fq6f2z-4615620705,39,39,39,UPDATING,MAIN|ADDITIONAL|FILTERABLE|FIRST_PICTURE_SIZE|TITLE_LENGTH|DESCRIPTION_LENGTH|FIRST_VIDEO_SIZE|FIRST_VIDEO_LENGTH|AVERAGE_VIDEO_SIZE|VIDEO_COUNT,Скричер Eagle с трансформацией  без диска  голубой
GYS2608211hfp-5427175729,39,65,65,ACTUAL,MAIN|ADDITIONAL|TITLE_LENGTH|FIRST_VIDEO_SIZE|FIRST_VIDEO_LENGTH|AVERAGE_VIDEO_SIZE|VIDEO_COUNT,Волчок Infinity Nado Стандарт Флейм Крашер  красный
jz-63ha0a-3582585986,39,39,39,UPDATING,MAIN|ADDITIONAL|FILTERABLE|PICTURE_COUNT|TITLE_LENGTH|DESCRIPTION_LENGTH|FIRST_VIDEO_SIZE|FIRST_VIDEO_LENGTH|AVERAGE_VIDEO_SIZE|VIDEO_COUNT,Набор игрушечной брони «Тёмный конь» 16 предметов  чёрный
jz-93mo1m-4998741619,39,59,59,ACTUAL,MAIN|ADDITIONAL|FILTERABLE|TITLE_LENGTH|FIRST_VIDEO_SIZE|FIRST_VIDEO_LENGTH|AVERAGE_VIDEO_SIZE|VIDEO_COUNT,Набор для игры в корнхол 90x60 см  4 мешочка  разноцветный
jz-93mo1m-4999648072,39,76,76,ACTUAL,MAIN|ADDITIONAL|FILTERABLE|FIRST_VIDEO_SIZE|FIRST_VIDEO_LENGTH|AVERAGE_VIDEO_SIZE|VIDEO_COUNT,Набор для игры в корнхол  2 доски 120 см и 8 мешочков  бежевый
jz-wfvstx-5201012522,39,63,70,ACTUAL,MAIN|ADDITIONAL|FILTERABLE|TITLE_LENGTH|FIRST_VIDEO_SIZE|FIRST_VIDEO_LENGTH|AVERAGE_VIDEO_SIZE|VIDEO_COUNT,Мешки для робота-пылесоса Dreame X50 Master  набор 16 шт.
jz-wfvstx-5224600752,39,78,78,ACTUAL,MAIN|ADDITIONAL|FILTERABLE|FIRST_VIDEO_SIZE|FIRST_VIDEO_LENGTH|AVERAGE_VIDEO_SIZE|VIDEO_COUNT,Комплект запасных частей для робота-пылесоса Dreame L40 Ultra  18 шт.
jz-ydp9z9-2266770360,39,69,69,ACTUAL,ADDITIONAL|FILTERABLE|TITLE_LENGTH|FIRST_VIDEO_SIZE|FIRST_VIDEO_LENGTH|AVERAGE_VIDEO_SIZE|VIDEO_COUNT,Игральные карты картонные 54 листа  цвет черный  для взрослых и детей
LZ-00mkoz-3585904163,39,39,39,UPDATING,MAIN|ADDITIONAL|FIRST_PICTURE_SIZE|TITLE_LENGTH|DESCRIPTION_LENGTH|FIRST_VIDEO_SIZE|FIRST_VIDEO_LENGTH|AVERAGE_VIDEO_SIZE|VIDEO_COUNT,Маска для лица thisFactory SKU04740 тканевая косметическая
MzQwMzc-3VPSSIJ3,39,71,72,ACTUAL,MAIN|ADDITIONAL|FILTERABLE|FIRST_VIDEO_SIZE|FIRST_VIDEO_LENGTH|AVERAGE_VIDEO_SIZE|VIDEO_COUNT,Запасная часть для пылесоса Dyson V6  V7  V8  V10  V11  пластик
GYS-fq6f2z-4616737293,40,40,40,UPDATING,MAIN|ADDITIONAL|FILTERABLE|FIRST_PICTURE_SIZE|TITLE_LENGTH|DESCRIPTION_LENGTH|FIRST_VIDEO_SIZE|FIRST_VIDEO_LENGTH|AVERAGE_VIDEO_SIZE|VIDEO_COUNT,Трансформер Скричер Ревадактиль л1  синий
jz-74no4j-3399738004,40,72,70,ACTUAL,MAIN|ADDITIONAL|FILTERABLE|TITLE_LENGTH|FIRST_VIDEO_SIZE|FIRST_VIDEO_LENGTH|AVERAGE_VIDEO_SIZE|VIDEO_COUNT,Таз из нержавеющей стали 15.5 л с мерной шкалой  серебристый
jz-74no4j-4284339946,40,67,78,ACTUAL,MAIN|ADDITIONAL|FILTERABLE|FIRST_VIDEO_SIZE|FIRST_VIDEO_LENGTH|AVERAGE_VIDEO_SIZE|VIDEO_COUNT,Зеркало заднего вида для вилочного погрузчика  универсальное  25.5 см
jz-bmwrkz-4900040541,40,76,76,ACTUAL,MAIN|ADDITIONAL|TITLE_LENGTH|FIRST_VIDEO_SIZE|FIRST_VIDEO_LENGTH|AVERAGE_VIDEO_SIZE|VIDEO_COUNT,Набор для игры в корнхол 90×60 см  8 мешочков
jz-wfvstx-4939003588,40,69,72,ACTUAL,MAIN|ADDITIONAL|FILTERABLE|TITLE_LENGTH|FIRST_VIDEO_SIZE|FIRST_VIDEO_LENGTH|AVERAGE_VIDEO_SIZE|VIDEO_COUNT,Мешок-пылесборник для робота-пылесоса Deerma X80  10 шт
LZ01-3699596285,40,75,78,ACTUAL,MAIN|ADDITIONAL|FILTERABLE|FIRST_VIDEO_SIZE|FIRST_VIDEO_LENGTH|AVERAGE_VIDEO_SIZE|VIDEO_COUNT,Стойка «Паук» для баннера 80х180 см  напольная  пластик  черная  3 шт
3006371732-OPvT,41,66,74,ACTUAL,MAIN|ADDITIONAL|FILTERABLE|PICTURE_COUNT,Приспособление для вдевания бегунка в молнию на струбцине с креплением к столу  3 сменные пластины
GYS-1574237539,41,45,67,ACTUAL,MAIN|ADDITIONAL|FILTERABLE|PICTURE_COUNT|TITLE_LENGTH|FIRST_VIDEO_SIZE|FIRST_VIDEO_LENGTH|AVERAGE_VIDEO_SIZE|VIDEO_COUNT,EKOLN Держатель для зубных щёток бежевый 11x9 см  IKEA
GYS-fq6f2z-1679789419,41,41,41,UPDATING,MAIN|ADDITIONAL|FILTERABLE|TITLE_LENGTH|DESCRIPTION_LENGTH|FIRST_VIDEO_SIZE|FIRST_VIDEO_LENGTH|AVERAGE_VIDEO_SIZE|VIDEO_COUNT,Дикие Скричеры игровой набор Кибер Рэпидфлип Мобилус S5 желтый 7 см
GYS-fq6f2z-1973054001,41,41,41,UPDATING,MAIN|ADDITIONAL|FILTERABLE|TITLE_LENGTH|DESCRIPTION_LENGTH|FIRST_VIDEO_SIZE|FIRST_VIDEO_LENGTH|AVERAGE_VIDEO_SIZE|VIDEO_COUNT,Робот-трансформер EW-BL2 с управлением со смартфона  белый  ABS пластик
GYS-fq6f2z-4276370160,41,63,64,ACTUAL,MAIN|ADDITIONAL|FILTERABLE|TITLE_LENGTH|FIRST_VIDEO_SIZE|FIRST_VIDEO_LENGTH|AVERAGE_VIDEO_SIZE|VIDEO_COUNT,Арена для волчков Бейблэйд Бест с куполом для 4 волчков
GYS-pun1uz-3960169151,41,78,72,ACTUAL,ADDITIONAL|FILTERABLE|TITLE_LENGTH|FIRST_VIDEO_SIZE|FIRST_VIDEO_LENGTH|AVERAGE_VIDEO_SIZE|VIDEO_COUNT,Масленка Elan Gallery «Сирень» фарфоровая с крышкой  лиловый
GYS-pun1uz-4291750077,41,72,78,ACTUAL,MAIN|ADDITIONAL|FIRST_VIDEO_SIZE|FIRST_VIDEO_LENGTH|AVERAGE_VIDEO_SIZE|VIDEO_COUNT,Замок навесной Mijia с биометрическим сканером отпечатков пальцев  IP54  серебристый
GYS260905hopl-147834448,41,72,72,ACTUAL,MAIN|ADDITIONAL|FILTERABLE|FIRST_VIDEO_SIZE|FIRST_VIDEO_LENGTH|AVERAGE_VIDEO_SIZE|VIDEO_COUNT,Арена для баттлов Инфинити Надо JZ-MTO9HOPC  пластик  черный
GYS260905hopl-3457277279,41,75,75,ACTUAL,MAIN|ADDITIONAL|FIRST_VIDEO_SIZE|FIRST_VIDEO_LENGTH|AVERAGE_VIDEO_SIZE|VIDEO_COUNT,Волчок-бластер Infinity Nado Трайб Адвансд  металл  светло-серый
GYS260905hopl-3457312229,41,75,75,ACTUAL,MAIN|ADDITIONAL|FIRST_VIDEO_SIZE|FIRST_VIDEO_LENGTH|AVERAGE_VIDEO_SIZE|VIDEO_COUNT,Волчок Infinity Nado с луком запуска Tribe Advanced  Fiery Blast Wheel  золотой
GYS260905hopl-3457369788,41,75,75,ACTUAL,MAIN|ADDITIONAL|FIRST_VIDEO_SIZE|FIRST_VIDEO_LENGTH|AVERAGE_VIDEO_SIZE|VIDEO_COUNT,Волчок Infinity Nado Меч Трайб Адвансд Royal Flying Dragon JZ-MTO9HOPC золотой
jz-260713l1mj-1121586055,41,74,78,ACTUAL,ADDITIONAL|TITLE_LENGTH|FIRST_VIDEO_SIZE|FIRST_VIDEO_LENGTH|AVERAGE_VIDEO_SIZE|VIDEO_COUNT,Силиконовая форма для льда STAR WARS R2D2  5 ячеек  голубая
jz-260728cs42-4799290710,41,75,75,ACTUAL,MAIN|ADDITIONAL|FIRST_VIDEO_SIZE|FIRST_VIDEO_LENGTH|AVERAGE_VIDEO_SIZE|VIDEO_COUNT,Волчок Infinity Nado Трайб Классик Royal Flying Dragon  бирюзовый
jz-mn9jc2-3372213365,41,75,75,ACTUAL,MAIN|ADDITIONAL|FIRST_VIDEO_SIZE|FIRST_VIDEO_LENGTH|AVERAGE_VIDEO_SIZE|VIDEO_COUNT,Волчок-бластер Инфинити Надо Трайб Стандарт с пускателем  белый
jz-mn9jc2-3457312229,41,64,64,ACTUAL,MAIN|ADDITIONAL|FILTERABLE|TITLE_LENGTH|FIRST_VIDEO_SIZE|FIRST_VIDEO_LENGTH|AVERAGE_VIDEO_SIZE|VIDEO_COUNT,Волчок Инфинити Надо Трайб Адвансд с луком  золотой
jz-mn9jc2-3457369788,41,75,75,ACTUAL,MAIN|ADDITIONAL|FIRST_VIDEO_SIZE|FIRST_VIDEO_LENGTH|AVERAGE_VIDEO_SIZE|VIDEO_COUNT,Волчок Infinity Nado Трайб Адвансд Royal Flying Dragon золотой
jz-mn9jc2-4456201523,41,57,57,ACTUAL,MAIN|ADDITIONAL|FILTERABLE|TITLE_LENGTH|FIRST_VIDEO_SIZE|FIRST_VIDEO_LENGTH|AVERAGE_VIDEO_SIZE|VIDEO_COUNT,Детский игровой тир с бластером и вращающимися мишенями
jz-r0nm0c-4780054501,41,64,64,ACTUAL,MAIN|ADDITIONAL|FILTERABLE|TITLE_LENGTH|FIRST_VIDEO_SIZE|FIRST_VIDEO_LENGTH|AVERAGE_VIDEO_SIZE|VIDEO_COUNT,Лампа от насекомых PAPECOM  1 шт  зелёная
jz-tar3ab-4450020083,41,75,75,ACTUAL,MAIN|ADDITIONAL|TITLE_LENGTH|FIRST_VIDEO_SIZE|FIRST_VIDEO_LENGTH|AVERAGE_VIDEO_SIZE|VIDEO_COUNT,Поильник детский с трубочкой и защитой от проливания 210 г
jz-wfvstx-4649277975,41,74,77,ACTUAL,MAIN|ADDITIONAL|FILTERABLE|FIRST_VIDEO_SIZE|FIRST_VIDEO_LENGTH|AVERAGE_VIDEO_SIZE|VIDEO_COUNT,Мешки-пылесборники для робота-пылесоса Midea VCR S6 Plus  6 шт
jz-wfvstx-4686476223,41,65,70,ACTUAL,MAIN|ADDITIONAL|FILTERABLE|TITLE_LENGTH|FIRST_VIDEO_SIZE|FIRST_VIDEO_LENGTH|AVERAGE_VIDEO_SIZE|VIDEO_COUNT,Пылесборники для робота-пылесоса Dreame F21 Plus  16 шт.
jz-wfvstx-4737624802,41,47,52,ACTUAL,MAIN|ADDITIONAL|FILTERABLE|TITLE_LENGTH|DESCRIPTION_LENGTH|FIRST_VIDEO_SIZE|FIRST_VIDEO_LENGTH|AVERAGE_VIDEO_SIZE|VIDEO_COUNT,Мешки для робота-пылесоса Dreame L60 Pro Ultra  16 шт.
LZ-5wxmmp-5077951478,41,64,72,ACTUAL,MAIN|ADDITIONAL|TITLE_LENGTH|FIRST_VIDEO_SIZE|FIRST_VIDEO_LENGTH|AVERAGE_VIDEO_SIZE|VIDEO_COUNT,Пенал-футляр оксфорд с принтом узоры  малиновый  с молнией
SF2608248fhz-4231125310,41,61,76,ACTUAL,MAIN|ADDITIONAL|FILTERABLE|TITLE_LENGTH|FIRST_VIDEO_LENGTH,Мягкая игрушка в виде таксы  40 см  коричневая
ZS01-3965794383,41,76,76,ACTUAL,MAIN|ADDITIONAL|FIRST_VIDEO_SIZE|FIRST_VIDEO_LENGTH|AVERAGE_VIDEO_SIZE|VIDEO_COUNT,Наклейки Your love store стикерпак кремовые для скрапбукинга
GYS-8jlgyl-3123585702,42,42,47,ACTUAL,MAIN|ADDITIONAL|FILTERABLE|DESCRIPTION_LENGTH|FIRST_VIDEO_SIZE|FIRST_VIDEO_LENGTH|AVERAGE_VIDEO_SIZE|VIDEO_COUNT,
GYS-fq6f2z-4276369963,42,42,42,UPDATING,MAIN|ADDITIONAL|FILTERABLE|TITLE_LENGTH|DESCRIPTION_LENGTH|FIRST_VIDEO_SIZE|FIRST_VIDEO_LENGTH|AVERAGE_VIDEO_SIZE|VIDEO_COUNT,Арена для волчков Бейблэйд Бест с куполом 44 5х44 5х11 5 см
GYS-fq6f2z-4276370731,42,42,42,UPDATING,MAIN|ADDITIONAL|FILTERABLE|TITLE_LENGTH|DESCRIPTION_LENGTH|FIRST_VIDEO_SIZE|FIRST_VIDEO_LENGTH|AVERAGE_VIDEO_SIZE|VIDEO_COUNT,Арена для волчков Бейблэйд Бест с куполом и креплениями
GYS-fq6f2z-4276373036,42,64,64,ACTUAL,MAIN|ADDITIONAL|FILTERABLE|TITLE_LENGTH|FIRST_VIDEO_SIZE|FIRST_VIDEO_LENGTH|AVERAGE_VIDEO_SIZE|VIDEO_COUNT,Арена для волчков Бейблэйд Бест 44 5x44 5x11 5 см с куполом
GYS-fq6f2z-4553718890,42,42,42,UPDATING,MAIN|ADDITIONAL|FILTERABLE|TITLE_LENGTH|DESCRIPTION_LENGTH|FIRST_VIDEO_SIZE|FIRST_VIDEO_LENGTH|AVERAGE_VIDEO_SIZE|VIDEO_COUNT,Машинка-трансформер Скричеры RAMPEDE A4 коричнево-красная
GYS-pun1uz-3528556980,42,69,69,ACTUAL,ADDITIONAL|FILTERABLE|TITLE_LENGTH|FIRST_VIDEO_SIZE|FIRST_VIDEO_LENGTH|AVERAGE_VIDEO_SIZE|VIDEO_COUNT,Сменное лезвие для бритвенного блока One Blade  зелёный
GYS-pun1uz-4653223595,42,71,75,ACTUAL,ADDITIONAL|TITLE_LENGTH|FIRST_VIDEO_SIZE|FIRST_VIDEO_LENGTH|AVERAGE_VIDEO_SIZE|VIDEO_COUNT,Косметический аппарат для лица микротоки белый 200 г
GYS-vhijp3-4100718199,42,63,74,ACTUAL,ADDITIONAL|FILTERABLE|TITLE_LENGTH|FIRST_VIDEO_SIZE|FIRST_VIDEO_LENGTH|AVERAGE_VIDEO_SIZE|VIDEO_COUNT,Миска керамическая бежевая  21.5 см  1 шт
GYS-vhijp3-5098696405,42,64,75,ACTUAL,ADDITIONAL|FILTERABLE|TITLE_LENGTH|FIRST_VIDEO_SIZE|FIRST_VIDEO_LENGTH|AVERAGE_VIDEO_SIZE|VIDEO_COUNT,Миска эмалированная 650 мл красная  16 см  набор 2 шт
GYS-vhijp3-5098697255,42,59,70,ACTUAL,MAIN|ADDITIONAL|FILTERABLE|TITLE_LENGTH|FIRST_VIDEO_SIZE|FIRST_VIDEO_LENGTH|AVERAGE_VIDEO_SIZE|VIDEO_COUNT,Миска 900 мл эмалированная красная  18 см  2 шт.
jz-260816bapr-2451803868,42,42,50,ACTUAL,MAIN|ADDITIONAL|FILTERABLE|TITLE_LENGTH|DESCRIPTION_LENGTH|FIRST_VIDEO_SIZE|FIRST_VIDEO_LENGTH|AVERAGE_VIDEO_SIZE|VIDEO_COUNT,
jz-8q6voe-487884946,42,72,76,ACTUAL,ADDITIONAL|FILTERABLE|PICTURE_COUNT|FIRST_VIDEO_SIZE|FIRST_VIDEO_LENGTH|AVERAGE_VIDEO_SIZE|VIDEO_COUNT,Рулетка портновская 150 см для снятия мерок  пластик  голубая
jz-mn9jc2-1140347481,42,68,68,ACTUAL,MAIN|ADDITIONAL|FILTERABLE|TITLE_LENGTH|FIRST_VIDEO_SIZE|FIRST_VIDEO_LENGTH|AVERAGE_VIDEO_SIZE|VIDEO_COUNT,Волчок Инфинити Надо Эпик Лончер Сплит Dragon Tiger зеленый
jz-mn9jc2-3220636801,42,72,72,ACTUAL,ADDITIONAL|FILTERABLE|FIRST_VIDEO_SIZE|FIRST_VIDEO_LENGTH|AVERAGE_VIDEO_SIZE|VIDEO_COUNT,Бластер X-Shot Insanity Minigun с мягкими патронами  разноцветный
jz-ub82eq-4780179559,42,66,70,ACTUAL,MAIN|ADDITIONAL|FILTERABLE|TITLE_LENGTH|FIRST_VIDEO_SIZE|FIRST_VIDEO_LENGTH|AVERAGE_VIDEO_SIZE|VIDEO_COUNT,Мягкая игрушка аниме плюшевая коричневая 150 г
jz-wfvstx-5343364371,42,77,78,ACTUAL,MAIN|ADDITIONAL|FILTERABLE|FIRST_VIDEO_SIZE|FIRST_VIDEO_LENGTH|AVERAGE_VIDEO_SIZE|VIDEO_COUNT,Салфетки для робота-пылесоса Roborock Q Revo  4 шт  микрофибра
LZ01-2602456066,42,75,75,ACTUAL,MAIN|ADDITIONAL|TITLE_LENGTH|FIRST_VIDEO_SIZE|FIRST_VIDEO_LENGTH|AVERAGE_VIDEO_SIZE|VIDEO_COUNT,Сыворотка для волос q5i6Uv  60 мл
LZ01-3579731718,42,72,77,ACTUAL,MAIN|ADDITIONAL|FIRST_VIDEO_SIZE|FIRST_VIDEO_LENGTH|AVERAGE_VIDEO_SIZE|VIDEO_COUNT,Ролл-мат для кухонной мойки 45x35 см  нержавеющая сталь  черный
GYS-fq6f2z-3011630658,43,43,43,UPDATING,MAIN|ADDITIONAL|FILTERABLE|TITLE_LENGTH|DESCRIPTION_LENGTH|FIRST_VIDEO_SIZE|FIRST_VIDEO_LENGTH|AVERAGE_VIDEO_SIZE|VIDEO_COUNT,Настольная игра Битва волчков на арене с пусковым устройством  оранжевый
GYS-pun1uz-3781684625,43,63,67,ACTUAL,MAIN|FILTERABLE|TITLE_LENGTH|FIRST_VIDEO_SIZE|FIRST_VIDEO_LENGTH|AVERAGE_VIDEO_SIZE|VIDEO_COUNT,Потолочный светильник LED 40 Вт 400 мм золотой с пультом ДУ
GYS-vhijp3-3456092635,43,69,75,ACTUAL,ADDITIONAL|FILTERABLE|PICTURE_COUNT|TITLE_LENGTH|FIRST_VIDEO_SIZE|FIRST_VIDEO_LENGTH|AVERAGE_VIDEO_SIZE|VIDEO_COUNT,Заварочный чайник керамический бежевый 550 мл
GYS260905hopl-3457510653,43,79,79,ACTUAL,MAIN|ADDITIONAL|FILTERABLE|FIRST_VIDEO_SIZE|FIRST_VIDEO_LENGTH|AVERAGE_VIDEO_SIZE|VIDEO_COUNT,Игровой набор Инфинити Надо Трайб Пауэр для турниров  металлический
jz-93mo1m-5001857878,43,60,60,ACTUAL,MAIN|ADDITIONAL|FILTERABLE|TITLE_LENGTH|FIRST_VIDEO_SIZE|FIRST_VIDEO_LENGTH|AVERAGE_VIDEO_SIZE|VIDEO_COUNT,Душевая помпа портативная для кемпинга 290x190x80 мм
jz-a4wnxu-2968195412,43,70,75,ACTUAL,ADDITIONAL|FILTERABLE|TITLE_LENGTH|FIRST_VIDEO_SIZE|FIRST_VIDEO_LENGTH|AVERAGE_VIDEO_SIZE|VIDEO_COUNT,Таз для варки варенья из нержавеющей стали 5.6 л золотой
jz-dh3dbz-4248790101,43,63,76,ACTUAL,ADDITIONAL|PICTURE_COUNT|TITLE_LENGTH|FIRST_VIDEO_SIZE|FIRST_VIDEO_LENGTH|AVERAGE_VIDEO_SIZE|VIDEO_COUNT,Бутылочка для кормления стеклянная белая 0+ без BPA 160 мл
jz-mn9jc2-3457510653,43,77,77,ACTUAL,MAIN|ADDITIONAL|FILTERABLE|FIRST_VIDEO_SIZE|FIRST_VIDEO_LENGTH|AVERAGE_VIDEO_SIZE|VIDEO_COUNT,Игровой набор Infinity Nado для турниров «Трайб Пауэр»  металл  чёрный
jz-wfvstx-3297705943,43,65,69,ACTUAL,MAIN|ADDITIONAL|FILTERABLE|PICTURE_COUNT|TITLE_LENGTH|FIRST_VIDEO_SIZE|FIRST_VIDEO_LENGTH|AVERAGE_VIDEO_SIZE|VIDEO_COUNT,Одноразовые мешки для пыли для Roborock  3 шт.  белые
jz-wfvstx-5490466239,43,67,70,ACTUAL,MAIN|ADDITIONAL|FILTERABLE|TITLE_LENGTH|FIRST_VIDEO_SIZE|FIRST_VIDEO_LENGTH|AVERAGE_VIDEO_SIZE|VIDEO_COUNT,Пылесборник для робота-пылесоса Roborock Qrevo L  16 шт.
jz-wfvstx-5710303954,43,78,78,ACTUAL,MAIN|ADDITIONAL|FILTERABLE|FIRST_VIDEO_SIZE|FIRST_VIDEO_LENGTH|AVERAGE_VIDEO_SIZE|VIDEO_COUNT,Набор аксессуаров для робота-пылесоса Polaris PVCRAC 7790  30 шт.
jz-ydp9z9-3307533196,43,62,73,ACTUAL,MAIN|ADDITIONAL|FILTERABLE|TITLE_LENGTH|FIRST_VIDEO_SIZE|FIRST_VIDEO_LENGTH|AVERAGE_VIDEO_SIZE|VIDEO_COUNT,Форма для запекания прямоугольная 24 см серый
LZ01-3503220298,43,73,76,ACTUAL,MAIN|ADDITIONAL|FILTERABLE|FIRST_VIDEO_SIZE|FIRST_VIDEO_LENGTH|AVERAGE_VIDEO_SIZE|VIDEO_COUNT,Аппарат контактной сварки 2 в 1 DH-04 для никелевой ленты и аккумуляторов 18650  импульсная точечная сварка  портативный
LZ01-3629185618,43,76,76,ACTUAL,ADDITIONAL|FILTERABLE|TITLE_LENGTH|FIRST_VIDEO_SIZE|FIRST_VIDEO_LENGTH|AVERAGE_VIDEO_SIZE|VIDEO_COUNT,Ремкомплект фары для Volkswagen Touareg 2003-2006  2 шт.
SF2608248fhz-3588707779,43,63,76,ACTUAL,MAIN|ADDITIONAL|FILTERABLE|TITLE_LENGTH|FIRST_VIDEO_LENGTH,Плюшевая игрушка Свинка с коричневыми ушами 45 см
jz-260811rdkx-2623930433,44,44,49,ACTUAL,MAIN|ADDITIONAL|FILTERABLE|TITLE_LENGTH|DESCRIPTION_LENGTH,
jz-2nf96y-4261096715,44,64,70,ACTUAL,MAIN|ADDITIONAL|FILTERABLE|TITLE_LENGTH|FIRST_VIDEO_SIZE|FIRST_VIDEO_LENGTH|AVERAGE_VIDEO_SIZE|VIDEO_COUNT,Мягкая игрушка Страус пушистая интерьерная  розовая  40 см
jz-43c4a1-4409428297,44,74,78,ACTUAL,MAIN|ADDITIONAL|FILTERABLE|FIRST_VIDEO_SIZE|FIRST_VIDEO_LENGTH|AVERAGE_VIDEO_SIZE|VIDEO_COUNT,Кожух пружины стартера бензопилы STIHL MS 251C-E 1143-195-0360
jz-tar3ab-4306956180,44,68,72,ACTUAL,MAIN|ADDITIONAL|FILTERABLE|TITLE_LENGTH|FIRST_VIDEO_SIZE|FIRST_VIDEO_LENGTH|AVERAGE_VIDEO_SIZE|VIDEO_COUNT,Поильник детский пластиковый с ручками от протекания  1 шт.
LZ01-3467007723,44,63,71,ACTUAL,MAIN|ADDITIONAL|FILTERABLE|TITLE_LENGTH|FIRST_VIDEO_SIZE|FIRST_VIDEO_LENGTH|AVERAGE_VIDEO_SIZE|VIDEO_COUNT,Перьевая ручка TWSBI ECO Cement Grey EF 0 35 мм
SF2608248fhz-3588812560,44,64,76,ACTUAL,MAIN|ADDITIONAL|FILTERABLE|TITLE_LENGTH|FIRST_VIDEO_LENGTH,Мягкая игрушка Свинка из плюша коричневого цвета 45 см
SF2608248fhz-3671566844,44,64,76,ACTUAL,MAIN|ADDITIONAL|FILTERABLE|TITLE_LENGTH|FIRST_VIDEO_LENGTH,Мягкая игрушка «Бегущий теленок» розовая  45 см
3216743242-q3Ao,45,74,74,ACTUAL,MAIN|ADDITIONAL|FILTERABLE|TITLE_LENGTH|FIRST_VIDEO_SIZE|FIRST_VIDEO_LENGTH|AVERAGE_VIDEO_SIZE|VIDEO_COUNT,Запчасть для ножеточки: нож из нержавеющей стали  190 мм
GYS-fq6f2z-1679789612,45,45,45,UPDATING,MAIN|ADDITIONAL|FILTERABLE|TITLE_LENGTH|DESCRIPTION_LENGTH|FIRST_VIDEO_SIZE|FIRST_VIDEO_LENGTH|AVERAGE_VIDEO_SIZE|VIDEO_COUNT,Игровой набор Дикие Скричеры Кибер Рэпидфлип Сангвинити S5  желтый
GYS-pun1uz-3920739455,45,72,72,ACTUAL,ADDITIONAL|FILTERABLE|TITLE_LENGTH|FIRST_VIDEO_SIZE|FIRST_VIDEO_LENGTH|AVERAGE_VIDEO_SIZE|VIDEO_COUNT,Масленка Elan Gallery «Сирень»  фарфоровая  с крышкой
GYS-pun1uz-4404504422,45,68,74,ACTUAL,ADDITIONAL|FILTERABLE|TITLE_LENGTH|FIRST_VIDEO_SIZE|FIRST_VIDEO_LENGTH|AVERAGE_VIDEO_SIZE|VIDEO_COUNT,Мольберт напольный каркасный для художника 60-250 см сосна
GYS-pun1uz-4653186758,45,74,74,ACTUAL,MAIN|ADDITIONAL|FILTERABLE|FIRST_VIDEO_SIZE|FIRST_VIDEO_LENGTH|AVERAGE_VIDEO_SIZE|VIDEO_COUNT,Очиститель воздуха для холодильника 13AC1503393_WG9  нейтрализация запахов
jz-43c4a1-4609221440,45,61,75,ACTUAL,MAIN|ADDITIONAL|FILTERABLE|PICTURE_COUNT|FIRST_VIDEO_SIZE|FIRST_VIDEO_LENGTH|AVERAGE_VIDEO_SIZE|VIDEO_COUNT,Мягкая игрушка Пикми Ugly Tooth Monster  бежевый волос  20 см
jz-63ha0a-3071109073,45,45,45,UPDATING,MAIN|FILTERABLE|PICTURE_COUNT|FIRST_PICTURE_SIZE|DESCRIPTION_LENGTH|FIRST_VIDEO_SIZE|FIRST_VIDEO_LENGTH|AVERAGE_VIDEO_SIZE|VIDEO_COUNT,Набор игровой полицейский с пистолетом  16 предметов  зелёный  50 см
jz-dh3dbz-4231938258,45,75,65,ACTUAL,MAIN|ADDITIONAL|FILTERABLE|TITLE_LENGTH|FIRST_VIDEO_SIZE|FIRST_VIDEO_LENGTH|AVERAGE_VIDEO_SIZE|VIDEO_COUNT,Судно для лежачих больных из ABS-пластика синее 400 г JZ-MQS837VD
jz-wfvstx-3992309918,45,75,76,ACTUAL,MAIN|ADDITIONAL|FILTERABLE|FIRST_VIDEO_SIZE|FIRST_VIDEO_LENGTH|AVERAGE_VIDEO_SIZE|VIDEO_COUNT,Комплект для пылесоса Dreame H13 Pro Plus Mix: фильтр HEPA H12 и двойная роликовая щётка  4 шт.
jz-ydp9z9-4146377526,45,45,49,ACTUAL,MAIN|FILTERABLE|TITLE_LENGTH|DESCRIPTION_LENGTH|FIRST_VIDEO_SIZE|FIRST_VIDEO_LENGTH|AVERAGE_VIDEO_SIZE|VIDEO_COUNT,
LZ-5wxmmp-4932040730,45,45,45,UPDATING,MAIN|ADDITIONAL|FILTERABLE|PICTURE_COUNT|TITLE_LENGTH|DESCRIPTION_LENGTH|FIRST_VIDEO_SIZE|FIRST_VIDEO_LENGTH|AVERAGE_VIDEO_SIZE|VIDEO_COUNT,Орден Георгиевский крест 3 степени  Российская империя  цинковый сплав  50 мм
LZ01-3411426486,45,70,74,ACTUAL,ADDITIONAL|FILTERABLE|TITLE_LENGTH|FIRST_VIDEO_SIZE|FIRST_VIDEO_LENGTH|AVERAGE_VIDEO_SIZE|VIDEO_COUNT,Аксессуар для хоккея  зелёный  детский  для тренировок
QZBHONG,45,65,69,ACTUAL,MAIN|ADDITIONAL|FILTERABLE|PICTURE_COUNT|TITLE_LENGTH,Набор из 10 гелевых ручек 0 5 мм  красные чернила  многоразовые
2025906111-kaUz,46,63,73,ACTUAL,ADDITIONAL|FILTERABLE|PICTURE_COUNT|TITLE_LENGTH|FIRST_VIDEO_SIZE|FIRST_VIDEO_LENGTH|AVERAGE_VIDEO_SIZE|VIDEO_COUNT,Насадка-концентратор для фена Laifen LF03/SE2
GYS-3027189554,46,74,74,ACTUAL,RECOGNIZED_VENDOR|MAIN|ADDITIONAL|FILTERABLE|FIRST_VIDEO_SIZE|FIRST_VIDEO_LENGTH|AVERAGE_VIDEO_SIZE|VIDEO_COUNT,Аккумулятор JY-FIRE 12V 4000mAh Ni-Mh для робота-пылесоса DE55  DM88  DG710  OZMO 901
GYS-fq6f2z-1679790067,46,46,46,UPDATING,MAIN|ADDITIONAL|FILTERABLE|TITLE_LENGTH|DESCRIPTION_LENGTH|FIRST_VIDEO_SIZE|FIRST_VIDEO_LENGTH|AVERAGE_VIDEO_SIZE|VIDEO_COUNT,Игровой набор Дикие Скричеры Кибер Рэпидфлип Мун Вульф S5  оранжевый
GYS-nznb1s-2811812904,46,60,65,ACTUAL,MAIN|ADDITIONAL|FILTERABLE|TITLE_LENGTH|FIRST_VIDEO_SIZE|FIRST_VIDEO_LENGTH|AVERAGE_VIDEO_SIZE|VIDEO_COUNT,Статуэтка керамическая бюст «Мыслители»  11.8 см  черный
GYS-nznb1s-3190708134,46,58,65,ACTUAL,MAIN|ADDITIONAL|FILTERABLE|TITLE_LENGTH|FIRST_VIDEO_SIZE|FIRST_VIDEO_LENGTH|AVERAGE_VIDEO_SIZE|VIDEO_COUNT,Статуэтка бюст Ретро-серебро 25 см ПВХ
GYS260905hopl-3457424224,46,72,62,ACTUAL,MAIN|ADDITIONAL|FILTERABLE|TITLE_LENGTH|FIRST_VIDEO_SIZE|FIRST_VIDEO_LENGTH|AVERAGE_VIDEO_SIZE|VIDEO_COUNT,Игровой набор Infinity Nado «Герой с поясом Трайб»  JZ-MTO9HOPC  серебристый
jz-bl4yse-4532615274,46,64,64,ACTUAL,MAIN|ADDITIONAL|FILTERABLE|TITLE_LENGTH|FIRST_VIDEO_SIZE|FIRST_VIDEO_LENGTH|AVERAGE_VIDEO_SIZE|VIDEO_COUNT,Блокнот А5 100 листов в линейку с резинкой розовый
jz-dyo0tp-4105697344,46,73,77,ACTUAL,ADDITIONAL|FILTERABLE|PICTURE_COUNT|TITLE_LENGTH|FIRST_VIDEO_SIZE|FIRST_VIDEO_LENGTH|AVERAGE_VIDEO_SIZE|VIDEO_COUNT,Полотенце детское банное из микрофибры 70x140 см белое
jz-hx866g-3520097565,46,75,75,ACTUAL,MAIN|ADDITIONAL|FIRST_VIDEO_SIZE|FIRST_VIDEO_LENGTH|AVERAGE_VIDEO_SIZE|VIDEO_COUNT,Набор для творчества «Светящийся мир: Динозавры» с ночником  RGB-подсветкой и кинетическим песком
jz-hx866g-3554887522,46,75,75,ACTUAL,MAIN|ADDITIONAL|FIRST_VIDEO_SIZE|FIRST_VIDEO_LENGTH|AVERAGE_VIDEO_SIZE|VIDEO_COUNT,Набор для творчества с LED-светильником  кинетическим песком и фигуркой единорога
jz-wfvstx-4233440884,46,62,66,ACTUAL,MAIN|ADDITIONAL|FILTERABLE|TITLE_LENGTH|FIRST_VIDEO_SIZE|FIRST_VIDEO_LENGTH|AVERAGE_VIDEO_SIZE|VIDEO_COUNT,Одноразовые мешки для пыли Roborock 6 шт.  белые
jz-wfvstx-4738023743,46,78,78,ACTUAL,MAIN|ADDITIONAL|FILTERABLE|FIRST_VIDEO_SIZE|FIRST_VIDEO_LENGTH|AVERAGE_VIDEO_SIZE|VIDEO_COUNT,Мешки для робота-пылесоса Roborock Qrevo Edge 2 / 2 Pro  15 шт.
jz-wfvstx-4818025314,46,68,72,ACTUAL,MAIN|ADDITIONAL|FILTERABLE|TITLE_LENGTH|FIRST_VIDEO_SIZE|FIRST_VIDEO_LENGTH|AVERAGE_VIDEO_SIZE|VIDEO_COUNT,Одноразовые мешки для пыли Roborock  8 шт.  белые
jz-wfvstx-5143700512,46,68,72,ACTUAL,MAIN|ADDITIONAL|FILTERABLE|TITLE_LENGTH|FIRST_VIDEO_SIZE|FIRST_VIDEO_LENGTH|AVERAGE_VIDEO_SIZE|VIDEO_COUNT,Сменные HEPA-фильтры для Roborock F25  12 шт.  класс H
jz-wfvstx-5710352754,46,77,78,ACTUAL,MAIN|ADDITIONAL|FILTERABLE|FIRST_VIDEO_SIZE|FIRST_VIDEO_LENGTH|AVERAGE_VIDEO_SIZE|VIDEO_COUNT,Мешок-пылесборник для робота-пылесоса Xiaomi Mijia 5C OV42CN  8 шт
LZ-f2484t-5213284651,46,46,46,UPDATING,MAIN|ADDITIONAL|FILTERABLE|TITLE_LENGTH|DESCRIPTION_LENGTH|FIRST_VIDEO_SIZE|FIRST_VIDEO_LENGTH|AVERAGE_VIDEO_SIZE|VIDEO_COUNT,Гибкий желейный конструктор 40 деталей  бирюзовый  для малышей
LZ01-2104735840,46,46,52,ACTUAL,ADDITIONAL|FILTERABLE|TITLE_LENGTH|DESCRIPTION_LENGTH|FIRST_VIDEO_SIZE|FIRST_VIDEO_LENGTH|AVERAGE_VIDEO_SIZE|VIDEO_COUNT,
2834263883-xx9p,47,63,71,ACTUAL,ADDITIONAL|FILTERABLE|PICTURE_COUNT|TITLE_LENGTH|FIRST_VIDEO_SIZE|FIRST_VIDEO_LENGTH|AVERAGE_VIDEO_SIZE|VIDEO_COUNT,Контейнер для пыли для робота-пылесоса Roborock S8  сменный
2888311204-kc2Y,47,66,73,ACTUAL,MAIN|ADDITIONAL|FILTERABLE|TITLE_LENGTH|FIRST_VIDEO_SIZE|FIRST_VIDEO_LENGTH|AVERAGE_VIDEO_SIZE|VIDEO_COUNT,Зеркало настенное "Винтажные зеркала"  фигурное  17 х 14 см
GYS-fq6f2z-3811952275,47,47,47,UPDATING,MAIN|ADDITIONAL|FILTERABLE|PICTURE_COUNT|FIRST_PICTURE_SIZE|TITLE_LENGTH|AVERAGE_PICTURE_SIZE|FIRST_VIDEO_SIZE|FIRST_VIDEO_LENGTH|AVERAGE_VIDEO_SIZE|VIDEO_COUNT,Робот игрушечный Турбо-Скричер Король перезарядившихся доспехов (рак)  синий
GYS-vhijp3-4281165900,47,72,75,ACTUAL,ADDITIONAL|FILTERABLE|TITLE_LENGTH|FIRST_VIDEO_SIZE|FIRST_VIDEO_LENGTH|AVERAGE_VIDEO_SIZE|VIDEO_COUNT,Чайная пара 80 мл  набор на 6 персон  керамика  синий
GYS-vhijp3-4281166066,47,72,72,ACTUAL,MAIN|ADDITIONAL|FILTERABLE|TITLE_LENGTH|FIRST_VIDEO_SIZE|FIRST_VIDEO_LENGTH|AVERAGE_VIDEO_SIZE|VIDEO_COUNT,Набор чашек с блюдцами 80 мл на 6 персон  керамика  зелёный
jz-2607281n44-3372240107,47,73,78,ACTUAL,ADDITIONAL|TITLE_LENGTH|FIRST_VIDEO_SIZE|FIRST_VIDEO_LENGTH|AVERAGE_VIDEO_SIZE|VIDEO_COUNT,Радиоприемник NNS6681  20 Вт  дерево  светло-коричневый
jz-2nf96y-4535688933,47,65,74,ACTUAL,MAIN|ADDITIONAL|FILTERABLE|FIRST_VIDEO_SIZE|FIRST_VIDEO_LENGTH|AVERAGE_VIDEO_SIZE|VIDEO_COUNT,Триммер для стрижки в носу и ушах с 3 насадками  аккумулятор  180 мин
jz-43c4a1-4160141158,47,75,76,ACTUAL,MAIN|ADDITIONAL|TITLE_LENGTH|FIRST_VIDEO_SIZE|FIRST_VIDEO_LENGTH|AVERAGE_VIDEO_SIZE|VIDEO_COUNT,Носок для собак XS  черный с логотипом-черепами  ZeeDog
jz-gjoym9-1595791996,47,67,67,ACTUAL,MAIN|ADDITIONAL|FILTERABLE|FIRST_VIDEO_SIZE|FIRST_VIDEO_LENGTH|AVERAGE_VIDEO_SIZE|VIDEO_COUNT,Гладилка стоматологическая двусторонняя широкая обратная (синяя) СТ-3
jz-gxi10h-769385871,47,63,74,ACTUAL,MAIN|ADDITIONAL|FILTERABLE|FIRST_VIDEO_SIZE|FIRST_VIDEO_LENGTH|AVERAGE_VIDEO_SIZE|VIDEO_COUNT,Сумка-рюкзак для художника 46×65 см  серая  для папок и эскизов формата A2
jz-gxi10h-769388082,47,63,74,ACTUAL,MAIN|ADDITIONAL|FILTERABLE|FIRST_VIDEO_SIZE|FIRST_VIDEO_LENGTH|AVERAGE_VIDEO_SIZE|VIDEO_COUNT,Сумка-рюкзак для художника  синяя  46x65 см  ткань  на молнии
jz-h9kp0m-2245932773,47,69,75,ACTUAL,ADDITIONAL|FILTERABLE|TITLE_LENGTH|FIRST_VIDEO_SIZE|FIRST_VIDEO_LENGTH|AVERAGE_VIDEO_SIZE|VIDEO_COUNT,Ваза стеклянная с косым горлышком  20.1 см  прозрачная
jz-tar3ab-3767636075,47,71,75,ACTUAL,MAIN|ADDITIONAL|TITLE_LENGTH|FIRST_VIDEO_SIZE|FIRST_VIDEO_LENGTH|AVERAGE_VIDEO_SIZE|VIDEO_COUNT,Поильник детский с трубочкой 650 мл  фиолетовый  3 штуки
jz-v6j4ej-4857882655,47,79,79,ACTUAL,ADDITIONAL|FILTERABLE|FIRST_VIDEO_SIZE|FIRST_VIDEO_LENGTH|AVERAGE_VIDEO_SIZE|VIDEO_COUNT,Многофункциональная швейцарская карта Victorinox SwissCard красный
jz-wfvstx-2832678484,47,70,73,ACTUAL,ADDITIONAL|FILTERABLE|TITLE_LENGTH|FIRST_VIDEO_SIZE|FIRST_VIDEO_LENGTH|AVERAGE_VIDEO_SIZE|VIDEO_COUNT,Одноразовые мешки для пыли Roborock  3 шт.
jz-wfvstx-4214221856,47,71,79,ACTUAL,MAIN|ADDITIONAL|FILTERABLE|PICTURE_COUNT|FIRST_VIDEO_SIZE|FIRST_VIDEO_LENGTH|AVERAGE_VIDEO_SIZE|VIDEO_COUNT,Салфетки для влажной уборки робота-пылесоса Roborock Q8 Max Pro  Q10 PF
LZ-00mkoz-3198759653,47,47,47,UPDATING,MAIN|ADDITIONAL|FILTERABLE|TITLE_LENGTH|DESCRIPTION_LENGTH|FIRST_VIDEO_SIZE|FIRST_VIDEO_LENGTH|AVERAGE_VIDEO_SIZE|VIDEO_COUNT,Шторка солнцезащитная на лобовое стекло 260х115 см  затемнение 80%
YCXP-l342yy-3198759653,47,47,47,UPDATING,MAIN|ADDITIONAL|FILTERABLE|TITLE_LENGTH|DESCRIPTION_LENGTH|FIRST_VIDEO_SIZE|FIRST_VIDEO_LENGTH|AVERAGE_VIDEO_SIZE|VIDEO_COUNT,Шторка солнцезащитная на лобовое стекло 260x115 см  затемнение 80%  оранжевая
2627544436-BuYA,48,60,60,ACTUAL,MAIN|ADDITIONAL|FILTERABLE|TITLE_LENGTH|FIRST_VIDEO_SIZE|FIRST_VIDEO_LENGTH|AVERAGE_VIDEO_SIZE|VIDEO_COUNT,Воздуходувка портативная аккумуляторная ручная белая 180 Вт
2876990874-p2A1,48,72,76,ACTUAL,ADDITIONAL|FILTERABLE|FIRST_VIDEO_SIZE|FIRST_VIDEO_LENGTH|AVERAGE_VIDEO_SIZE|VIDEO_COUNT,Адвент календарь новогодний с подарками для девочек  27 ячеек
GYS-8jlgyl-5123964207,48,78,68,ACTUAL,MAIN|ADDITIONAL|FILTERABLE|TITLE_LENGTH|FIRST_VIDEO_SIZE|FIRST_VIDEO_LENGTH|AVERAGE_VIDEO_SIZE|VIDEO_COUNT,Видеорегистратор 360 панорамный с пятью камерами и ночным видением JLY
GYS-8jlgyl-5393650540,48,76,76,ACTUAL,MAIN|ADDITIONAL|FILTERABLE|TITLE_LENGTH|FIRST_VIDEO_SIZE|FIRST_VIDEO_LENGTH|AVERAGE_VIDEO_SIZE|VIDEO_COUNT,Озонатор 270330 для помещений до 40 м²  белый
jz-260815v031-311932891,48,69,73,ACTUAL,ADDITIONAL|FILTERABLE|PICTURE_COUNT|TITLE_LENGTH|FIRST_VIDEO_SIZE|FIRST_VIDEO_LENGTH|AVERAGE_VIDEO_SIZE|VIDEO_COUNT,Утяжелители для скатерти «Сердечки»  4 штуки  серый
jz-2nf96y-3798902520,48,65,75,ACTUAL,MAIN|ADDITIONAL|FIRST_VIDEO_SIZE|FIRST_VIDEO_LENGTH|AVERAGE_VIDEO_SIZE|VIDEO_COUNT,Открывалка для бутылок в форме баскетбольной площадки
jz-93mo1m-5001837159,48,48,48,ACTUAL,MAIN|ADDITIONAL|FILTERABLE|DESCRIPTION_LENGTH|FIRST_VIDEO_SIZE|FIRST_VIDEO_LENGTH|AVERAGE_VIDEO_SIZE|VIDEO_COUNT,
jz-93mo1m-5023243114,48,75,75,ACTUAL,MAIN|ADDITIONAL|FIRST_VIDEO_SIZE|FIRST_VIDEO_LENGTH|AVERAGE_VIDEO_SIZE|VIDEO_COUNT,Микроскоп лупа детский карманный электронный с подсветкой для школьных опытов
jz-93mo1m-5023414001,48,75,65,ACTUAL,MAIN|ADDITIONAL|TITLE_LENGTH|FIRST_VIDEO_SIZE|FIRST_VIDEO_LENGTH|AVERAGE_VIDEO_SIZE|VIDEO_COUNT,Детский цифровой микроскоп лупа карманный портативный с подсветкой 5023414001
jz-93mo1m-5023452799,48,75,75,ACTUAL,MAIN|ADDITIONAL|FIRST_VIDEO_SIZE|FIRST_VIDEO_LENGTH|AVERAGE_VIDEO_SIZE|VIDEO_COUNT,Портативный цифровой микроскоп с увеличением 1000x  карманный  желтый
jz-fq6fzb-3761980623,48,74,78,ACTUAL,MAIN|ADDITIONAL|FILTERABLE|FIRST_VIDEO_SIZE|FIRST_VIDEO_LENGTH|AVERAGE_VIDEO_SIZE|VIDEO_COUNT,Электробритва мужская сеточная cxz157  6 бреющих головок  USB  синий
jz-mn9jc2-3372111782,48,71,71,ACTUAL,MAIN|ADDITIONAL|FILTERABLE|FIRST_VIDEO_SIZE|FIRST_VIDEO_LENGTH|AVERAGE_VIDEO_SIZE|VIDEO_COUNT,Волчок Инфинити Надо Трайб Классик Thunder Shadow Hunter фиолетовый
jz-mn9jc2-4280068659,48,78,78,ACTUAL,MAIN|ADDITIONAL|FILTERABLE|FIRST_VIDEO_SIZE|FIRST_VIDEO_LENGTH|AVERAGE_VIDEO_SIZE|VIDEO_COUNT,Шпионские очки ночного видения для детей  игрушка для секретных миссий
LZ-00mkoz-2992061228,48,48,48,UPDATING,MAIN|ADDITIONAL|FILTERABLE|DESCRIPTION_LENGTH|FIRST_VIDEO_SIZE|FIRST_VIDEO_LENGTH|AVERAGE_VIDEO_SIZE|VIDEO_COUNT,3 прозрачных мешка для хранения пряжи  органайзер с ручками
LZ-o5ajbj-5303279152,48,77,77,ACTUAL,ADDITIONAL|FILTERABLE|TITLE_LENGTH|FIRST_VIDEO_SIZE|FIRST_VIDEO_LENGTH|AVERAGE_VIDEO_SIZE|VIDEO_COUNT,Полка MIXPOT на рейлинг прямая 28х11х4 см  2 шт.
SF2608248fhz-3980709074,48,68,69,ACTUAL,MAIN|ADDITIONAL|FILTERABLE|TITLE_LENGTH|FIRST_VIDEO_LENGTH,Плюшевая игрушка бегущая красная панда черно-белый 45 см
YCXP-l342yy-2992061228,48,48,48,UPDATING,MAIN|ADDITIONAL|FILTERABLE|DESCRIPTION_LENGTH|FIRST_VIDEO_SIZE|FIRST_VIDEO_LENGTH|AVERAGE_VIDEO_SIZE|VIDEO_COUNT,Прозрачный мешок для хранения пряжи  органайзер  3 шт.
2926949736-nJ5T,49,66,66,ACTUAL,MAIN|ADDITIONAL|TITLE_LENGTH|FIRST_VIDEO_SIZE|FIRST_VIDEO_LENGTH|AVERAGE_VIDEO_SIZE|VIDEO_COUNT,Тюбинг надувной круглый 90 см  ПВХ  светло-синий  для детей
3068578765-nBcq,49,73,79,ACTUAL,MAIN|ADDITIONAL|FILTERABLE|FIRST_VIDEO_SIZE|FIRST_VIDEO_LENGTH|AVERAGE_VIDEO_SIZE|VIDEO_COUNT,Ручка шариковая MUJI minipen  синие чернила  толщина линии 0.5 мм
GYS-fq6f2z-2491004374,49,71,71,ACTUAL,MAIN|ADDITIONAL|FILTERABLE|TITLE_LENGTH|FIRST_VIDEO_SIZE|FIRST_VIDEO_LENGTH|AVERAGE_VIDEO_SIZE|VIDEO_COUNT,Бластер лазертаг детское игрушечное оружие синий с мишенью
GYS-pun1uz-4189396833,49,68,72,ACTUAL,ADDITIONAL|FILTERABLE|TITLE_LENGTH|FIRST_VIDEO_SIZE|FIRST_VIDEO_LENGTH|AVERAGE_VIDEO_SIZE|VIDEO_COUNT,Бигуди мягкие сатиновые  диаметр 30 мм  1 шт.  черные
jz-260803a2lr-1468004652,49,49,49,ACTUAL,MAIN|TITLE_LENGTH|DESCRIPTION_LENGTH|FIRST_VIDEO_SIZE|FIRST_VIDEO_LENGTH|AVERAGE_VIDEO_SIZE|VIDEO_COUNT,
jz-2nf96y-4227173297,49,70,70,ACTUAL,ADDITIONAL|FILTERABLE|TITLE_LENGTH|FIRST_VIDEO_SIZE|FIRST_VIDEO_LENGTH|AVERAGE_VIDEO_SIZE|VIDEO_COUNT,Садовая фигурка бронзового цвета для газона 50x123 см
jz-43c4a1-4374135971,49,64,69,ACTUAL,MAIN|ADDITIONAL|FILTERABLE|TITLE_LENGTH|FIRST_VIDEO_SIZE|FIRST_VIDEO_LENGTH|AVERAGE_VIDEO_SIZE|VIDEO_COUNT,Наволочка из бархата 45x45 см с вышивкой  темно-зеленый
jz-79kd0n-4196907292,49,68,72,ACTUAL,ADDITIONAL|FILTERABLE|PICTURE_COUNT|TITLE_LENGTH|FIRST_VIDEO_SIZE|FIRST_VIDEO_LENGTH|AVERAGE_VIDEO_SIZE|VIDEO_COUNT,Тесьма декоративная акриловая "Ромашка" многоцветная 1 м
jz-tar3ab-4328903874,49,70,76,ACTUAL,ADDITIONAL|FILTERABLE|TITLE_LENGTH|FIRST_VIDEO_SIZE|FIRST_VIDEO_LENGTH|AVERAGE_VIDEO_SIZE|VIDEO_COUNT,Поильник детский с дизайном «Автобус»  500 мл  голубой
jz-wfvstx-3024336977,49,77,78,ACTUAL,MAIN|ADDITIONAL|FILTERABLE|FIRST_VIDEO_SIZE|FIRST_VIDEO_LENGTH|AVERAGE_VIDEO_SIZE|VIDEO_COUNT,Салфетки для влажной уборки для робота-пылесоса Midea V15 Pro  6 шт.
jz-wfvstx-4342582697,49,67,68,ACTUAL,MAIN|ADDITIONAL|FILTERABLE|TITLE_LENGTH|FIRST_VIDEO_SIZE|FIRST_VIDEO_LENGTH|AVERAGE_VIDEO_SIZE|VIDEO_COUNT,Мешок-пылесборник 8 шт для робота-пылесоса Midea V15
jz-wfvstx-5455283089,49,78,78,ACTUAL,MAIN|ADDITIONAL|FILTERABLE|FIRST_VIDEO_SIZE|FIRST_VIDEO_LENGTH|AVERAGE_VIDEO_SIZE|VIDEO_COUNT,Комплект аксессуаров для робота-пылесоса Roborock Qrevo Edge 2/2Pro  5 шт
jz-wfvstx-5646262870,49,75,79,ACTUAL,MAIN|ADDITIONAL|FILTERABLE|PICTURE_COUNT|FIRST_VIDEO_SIZE|FIRST_VIDEO_LENGTH|AVERAGE_VIDEO_SIZE|VIDEO_COUNT,Комплект мешков для пыли PDB 5002 для роботов-пылесосов Polaris  3 шт.
LZ-5wxmmp-4386949796,49,75,75,ACTUAL,MAIN|ADDITIONAL|FILTERABLE|FIRST_VIDEO_SIZE|FIRST_VIDEO_LENGTH|AVERAGE_VIDEO_SIZE|VIDEO_COUNT,Ящик для хранения аксессуаров 24 7 x 13 x 4 см  бирюзовый  пластик
LZ-o5ajbj-5110638746,49,75,75,ACTUAL,MAIN|ADDITIONAL|FIRST_VIDEO_SIZE|FIRST_VIDEO_LENGTH|AVERAGE_VIDEO_SIZE|VIDEO_COUNT,Конструктор пластиковый «Кролик Джуди и лис Ник»  11000 деталей  36 см
LZ-qtsoul-4738816474,49,79,79,ACTUAL,MAIN|ADDITIONAL|FIRST_VIDEO_SIZE|FIRST_VIDEO_LENGTH|AVERAGE_VIDEO_SIZE|VIDEO_COUNT,Карбюратор двухтопливный газ-бензин для двигателей 182F  188F  190F  192F  GX-390/GX-420
LZ01-3490120309,49,67,67,ACTUAL,MAIN|ADDITIONAL|FILTERABLE|PICTURE_COUNT|TITLE_LENGTH|FIRST_VIDEO_SIZE|FIRST_VIDEO_LENGTH|AVERAGE_VIDEO_SIZE|VIDEO_COUNT,Мягкая игрушка Bee Swarm Simulator  животная форма  чёрная  14 см
manlmst3xzxjyvwtrwtj,49,78,74,ACTUAL,MAIN|ADDITIONAL|TITLE_LENGTH|FIRST_VIDEO_SIZE|FIRST_VIDEO_LENGTH|AVERAGE_VIDEO_SIZE|VIDEO_COUNT,Ручка шариковая MUJI Mini Pen  толщина линии 0.5 мм  розово-красная
SF2608248fhz-3032389096,49,79,79,ACTUAL,MAIN|ADDITIONAL|FILTERABLE|FIRST_VIDEO_LENGTH,Интерактивная мягкая игрушка "Бегущий теленок"  плюш  45 см  кремовый
WUYIN-CHENG,49,70,76,ACTUAL,MAIN|ADDITIONAL|FILTERABLE|FIRST_VIDEO_SIZE|FIRST_VIDEO_LENGTH|AVERAGE_VIDEO_SIZE|VIDEO_COUNT,Ручка шариковая MUJI minipen  0.5 мм  оранжевый корпус  длина 168 мм
WUYIN-FEN,49,73,79,ACTUAL,MAIN|ADDITIONAL|FILTERABLE|FIRST_VIDEO_SIZE|FIRST_VIDEO_LENGTH|AVERAGE_VIDEO_SIZE|VIDEO_COUNT,Шариковая ручка MUJI minipen  0.5 мм  розовый корпус  длина 168 мм
WUYIN-QING,49,73,79,ACTUAL,MAIN|ADDITIONAL|FILTERABLE|FIRST_VIDEO_SIZE|FIRST_VIDEO_LENGTH|AVERAGE_VIDEO_SIZE|VIDEO_COUNT,Ручка шариковая MUJI minipen  0.5 мм  бирюзовый корпус  зелёные чернила
WUYIN-SHENLAN,49,57,63,ACTUAL,MAIN|ADDITIONAL|FILTERABLE|TITLE_LENGTH|FIRST_VIDEO_SIZE|FIRST_VIDEO_LENGTH|AVERAGE_VIDEO_SIZE|VIDEO_COUNT,Ручка шариковая MUJI minipen  0.5 мм  тёмно-синий  1 шт
WUYIN-SHENLV,49,68,74,ACTUAL,MAIN|ADDITIONAL|TITLE_LENGTH|FIRST_VIDEO_SIZE|FIRST_VIDEO_LENGTH|AVERAGE_VIDEO_SIZE|VIDEO_COUNT,Шариковая ручка MUJI minipen  0.5 мм  зеленый корпус
WUYIN-ZHONG,49,73,69,ACTUAL,MAIN|ADDITIONAL|FILTERABLE|TITLE_LENGTH|FIRST_VIDEO_SIZE|FIRST_VIDEO_LENGTH|AVERAGE_VIDEO_SIZE|VIDEO_COUNT,MUJI Набор ручек шариковая  толщина линии 0.5 мм  коричневые чернила  0.7 мм
3077126256-VcEW,50,73,74,ACTUAL,MAIN|ADDITIONAL|FILTERABLE|FIRST_VIDEO_SIZE|FIRST_VIDEO_LENGTH|AVERAGE_VIDEO_SIZE|VIDEO_COUNT,Лампа для маникюра LED/UV 54 Вт розовая с сенсорным включением и дисплеем
3170066140-FR1M,50,62,69,ACTUAL,ADDITIONAL|FILTERABLE|TITLE_LENGTH|FIRST_VIDEO_SIZE|FIRST_VIDEO_LENGTH|AVERAGE_VIDEO_SIZE|VIDEO_COUNT,Картридж для перьевой ручки  черный  3 4 мм  100 шт.
GYS-2645129103,50,68,68,ACTUAL,MAIN|ADDITIONAL|FILTERABLE|TITLE_LENGTH|FIRST_VIDEO_SIZE|FIRST_VIDEO_LENGTH|AVERAGE_VIDEO_SIZE|VIDEO_COUNT,Озонатор JnEsFnFn настольный для помещений  белый
GYS-8jlgyl-5128539532,50,72,74,ACTUAL,ADDITIONAL|FILTERABLE|TITLE_LENGTH|FIRST_VIDEO_SIZE|FIRST_VIDEO_LENGTH|AVERAGE_VIDEO_SIZE|VIDEO_COUNT,Жидкая резина в виде геля  180 мл  3 штуки  черная
GYS-pun1uz-4423652933,50,70,70,ACTUAL,MAIN|ADDITIONAL|FILTERABLE|TITLE_LENGTH|FIRST_VIDEO_SIZE|FIRST_VIDEO_LENGTH|AVERAGE_VIDEO_SIZE|VIDEO_COUNT,Фотоэпилятор Lumari для всего тела  600-1200 нм  белый
GYS-vhijp3-4374950913,50,76,76,ACTUAL,ADDITIONAL|FILTERABLE|TITLE_LENGTH|FIRST_VIDEO_SIZE|FIRST_VIDEO_LENGTH|AVERAGE_VIDEO_SIZE|VIDEO_COUNT,Чайная пара 100 мл набор 6 шт. керамика жёлтый
GYS26091052hw-3517237658,50,71,71,ACTUAL,ADDITIONAL|FILTERABLE|TITLE_LENGTH|FIRST_VIDEO_SIZE|FIRST_VIDEO_LENGTH|AVERAGE_VIDEO_SIZE|VIDEO_COUNT,Кронштейн для кашпо Собака 300х200 мм  черный матовый
jz-1dahrv-3965431701,50,67,76,ACTUAL,MAIN|ADDITIONAL|FILTERABLE|FIRST_VIDEO_SIZE|FIRST_VIDEO_LENGTH|AVERAGE_VIDEO_SIZE|VIDEO_COUNT,Аксессуар для робота-пылесоса Xiaomi Mijia Robot Vacuum M40 (D110CN)  фильтр HEPA и боковые щётки  8 шт.
jz-260622urze-4717121614,50,70,70,UPDATING,MAIN|ADDITIONAL|FILTERABLE|FIRST_PICTURE_SIZE|FIRST_VIDEO_SIZE|AVERAGE_VIDEO_SIZE,Винтажная сумка в минималистичном стиле с плечевым ремнем  коричневая
jz-260816bapr-2138465258,50,74,79,ACTUAL,ADDITIONAL|FILTERABLE|FIRST_VIDEO_SIZE|FIRST_VIDEO_LENGTH|AVERAGE_VIDEO_SIZE|VIDEO_COUNT,Салфетки для влажной уборки робота-пылесоса Roborock Q Revo Curv / Q Revo Edge  24 шт
jz-260818uib8-5437511142,50,76,76,ACTUAL,MAIN|ADDITIONAL|TITLE_LENGTH|FIRST_VIDEO_SIZE|AVERAGE_VIDEO_SIZE,Подушка автомобильная на подголовник  1 шт.
jz-43c4a1-3852712423,50,79,75,ACTUAL,ADDITIONAL|FILTERABLE|TITLE_LENGTH|FIRST_VIDEO_SIZE|FIRST_VIDEO_LENGTH|AVERAGE_VIDEO_SIZE|VIDEO_COUNT,Тактический городской рюкзак военно-зеленый  48х14х10 см  для девочек
jz-43c4a1-4528326193,50,50,50,ACTUAL,MAIN|ADDITIONAL|FILTERABLE|DESCRIPTION_LENGTH|FIRST_VIDEO_SIZE|FIRST_VIDEO_LENGTH|AVERAGE_VIDEO_SIZE|VIDEO_COUNT,
jz-wfvstx-3072970919,50,69,79,ACTUAL,MAIN|ADDITIONAL|FILTERABLE|PICTURE_COUNT|FIRST_VIDEO_SIZE|FIRST_VIDEO_LENGTH|AVERAGE_VIDEO_SIZE|VIDEO_COUNT,Аксессуар для робота-пылесоса Xiaomi Mijia M30S D103CN  фильтр и мешки для пыли  9 шт
jz-wfvstx-3255386961,50,78,78,ACTUAL,MAIN|ADDITIONAL|FILTERABLE|FIRST_VIDEO_SIZE|FIRST_VIDEO_LENGTH|AVERAGE_VIDEO_SIZE|VIDEO_COUNT,Мешки-пылесборники для робота-пылесоса Midea VCR V15 Pro Ultra  8 шт.
jz-wfvstx-3654907957,50,50,50,ACTUAL,MAIN|ADDITIONAL|FILTERABLE|DESCRIPTION_LENGTH|FIRST_VIDEO_SIZE|FIRST_VIDEO_LENGTH|AVERAGE_VIDEO_SIZE|VIDEO_COUNT,
jz-wfvstx-3654946834,50,70,70,ACTUAL,MAIN|ADDITIONAL|FILTERABLE|TITLE_LENGTH|FIRST_VIDEO_SIZE|FIRST_VIDEO_LENGTH|AVERAGE_VIDEO_SIZE|VIDEO_COUNT,Одноразовые мешки для пыли Roborock  20 шт.
jz-wfvstx-5706048847,50,74,74,ACTUAL,MAIN|ADDITIONAL|FILTERABLE|FIRST_VIDEO_SIZE|FIRST_VIDEO_LENGTH|AVERAGE_VIDEO_SIZE|VIDEO_COUNT,Фильтр HEPA для робота-пылесоса Xiaomi Robot Vacuum M30S (D103CN)  10 шт.
LZ-00mkoz-2371766204,50,50,50,UPDATING,FILTERABLE|TITLE_LENGTH|DESCRIPTION_LENGTH|FIRST_VIDEO_SIZE|FIRST_VIDEO_LENGTH|AVERAGE_VIDEO_SIZE|VIDEO_COUNT,Пенал-косметичка для девочки фиолетовый  оксфорд 210  прямоугольный  2 отделения
LZ-00mkoz-3506737282,50,50,50,UPDATING,MAIN|ADDITIONAL|FILTERABLE|TITLE_LENGTH|DESCRIPTION_LENGTH|FIRST_VIDEO_SIZE|FIRST_VIDEO_LENGTH|AVERAGE_VIDEO_SIZE|VIDEO_COUNT,Игрушка для собак плюшевая серая 50 см с пищалкой для снятия стресса
LZ01-3294539199,50,59,70,ACTUAL,ADDITIONAL|FILTERABLE|PICTURE_COUNT|TITLE_LENGTH|FIRST_VIDEO_SIZE|FIRST_VIDEO_LENGTH|AVERAGE_VIDEO_SIZE|VIDEO_COUNT,Датчик давления воздуха для Zotye T600
manl73d0b888uk031ty7,50,79,79,ACTUAL,MAIN|ADDITIONAL|FILTERABLE|FIRST_VIDEO_SIZE|FIRST_VIDEO_LENGTH|AVERAGE_VIDEO_SIZE|VIDEO_COUNT,Косметическое зеркало с гравировкой имени  персональный подарок маме на День матери
YCXP-l342yy-2371766204,50,50,50,UPDATING,FILTERABLE|TITLE_LENGTH|DESCRIPTION_LENGTH|FIRST_VIDEO_SIZE|FIRST_VIDEO_LENGTH|AVERAGE_VIDEO_SIZE|VIDEO_COUNT,Пенал-косметичка для девочки Oxford 210 фиолетовый  2 отделения
YCXP-l342yy-3506737282,50,50,50,UPDATING,MAIN|ADDITIONAL|FILTERABLE|TITLE_LENGTH|DESCRIPTION_LENGTH|FIRST_VIDEO_SIZE|FIRST_VIDEO_LENGTH|AVERAGE_VIDEO_SIZE|VIDEO_COUNT,Игрушка для собак плюшевая серая 50 см для снятия стресса
zm-ahhnb4-5272186384,50,72,72,ACTUAL,MAIN|ADDITIONAL|FILTERABLE|TITLE_LENGTH|FIRST_VIDEO_SIZE|FIRST_VIDEO_LENGTH|AVERAGE_VIDEO_SIZE|VIDEO_COUNT,Фильтр HEPA для робота-пылесоса Xiaomi  Mijia  Viomi  2 шт
3021260148-7hmv,51,72,78,ACTUAL,MAIN|ADDITIONAL|FILTERABLE|FIRST_VIDEO_SIZE|FIRST_VIDEO_LENGTH|AVERAGE_VIDEO_SIZE|VIDEO_COUNT,Терморегулятор Thermex Octagon Wi-Fi с гигрометром и датчиком освещённости
GYS-8jlgyl-3541358371,51,74,74,ACTUAL,ADDITIONAL|FILTERABLE|TITLE_LENGTH|FIRST_VIDEO_SIZE|FIRST_VIDEO_LENGTH|AVERAGE_VIDEO_SIZE|VIDEO_COUNT,LED маска для лица с миостимуляцией  9 режимов  белая
GYS-fq6f2z-4424388728,51,51,51,UPDATING,MAIN|ADDITIONAL|FILTERABLE|DESCRIPTION_LENGTH|FIRST_VIDEO_SIZE|FIRST_VIDEO_LENGTH|AVERAGE_VIDEO_SIZE|VIDEO_COUNT,Кожаный пенал-футляр CF9111  натуральная кожа  одно отделение
GYS2608211lve-5509560114,51,76,76,ACTUAL,ADDITIONAL|TITLE_LENGTH|FIRST_VIDEO_SIZE|FIRST_VIDEO_LENGTH|AVERAGE_VIDEO_SIZE|VIDEO_COUNT,Оплетка на руль 39 см  экокожа  цвет хаки  1 шт.
GYS2608211lve-5509560591,51,74,74,ACTUAL,ADDITIONAL|FILTERABLE|TITLE_LENGTH|FIRST_VIDEO_SIZE|FIRST_VIDEO_LENGTH|AVERAGE_VIDEO_SIZE|VIDEO_COUNT,Оплетка на руль из экокожи  диаметр 39 см  черная  1 шт
jz-1dahrv-4516270651,51,68,68,ACTUAL,MAIN|ADDITIONAL|FILTERABLE|TITLE_LENGTH|FIRST_VIDEO_SIZE|FIRST_VIDEO_LENGTH|AVERAGE_VIDEO_SIZE|VIDEO_COUNT,Фильтр HEPA для робота-пылесоса Midea V15  6 шт.
jz-260624fwg3-4736592704,51,61,69,ACTUAL,MAIN|ADDITIONAL|FILTERABLE|PICTURE_COUNT|TITLE_LENGTH|FIRST_VIDEO_SIZE|FIRST_VIDEO_LENGTH|AVERAGE_VIDEO_SIZE|VIDEO_COUNT,Пряжа кид мохер для ручного вязания  4 мотка  белый  260 м
jz-260803cn42-5219379347,51,66,76,ACTUAL,ADDITIONAL|PICTURE_COUNT|TITLE_LENGTH|FIRST_VIDEO_SIZE|FIRST_VIDEO_LENGTH|AVERAGE_VIDEO_SIZE|VIDEO_COUNT,Заколка для волос бархатная с бантиком 200 шт.  черный муар
jz-260803cn42-5219379351,51,66,76,ACTUAL,ADDITIONAL|PICTURE_COUNT|TITLE_LENGTH|FIRST_VIDEO_SIZE|FIRST_VIDEO_LENGTH|AVERAGE_VIDEO_SIZE|VIDEO_COUNT,Заколка для волос белая с бантом и звёздами  вечерний стиль
jz-33hanu-3372277031,51,74,74,ACTUAL,MAIN|ADDITIONAL|FILTERABLE|FIRST_VIDEO_SIZE|FIRST_VIDEO_LENGTH|AVERAGE_VIDEO_SIZE|VIDEO_COUNT,Волчок для баттла с пускателем Fiery Blast Wheel  бежевый и коричневый
jz-63ha0a-2990555919,51,51,51,UPDATING,MAIN|ADDITIONAL|FILTERABLE|DESCRIPTION_LENGTH|FIRST_VIDEO_SIZE|FIRST_VIDEO_LENGTH|AVERAGE_VIDEO_SIZE|VIDEO_COUNT,Интерактивный тренажер для бокса с датчиком касаний  музыкальный
jz-79kd0n-3004488665,51,70,74,ACTUAL,ADDITIONAL|FILTERABLE|PICTURE_COUNT|TITLE_LENGTH|FIRST_VIDEO_SIZE|FIRST_VIDEO_LENGTH|AVERAGE_VIDEO_SIZE|VIDEO_COUNT,Тесьма «Ромашка» акриловая розовая 3 м
jz-79kd0n-4196840636,51,74,78,ACTUAL,ADDITIONAL|FILTERABLE|PICTURE_COUNT|FIRST_VIDEO_SIZE|FIRST_VIDEO_LENGTH|AVERAGE_VIDEO_SIZE|VIDEO_COUNT,Тесьма «Ромашка» разноцветная с цветочным мотивом  1 м  ширина 2 5 см
jz-79kd0n-4197089246,51,70,74,ACTUAL,ADDITIONAL|FILTERABLE|PICTURE_COUNT|TITLE_LENGTH|FIRST_VIDEO_SIZE|FIRST_VIDEO_LENGTH|AVERAGE_VIDEO_SIZE|VIDEO_COUNT,Тесьма декоративная «Ромашка» акриловая многоцветная 1 м
jz-mn9jc2-4882873805,51,69,70,ACTUAL,MAIN|ADDITIONAL|FILTERABLE|FIRST_VIDEO_SIZE|FIRST_VIDEO_LENGTH|AVERAGE_VIDEO_SIZE|VIDEO_COUNT,Лук со стрелами на присосках с мишенью и подсветкой  10 стрел  синий
jz-tar3ab-4272365909,51,70,75,ACTUAL,MAIN|ADDITIONAL|TITLE_LENGTH|FIRST_VIDEO_SIZE|FIRST_VIDEO_LENGTH|AVERAGE_VIDEO_SIZE|VIDEO_COUNT,Поильник детский BZ001  300 мл  светло-синий  с 6 месяцев
jz-wfvstx-3482246636,51,77,78,ACTUAL,MAIN|ADDITIONAL|FILTERABLE|FIRST_VIDEO_SIZE|FIRST_VIDEO_LENGTH|AVERAGE_VIDEO_SIZE|VIDEO_COUNT,Мешок-пылесборник для робота-пылесоса 360 S8 / R2 Plus  6 шт.
LZ-00mkoz-3119072834,51,51,51,UPDATING,MAIN|FILTERABLE|FIRST_PICTURE_SIZE|TITLE_LENGTH|DESCRIPTION_LENGTH|FIRST_VIDEO_SIZE|FIRST_VIDEO_LENGTH|AVERAGE_VIDEO_SIZE|VIDEO_COUNT,Нарукавники садовые защитные 40 см  лён  серый  2 шт
LZ-o5ajbj-5091961052,51,70,70,ACTUAL,MAIN|ADDITIONAL|FILTERABLE|TITLE_LENGTH|FIRST_VIDEO_SIZE|FIRST_VIDEO_LENGTH|AVERAGE_VIDEO_SIZE|VIDEO_COUNT,Радиоуправляемый дельфин 35 см  серый металлик
LZ01-3447837791,51,79,79,ACTUAL,MAIN|ADDITIONAL|FILTERABLE|FIRST_VIDEO_SIZE|FIRST_VIDEO_LENGTH|AVERAGE_VIDEO_SIZE|VIDEO_COUNT,Фигурка Цукисимы Кэя из аниме Haikyuu  коллекционная статуэтка 18 см
SF2608248fhz-3732513153,51,67,74,ACTUAL,MAIN|ADDITIONAL|FILTERABLE|TITLE_LENGTH|FIRST_VIDEO_LENGTH,Мягкая игрушка Зайка розовый 25 см искусственная шерсть
2723486462-UQQw,52,73,74,ACTUAL,ADDITIONAL|FILTERABLE|TITLE_LENGTH|FIRST_VIDEO_SIZE|FIRST_VIDEO_LENGTH|AVERAGE_VIDEO_SIZE|VIDEO_COUNT,Панель для хранения торцевых головок TT-80  80 шт.  синий
GYS-8jlgyl-3212276089,52,65,65,ACTUAL,MAIN|ADDITIONAL|TITLE_LENGTH|FIRST_VIDEO_SIZE|FIRST_VIDEO_LENGTH|AVERAGE_VIDEO_SIZE|VIDEO_COUNT,Проектор на лобовое стекло A8  5 Вт  USB  OBD2  черный
GYS-8jlgyl-4376827725,52,73,76,ACTUAL,MAIN|ADDITIONAL|FIRST_VIDEO_SIZE|FIRST_VIDEO_LENGTH|AVERAGE_VIDEO_SIZE|VIDEO_COUNT,Бинокулярная лупа с подсветкой 5x налобная с корректирующими линзами
GYS-pun1uz-4074674320,52,71,73,ACTUAL,MAIN|ADDITIONAL|FILTERABLE|TITLE_LENGTH|FIRST_VIDEO_SIZE|FIRST_VIDEO_LENGTH|AVERAGE_VIDEO_SIZE|VIDEO_COUNT,Тарелка десертная "Парижские коты" 19 см фарфор 1 шт белый
GYS-pun1uz-4306713357,52,69,70,ACTUAL,MAIN|ADDITIONAL|FILTERABLE|TITLE_LENGTH|FIRST_VIDEO_SIZE|FIRST_VIDEO_LENGTH|AVERAGE_VIDEO_SIZE|VIDEO_COUNT,Кружка Elan Gallery «Британская утка»  400 мл  2 шт.
GYS-vhijp3-5421463300,52,72,73,ACTUAL,MAIN|ADDITIONAL|FILTERABLE|TITLE_LENGTH|FIRST_VIDEO_SIZE|FIRST_VIDEO_LENGTH|AVERAGE_VIDEO_SIZE|VIDEO_COUNT,Тарелка керамическая 20 см 1 шт зеленый
jz-43c4a1-4931110117,52,75,75,ACTUAL,MAIN|ADDITIONAL|TITLE_LENGTH|FIRST_VIDEO_SIZE|FIRST_VIDEO_LENGTH|AVERAGE_VIDEO_SIZE|VIDEO_COUNT,M-VAVE FM-1 портативный FM-синтезатор  32 алгоритма  128 пресетов  6 эффектов  секвенсор  арпеджиатор  Bluetooth MIDI  белый
jz-74no4j-2204203437,52,76,67,ACTUAL,MAIN|ADDITIONAL|TITLE_LENGTH|FIRST_VIDEO_SIZE|FIRST_VIDEO_LENGTH|AVERAGE_VIDEO_SIZE|VIDEO_COUNT,Стельки для обуви ортопедические анатомические  1 шт  размер 44
ZS260824s0qp-1263028260,52,68,68,ACTUAL,MAIN|ADDITIONAL|FILTERABLE|TITLE_LENGTH|FIRST_VIDEO_SIZE|FIRST_VIDEO_LENGTH|AVERAGE_VIDEO_SIZE|VIDEO_COUNT,Мягкая игрушка кошка полосатая большая 70 см коричневая
ZS260824s0qp-1263029450,52,68,68,ACTUAL,MAIN|ADDITIONAL|FILTERABLE|TITLE_LENGTH|FIRST_VIDEO_SIZE|FIRST_VIDEO_LENGTH|AVERAGE_VIDEO_SIZE|VIDEO_COUNT,Мягкая игрушка котик полосатик  33 см  светло-розовый
ZS260824s0qp-150657930,52,68,68,ACTUAL,MAIN|ADDITIONAL|FILTERABLE|TITLE_LENGTH|FIRST_VIDEO_SIZE|FIRST_VIDEO_LENGTH|AVERAGE_VIDEO_SIZE|VIDEO_COUNT,Мягкая игрушка кошка полосатая 33 см  серая
ZS260824s0qp-150661085,52,73,73,ACTUAL,ADDITIONAL|FILTERABLE|TITLE_LENGTH|FIRST_VIDEO_SIZE|FIRST_VIDEO_LENGTH|AVERAGE_VIDEO_SIZE|VIDEO_COUNT,Мягкая игрушка котик полосатый с сердцем 33 см серый
ZS260824s0qp-467047676,52,68,68,ACTUAL,MAIN|ADDITIONAL|FILTERABLE|TITLE_LENGTH|FIRST_VIDEO_SIZE|FIRST_VIDEO_LENGTH|AVERAGE_VIDEO_SIZE|VIDEO_COUNT,Мягкая игрушка Зайка с сердцем  розовый  33 см
ZS260824s0qp-694013935,52,68,68,ACTUAL,MAIN|ADDITIONAL|FILTERABLE|TITLE_LENGTH|FIRST_VIDEO_SIZE|FIRST_VIDEO_LENGTH|AVERAGE_VIDEO_SIZE|VIDEO_COUNT,Мягкая игрушка Зайчик 33 см серый политекс
ZS260824s0qp-721384160,52,68,68,ACTUAL,MAIN|ADDITIONAL|FILTERABLE|TITLE_LENGTH|FIRST_VIDEO_SIZE|FIRST_VIDEO_LENGTH|AVERAGE_VIDEO_SIZE|VIDEO_COUNT,Мягкая игрушка олень JZ-MT7ES0Q  коричневый  33 см
ZS260824s0qp-721386460,52,68,68,ACTUAL,MAIN|ADDITIONAL|FILTERABLE|TITLE_LENGTH|FIRST_VIDEO_SIZE|FIRST_VIDEO_LENGTH|AVERAGE_VIDEO_SIZE|VIDEO_COUNT,Мягкая игрушка единорог 33 см  голубой
ZS260824s0qp-880699554,52,68,68,ACTUAL,MAIN|ADDITIONAL|FILTERABLE|TITLE_LENGTH|FIRST_VIDEO_SIZE|FIRST_VIDEO_LENGTH|AVERAGE_VIDEO_SIZE|VIDEO_COUNT,Мягкая игрушка мишка JZ-MT7ES0Q коричневый  33 см
ZS260824s0qp-880702163,52,68,68,ACTUAL,MAIN|ADDITIONAL|FILTERABLE|TITLE_LENGTH|FIRST_VIDEO_SIZE|FIRST_VIDEO_LENGTH|AVERAGE_VIDEO_SIZE|VIDEO_COUNT,Мягкая игрушка котик рыжий полосатый  33 см
ZS260824s0qp-880702188,52,68,68,ACTUAL,MAIN|ADDITIONAL|FILTERABLE|TITLE_LENGTH|FIRST_VIDEO_SIZE|FIRST_VIDEO_LENGTH|AVERAGE_VIDEO_SIZE|VIDEO_COUNT,Мягкая игрушка лиса оранжевая 33 см без бренда
ZS260824s0qp-880703038,52,68,68,ACTUAL,MAIN|ADDITIONAL|FILTERABLE|TITLE_LENGTH|FIRST_VIDEO_SIZE|FIRST_VIDEO_LENGTH|AVERAGE_VIDEO_SIZE|VIDEO_COUNT,Мягкая игрушка енот JZ-MT7ES0OQ 33 см  серый
ZS260824s0qp-888010580,52,68,68,ACTUAL,MAIN|ADDITIONAL|FILTERABLE|TITLE_LENGTH|FIRST_VIDEO_SIZE|FIRST_VIDEO_LENGTH|AVERAGE_VIDEO_SIZE|VIDEO_COUNT,Мягкая игрушка Зайчик белый 33 см
FSJRXS,53,65,71,ACTUAL,MAIN|ADDITIONAL|FILTERABLE|TITLE_LENGTH,Духи Onju Jikyu Ariana TENDER 100 мл
GYS-3213591896,53,70,64,ACTUAL,MAIN|ADDITIONAL|FILTERABLE|TITLE_LENGTH|FIRST_VIDEO_SIZE|FIRST_VIDEO_LENGTH|AVERAGE_VIDEO_SIZE|VIDEO_COUNT,Аккумулятор для пылесоса 26 В/22 2 В 2200 мАч  литий-ионный  1 шт
GYS-8jlgyl-3717224047,53,78,78,ACTUAL,MAIN|ADDITIONAL|FILTERABLE|FIRST_VIDEO_SIZE|FIRST_VIDEO_LENGTH|AVERAGE_VIDEO_SIZE|VIDEO_COUNT,Озонатор VSV Market для воздуха  воды и продуктов  15 Вт  белый
GYS-pun1uz-4967181406,53,77,77,ACTUAL,MAIN|ADDITIONAL|FIRST_VIDEO_SIZE|FIRST_VIDEO_LENGTH|AVERAGE_VIDEO_SIZE|VIDEO_COUNT,Футляр для очков из ореха с латунной фурнитурой и бархатной подкладкой  Модель C
GYS-vhijp3-5663131645,53,73,73,ACTUAL,MAIN|ADDITIONAL|FILTERABLE|TITLE_LENGTH|FIRST_VIDEO_SIZE|FIRST_VIDEO_LENGTH|AVERAGE_VIDEO_SIZE|VIDEO_COUNT,Тарелка керамическая 20 см синяя круглая  1 шт
GYS-vhijp3-5663132680,53,73,73,ACTUAL,MAIN|ADDITIONAL|FILTERABLE|TITLE_LENGTH|FIRST_VIDEO_SIZE|FIRST_VIDEO_LENGTH|AVERAGE_VIDEO_SIZE|VIDEO_COUNT,Тарелка керамическая круглая 20 см зеленого цвета  1 шт
GYS-vhijp3-5663132696,53,73,73,ACTUAL,MAIN|ADDITIONAL|FILTERABLE|TITLE_LENGTH|FIRST_VIDEO_SIZE|FIRST_VIDEO_LENGTH|AVERAGE_VIDEO_SIZE|VIDEO_COUNT,Тарелка керамическая круглая обеденная 20 см 1 шт розовый
jz-260622urze-4717237412,53,69,77,ACTUAL,MAIN|ADDITIONAL|FILTERABLE|TITLE_LENGTH|FIRST_VIDEO_SIZE|AVERAGE_VIDEO_SIZE,Сумка для сменной обуви винтажная объёмная белая
jz-260731nl7w-5251886196,53,73,79,ACTUAL,MAIN|ADDITIONAL|FIRST_VIDEO_SIZE|FIRST_VIDEO_LENGTH|AVERAGE_VIDEO_SIZE|VIDEO_COUNT,Полиэфирный шпагат 3мм 200м для макраме и рукоделия (розовый)
jz-2nf96y-4899023703,53,73,73,ACTUAL,MAIN|ADDITIONAL|FILTERABLE|TITLE_LENGTH|FIRST_VIDEO_SIZE|FIRST_VIDEO_LENGTH|AVERAGE_VIDEO_SIZE|VIDEO_COUNT,Карбюратор бензотриммера STIHL FS-38/55
jz-43c4a1-4662496540,53,79,79,ACTUAL,MAIN|ADDITIONAL|FILTERABLE|FIRST_VIDEO_SIZE|FIRST_VIDEO_LENGTH|AVERAGE_VIDEO_SIZE|VIDEO_COUNT,Удилище телескопическое углеволоконное  360 см  11 секций  тест 87 г
jz-63ha0a-1679789712,53,53,53,UPDATING,MAIN|ADDITIONAL|FILTERABLE|DESCRIPTION_LENGTH|FIRST_VIDEO_SIZE|FIRST_VIDEO_LENGTH|AVERAGE_VIDEO_SIZE|VIDEO_COUNT,Дикие Скричеры. Игровой набор Кибер Рэпидфлип Сан Хэллхаунд 5
jz-63ha0a-3584245681,53,53,53,UPDATING,MAIN|ADDITIONAL|FILTERABLE|FIRST_PICTURE_SIZE|DESCRIPTION_LENGTH|FIRST_VIDEO_SIZE|FIRST_VIDEO_LENGTH|AVERAGE_VIDEO_SIZE|VIDEO_COUNT,Автотрек с машинками гоночный с туннелем  для мальчиков и девочек
jz-79kd0n-4399293625,53,72,75,ACTUAL,ADDITIONAL|FILTERABLE|TITLE_LENGTH|FIRST_VIDEO_SIZE|FIRST_VIDEO_LENGTH|AVERAGE_VIDEO_SIZE|VIDEO_COUNT,Тесьма декоративная «Ромашка» красно-белая  4 5 м  акрил
jz-93mo1m-4988434908,53,76,76,ACTUAL,MAIN|ADDITIONAL|TITLE_LENGTH|FIRST_VIDEO_SIZE|FIRST_VIDEO_LENGTH|AVERAGE_VIDEO_SIZE|VIDEO_COUNT,Детский набор для мини-гольфа  2 клюшки  7888-39
jz-bl4yse-4518490693,53,70,70,ACTUAL,ADDITIONAL|FILTERABLE|TITLE_LENGTH|FIRST_VIDEO_SIZE|FIRST_VIDEO_LENGTH|AVERAGE_VIDEO_SIZE|VIDEO_COUNT,Пенал школьный из экокожи Майнкрафт  3 отделения  черный
LZ-00mkoz-4641654640,53,63,63,ACTUAL,MAIN|ADDITIONAL|FILTERABLE|TITLE_LENGTH|FIRST_VIDEO_SIZE|FIRST_VIDEO_LENGTH|AVERAGE_VIDEO_SIZE|VIDEO_COUNT,Папка для труда A4  1 шт.
LZ-o5ajbj-4312820670,53,73,73,ACTUAL,MAIN|ADDITIONAL|FILTERABLE|TITLE_LENGTH|FIRST_VIDEO_SIZE|FIRST_VIDEO_LENGTH|AVERAGE_VIDEO_SIZE|VIDEO_COUNT,Тарелка десертная 20.6 см керамическая белая  1 шт
LZ-o5ajbj-4591702348,53,68,71,ACTUAL,MAIN|ADDITIONAL|TITLE_LENGTH|FIRST_VIDEO_SIZE|FIRST_VIDEO_LENGTH|AVERAGE_VIDEO_SIZE|VIDEO_COUNT,Складной силиконовый стакан с крышкой 600 мл черный матовый
YCXP-l342yy-4641654640,53,66,66,ACTUAL,MAIN|ADDITIONAL|TITLE_LENGTH|FIRST_VIDEO_SIZE|FIRST_VIDEO_LENGTH|AVERAGE_VIDEO_SIZE|VIDEO_COUNT,Папка для труда A4 с клапаном  пластик  1 шт.
ZS--3633762195,53,73,73,ACTUAL,MAIN|ADDITIONAL|FILTERABLE|TITLE_LENGTH|FIRST_VIDEO_SIZE|FIRST_VIDEO_LENGTH|AVERAGE_VIDEO_SIZE|VIDEO_COUNT,Набор кружек фарфоровых Гербарий 340 мл 4 шт оранжевый
3205286289-viAd,54,67,72,ACTUAL,MAIN|ADDITIONAL|TITLE_LENGTH|FIRST_VIDEO_SIZE|FIRST_VIDEO_LENGTH|AVERAGE_VIDEO_SIZE|VIDEO_COUNT,Блокнот Kinbor DT53565 B7 с ляссе  100 листов  оливковый
3318853039-4OEF,54,74,78,ACTUAL,MAIN|ADDITIONAL|FILTERABLE|FIRST_VIDEO_SIZE|FIRST_VIDEO_LENGTH|AVERAGE_VIDEO_SIZE|VIDEO_COUNT,Комплект фильтров и щеток для робота-пылесоса Midea V15 Pro  9 шт.
GYS-vhijp3-5635717893,54,72,72,ACTUAL,MAIN|ADDITIONAL|FILTERABLE|TITLE_LENGTH|FIRST_VIDEO_SIZE|FIRST_VIDEO_LENGTH|AVERAGE_VIDEO_SIZE|VIDEO_COUNT,Скатерть из льна 30x45 см прямоугольная однотонная
GYS-vhijp3-5635718105,54,73,73,ACTUAL,MAIN|ADDITIONAL|FILTERABLE|TITLE_LENGTH|FIRST_VIDEO_SIZE|FIRST_VIDEO_LENGTH|AVERAGE_VIDEO_SIZE|VIDEO_COUNT,Скатерть льняная прямоугольная 30x45 см однотонная
GYS-vhijp3-5635718536,54,62,62,ACTUAL,MAIN|ADDITIONAL|FILTERABLE|TITLE_LENGTH|FIRST_VIDEO_SIZE|FIRST_VIDEO_LENGTH|AVERAGE_VIDEO_SIZE|VIDEO_COUNT,Скатерть из льна прямоугольная 30x45 см
jz-43c4a1-4255080725,54,71,71,ACTUAL,MAIN|ADDITIONAL|TITLE_LENGTH|FIRST_VIDEO_SIZE|FIRST_VIDEO_LENGTH|AVERAGE_VIDEO_SIZE|VIDEO_COUNT,Бинокль театральный Bolanke E 3x25  черный  с чехлом
jz-mn9jc2-2022869918,54,74,74,ACTUAL,MAIN|ADDITIONAL|FILTERABLE|FIRST_VIDEO_SIZE|FIRST_VIDEO_LENGTH|AVERAGE_VIDEO_SIZE|VIDEO_COUNT,Набор для игры в дартс с пистолетом  дротиками  шариками и мишенью
jz-mn9jc2-3000101816,54,63,63,ACTUAL,MAIN|ADDITIONAL|FILTERABLE|TITLE_LENGTH|FIRST_VIDEO_SIZE|FIRST_VIDEO_LENGTH|AVERAGE_VIDEO_SIZE|VIDEO_COUNT,Набор для игры 3 в 1: дартс  метание топориков  кольцеброс
jz-wfvstx-4310989460,54,69,72,ACTUAL,MAIN|ADDITIONAL|FILTERABLE|TITLE_LENGTH|FIRST_VIDEO_SIZE|FIRST_VIDEO_LENGTH|AVERAGE_VIDEO_SIZE|VIDEO_COUNT,Мешок-пылесборник (10 шт) для робота-пылесоса Xiaomi H50
jz-wfvstx-4906291352,54,75,79,ACTUAL,MAIN|ADDITIONAL|FILTERABLE|PICTURE_COUNT|FIRST_VIDEO_SIZE|FIRST_VIDEO_LENGTH|AVERAGE_VIDEO_SIZE|VIDEO_COUNT,Мешки для пыли для робота-пылесоса Roborock H60 Hub Ultra  4 шт.
LZ01-3633183206-2,54,74,74,ACTUAL,MAIN|ADDITIONAL|TITLE_LENGTH|FIRST_VIDEO_SIZE|FIRST_VIDEO_LENGTH|AVERAGE_VIDEO_SIZE|VIDEO_COUNT,Тормозные колодки Linhai 400/500  артикул 27284  2 шт.
YCXP-l342yy-5017983729,54,54,54,UPDATING,MAIN|ADDITIONAL|FILTERABLE|DESCRIPTION_LENGTH|FIRST_VIDEO_SIZE|FIRST_VIDEO_LENGTH|AVERAGE_VIDEO_SIZE|VIDEO_COUNT,Расческа-дешеддер для кошек и собак с вращающимися зубьями  17 зубьев  пластик  173x104x27 мм  синяя
jz-79kd0n-2205624646,55,74,75,ACTUAL,ADDITIONAL|FILTERABLE|TITLE_LENGTH|FIRST_VIDEO_SIZE|FIRST_VIDEO_LENGTH|AVERAGE_VIDEO_SIZE|VIDEO_COUNT,Тесьма "Ромашка" желтая 4 5 м 160 мотивов акрил
jz-uly3uk-4376822949,55,76,76,ACTUAL,MAIN|ADDITIONAL|FILTERABLE|FIRST_VIDEO_SIZE|FIRST_VIDEO_LENGTH|AVERAGE_VIDEO_SIZE|VIDEO_COUNT,Хлыст для снятия кассеты и трещотки велосипеда  съемник в комплекте
jz-wfvstx-3072975410,55,71,78,ACTUAL,MAIN|ADDITIONAL|FILTERABLE|FIRST_VIDEO_SIZE|FIRST_VIDEO_LENGTH|AVERAGE_VIDEO_SIZE|VIDEO_COUNT,Мешки-пылесборники для робота-пылесоса Midea VCR S8 / S8+  10 шт.
LZ-00mkoz-2451736745,55,55,55,UPDATING,MAIN|ADDITIONAL|FILTERABLE|PICTURE_COUNT|FIRST_PICTURE_SIZE|DESCRIPTION_LENGTH|FIRST_VIDEO_SIZE|FIRST_VIDEO_LENGTH|AVERAGE_VIDEO_SIZE|VIDEO_COUNT,Пенал-косметичка большой с отделениями 220×120×70 мм  полиэстер  чёрный
SF2608248fhz-3980560078,55,75,76,ACTUAL,MAIN|ADDITIONAL|FILTERABLE|TITLE_LENGTH|FIRST_VIDEO_LENGTH,Мягкая игрушка Панда красная бегущая 45 см коричневый
XIAOMIGUAJIAN,55,77,77,ACTUAL,MAIN|ADDITIONAL|FILTERABLE|FIRST_VIDEO_SIZE|FIRST_VIDEO_LENGTH|AVERAGE_VIDEO_SIZE|VIDEO_COUNT,NFC-карта Xiaomi MJZNMSNFC02ZY для умного дверного замка  2 шт.
XIAOMIGUAJIAN-3,55,77,77,ACTUAL,MAIN|ADDITIONAL|FILTERABLE|FIRST_VIDEO_SIZE|FIRST_VIDEO_LENGTH|AVERAGE_VIDEO_SIZE|VIDEO_COUNT,NFC-карта Xiaomi для умного дверного замка MJZNMSNFC02ZY  3 шт
YCXP-l342yy-2451736745,55,55,55,UPDATING,MAIN|ADDITIONAL|FILTERABLE|PICTURE_COUNT|FIRST_PICTURE_SIZE|DESCRIPTION_LENGTH|FIRST_VIDEO_SIZE|FIRST_VIDEO_LENGTH|AVERAGE_VIDEO_SIZE|VIDEO_COUNT,Пенал-косметичка большой на молнии с отделениями  черный
1968961961-Kqjy,56,74,74,ACTUAL,MAIN|ADDITIONAL|FILTERABLE|FIRST_VIDEO_SIZE|FIRST_VIDEO_LENGTH|AVERAGE_VIDEO_SIZE|VIDEO_COUNT,Спицы для вязания круговые набор 13 пар 3.0-10.0 мм BQ226-8357
GM01-4355142826-LV,56,74,74,ACTUAL,MAIN|ADDITIONAL|TITLE_LENGTH|FIRST_VIDEO_SIZE|FIRST_VIDEO_LENGTH|AVERAGE_VIDEO_SIZE|VIDEO_COUNT,Заколка-краб для волос NOVIZ с цветком франжипани  зеленый
GYS-fq6f2z-3057500387,56,56,56,UPDATING,MAIN|ADDITIONAL|FILTERABLE|FIRST_PICTURE_SIZE|TITLE_LENGTH|AVERAGE_PICTURE_SIZE|FIRST_VIDEO_SIZE|FIRST_VIDEO_LENGTH|AVERAGE_VIDEO_SIZE|VIDEO_COUNT,Двойной волчок Infinity Nado Crack  бордовый  2 штуки
jz-1dahrv-4545874055,56,56,61,ACTUAL,MAIN|ADDITIONAL|FILTERABLE|DESCRIPTION_LENGTH|FIRST_VIDEO_SIZE|FIRST_VIDEO_LENGTH|AVERAGE_VIDEO_SIZE|VIDEO_COUNT,
jz-260608b7rb-4260264244,56,78,72,ACTUAL,MAIN|ADDITIONAL|FILTERABLE|TITLE_LENGTH|FIRST_VIDEO_SIZE|FIRST_VIDEO_LENGTH|AVERAGE_VIDEO_SIZE|VIDEO_COUNT,Комплект аксессуаров для робота-пылесоса Dreame X60 (щётка  фильтры  салфетки  мешки  боковые щётки)  25 шт
jz-2nf96y-3823692862,56,64,64,ACTUAL,MAIN|ADDITIONAL|FILTERABLE|TITLE_LENGTH|FIRST_VIDEO_SIZE|FIRST_VIDEO_LENGTH|AVERAGE_VIDEO_SIZE|VIDEO_COUNT,Круговые вязальные спицы 65 см  набор 9 шт.  сталь  красные
jz-2rqa92-3288753786,56,71,72,ACTUAL,MAIN|ADDITIONAL|FILTERABLE|TITLE_LENGTH|FIRST_VIDEO_SIZE|FIRST_VIDEO_LENGTH|AVERAGE_VIDEO_SIZE|VIDEO_COUNT,Комплект аксессуаров для робота-пылесоса Dreame F10: основная щетка  боковая щетка  HEPA фильтры  салфетки для влажной уборки
jz-43c4a1-4649743309,56,72,72,ACTUAL,MAIN|ADDITIONAL|FILTERABLE|FIRST_VIDEO_SIZE|FIRST_VIDEO_LENGTH|AVERAGE_VIDEO_SIZE|VIDEO_COUNT,Мини-фигурки персонажей Mortal Kombat  набор 9 штук 4 5 см  совместимые с Lego
jz-43c4a1-4754778811,56,73,73,ACTUAL,MAIN|ADDITIONAL|FILTERABLE|TITLE_LENGTH|FIRST_VIDEO_SIZE|FIRST_VIDEO_LENGTH|AVERAGE_VIDEO_SIZE|VIDEO_COUNT,Пропитка водоотталкивающая для экокожи  спрей 200 мл
jz-63ha0a-5357798591,56,56,56,UPDATING,MAIN|FILTERABLE|DESCRIPTION_LENGTH|FIRST_VIDEO_SIZE|FIRST_VIDEO_LENGTH|AVERAGE_VIDEO_SIZE|VIDEO_COUNT,Набор для творчества «Ёлка из бусин» с подвесками и ангелом  DIY-конструктор
jz-79kd0n-3004487878,56,75,75,ACTUAL,ADDITIONAL|FILTERABLE|TITLE_LENGTH|FIRST_VIDEO_SIZE|FIRST_VIDEO_LENGTH|AVERAGE_VIDEO_SIZE|VIDEO_COUNT,Тесьма с рисунком ромашки желтая 2 7 м акриловая
jz-79kd0n-3529645384,56,75,75,ACTUAL,ADDITIONAL|FILTERABLE|TITLE_LENGTH|FIRST_VIDEO_SIZE|FIRST_VIDEO_LENGTH|AVERAGE_VIDEO_SIZE|VIDEO_COUNT,Тесьма «Ромашка» разноцветная 2 7 м  акрил  ширина 2 5 см
jz-wfvstx-3294488244,56,56,62,ACTUAL,MAIN|ADDITIONAL|FILTERABLE|DESCRIPTION_LENGTH|FIRST_VIDEO_SIZE|FIRST_VIDEO_LENGTH|AVERAGE_VIDEO_SIZE|VIDEO_COUNT,
LZ-5wxmmp-4480489634,56,62,62,ACTUAL,MAIN|ADDITIONAL|FILTERABLE|TITLE_LENGTH|FIRST_VIDEO_SIZE|FIRST_VIDEO_LENGTH|AVERAGE_VIDEO_SIZE|VIDEO_COUNT,Воздуходувка аккумуляторная для ПК  черная  180 Вт
LZ01-3622614929,56,64,74,ACTUAL,MAIN|ADDITIONAL|TITLE_LENGTH|FIRST_VIDEO_SIZE|FIRST_VIDEO_LENGTH|AVERAGE_VIDEO_SIZE|VIDEO_COUNT,Лосьон после бритья Floid The Genuine  400 мл
LZ01-3794041980,56,75,75,ACTUAL,ADDITIONAL|FILTERABLE|TITLE_LENGTH|FIRST_VIDEO_SIZE|FIRST_VIDEO_LENGTH|AVERAGE_VIDEO_SIZE|VIDEO_COUNT,Ручка КПП Toyota GR карбон для механической коробки передач
SF2608248fhz-3588867711,56,76,76,ACTUAL,MAIN|ADDITIONAL|FILTERABLE|TITLE_LENGTH|FIRST_VIDEO_LENGTH,Плюшевая игрушка свинка розовая  45 см
SLGDJCJJJCSU10JIN20,56,63,79,ACTUAL,MAIN|ADDITIONAL|FILTERABLE,Скребок для стеклокерамики и индукции с комплектом лезвий 32 шт  24 см
2039260315-EtTJ,57,66,76,ACTUAL,MAIN|ADDITIONAL|FILTERABLE|FIRST_VIDEO_SIZE|FIRST_VIDEO_LENGTH|AVERAGE_VIDEO_SIZE|VIDEO_COUNT,Сменная накладка для массажной подушки и поворотного стола кресла  UYJGHFDG23
3122682373-GIqU,57,57,69,ACTUAL,ADDITIONAL|FILTERABLE|TITLE_LENGTH|FIRST_VIDEO_SIZE|FIRST_VIDEO_LENGTH|AVERAGE_VIDEO_SIZE|VIDEO_COUNT,Игольная пластина Janome для швейных машин  металл  1 шт.
GYS-4129747225,57,72,72,ACTUAL,RECOGNIZED_VENDOR|ADDITIONAL|FILTERABLE|TITLE_LENGTH|FIRST_VIDEO_SIZE|FIRST_VIDEO_LENGTH|AVERAGE_VIDEO_SIZE|VIDEO_COUNT,Ультрафиолетовый стерилизатор для унитаза ENUOSUMA UV light
GYS-fq6f2z-4550678091,57,57,57,UPDATING,MAIN|ADDITIONAL|DESCRIPTION_LENGTH|FIRST_VIDEO_SIZE|FIRST_VIDEO_LENGTH|AVERAGE_VIDEO_SIZE|VIDEO_COUNT,Игровой набор шпиона 7 в 1 со светящимся шлемом  ZR804
GYS-pun1uz-4151515766,57,67,67,ACTUAL,MAIN|ADDITIONAL|TITLE_LENGTH|FIRST_VIDEO_SIZE|FIRST_VIDEO_LENGTH|AVERAGE_VIDEO_SIZE|VIDEO_COUNT,Футляр для очков из натуральной кожи  бордовый  17 см
GYS260908dq6l-5730574559,57,77,77,ACTUAL,MAIN|ADDITIONAL|FIRST_VIDEO_SIZE|FIRST_VIDEO_LENGTH|AVERAGE_VIDEO_SIZE|VIDEO_COUNT,Футляр для очков настольный плюшевый белый кот  мягкий чехол для детских очков
jz-260803cn42-5219378444,57,72,76,ACTUAL,ADDITIONAL|PICTURE_COUNT|TITLE_LENGTH|FIRST_VIDEO_SIZE|FIRST_VIDEO_LENGTH|AVERAGE_VIDEO_SIZE|VIDEO_COUNT,Заколка для волос JZ-MSCPCVR5 вечерняя черный муар
jz-2nf96y-4399275633,57,57,61,ACTUAL,MAIN|ADDITIONAL|FILTERABLE|DESCRIPTION_LENGTH|FIRST_VIDEO_SIZE|FIRST_VIDEO_LENGTH|AVERAGE_VIDEO_SIZE|VIDEO_COUNT,
jz-9d7gb7-4037729626,57,69,69,ACTUAL,ADDITIONAL|FILTERABLE|TITLE_LENGTH|FIRST_VIDEO_SIZE|FIRST_VIDEO_LENGTH|AVERAGE_VIDEO_SIZE|VIDEO_COUNT,Обложка для тактического блокнота Оксфорд зеленый A5
jz-a4wnxu-3276070112,57,65,78,ACTUAL,MAIN|ADDITIONAL|FILTERABLE|PICTURE_COUNT|FIRST_VIDEO_SIZE|FIRST_VIDEO_LENGTH|AVERAGE_VIDEO_SIZE|VIDEO_COUNT,Фигурка аниме-персонажа коллекционная на подставке  светло-зеленая  ABS-пластик
jz-mn9jc2-2939874500,57,57,57,UPDATING,MAIN|ADDITIONAL|FILTERABLE|DESCRIPTION_LENGTH|FIRST_VIDEO_SIZE|FIRST_VIDEO_LENGTH|AVERAGE_VIDEO_SIZE|VIDEO_COUNT,Перчатки мужские утепленные  размер 2XL  цвет черный  1 пара
jz-ra4xyb-4521287943,57,69,69,ACTUAL,MAIN|ADDITIONAL|TITLE_LENGTH|FIRST_VIDEO_SIZE|FIRST_VIDEO_LENGTH|AVERAGE_VIDEO_SIZE|VIDEO_COUNT,Надувной круг для плавания Единорог 90 см розовый
LZ-5wxmmp-5327769281,57,77,77,ACTUAL,MAIN|ADDITIONAL|FIRST_VIDEO_SIZE|FIRST_VIDEO_LENGTH|AVERAGE_VIDEO_SIZE|VIDEO_COUNT,Седло для велосипеда усиленное с 6 пружинами  30x22 см  черное
LZ-qtsoul-4920297323,57,70,74,ACTUAL,MAIN|ADDITIONAL|FILTERABLE|FIRST_VIDEO_SIZE|FIRST_VIDEO_LENGTH|AVERAGE_VIDEO_SIZE|VIDEO_COUNT,Официальные коллекционные наклейки Panini Чемпионата мира FIFA 2026  30 шт.
LZ01-1928772955,57,69,79,ACTUAL,ADDITIONAL|FILTERABLE|FIRST_VIDEO_SIZE|FIRST_VIDEO_LENGTH|AVERAGE_VIDEO_SIZE|VIDEO_COUNT,Регулятор напряжения 6-контактный для Kawasaki VN900 Vulcan
zm-bya321-5266758266,57,75,76,ACTUAL,MAIN|ADDITIONAL|FILTERABLE|FIRST_VIDEO_SIZE|FIRST_VIDEO_LENGTH|AVERAGE_VIDEO_SIZE|VIDEO_COUNT,Маска косметическая гидроколлоидная Восстановление Для всех типов кожи
zm-eq8csq-5285591202,57,57,49,ACTUAL,MAIN|ADDITIONAL|FILTERABLE|PICTURE_COUNT|DESCRIPTION_LENGTH|FIRST_VIDEO_SIZE|FIRST_VIDEO_LENGTH|AVERAGE_VIDEO_SIZE|VIDEO_COUNT,
zm-vt29v8-5292472905,57,71,75,ACTUAL,ADDITIONAL|FILTERABLE|PICTURE_COUNT|TITLE_LENGTH|FIRST_VIDEO_SIZE|FIRST_VIDEO_LENGTH|AVERAGE_VIDEO_SIZE|VIDEO_COUNT,Талисман фэншуй Звезда успеха символ удачи и процветания
3194896935-XfMn,58,45,55,ACTUAL,RECOGNIZED_VENDOR|MAIN|ADDITIONAL|FILTERABLE|PICTURE_COUNT|TITLE_LENGTH|FIRST_VIDEO_SIZE|FIRST_VIDEO_LENGTH|AVERAGE_VIDEO_SIZE|VIDEO_COUNT,Боевой мотоцикл Мотофайтеры с волчком Огненный сокол MT0207
3307075791-I0oN,58,68,72,ACTUAL,MAIN|ADDITIONAL|FILTERABLE|TITLE_LENGTH|FIRST_VIDEO_SIZE|FIRST_VIDEO_LENGTH|AVERAGE_VIDEO_SIZE|VIDEO_COUNT,Фильтр HEPA для робота-пылесоса Dreame L40 Ultra CE  6 шт.
jz-260706zm80-4004547325,58,70,74,ACTUAL,MAIN|ADDITIONAL|FILTERABLE|TITLE_LENGTH|FIRST_VIDEO_SIZE|FIRST_VIDEO_LENGTH|AVERAGE_VIDEO_SIZE|VIDEO_COUNT,Тарелка для Парижской кошки 160 мм  фарфор  тёмно-розовый
jz-260811g43n-838156089,58,74,78,ACTUAL,MAIN|ADDITIONAL|FILTERABLE|TITLE_LENGTH|FIRST_VIDEO_SIZE|AVERAGE_VIDEO_SIZE,Боковые щетки для робота-пылесоса Xiaomi/Dreame  2 шт
jz-2rqa92-4290495019,58,75,79,ACTUAL,MAIN|ADDITIONAL|FILTERABLE|PICTURE_COUNT|FIRST_VIDEO_SIZE|FIRST_VIDEO_LENGTH|AVERAGE_VIDEO_SIZE|VIDEO_COUNT,Салфетки для влажной уборки для робота-пылесоса Midea V15 Pro  10 шт
LZ-2971108112,58,64,64,ACTUAL,MAIN|ADDITIONAL|FILTERABLE|TITLE_LENGTH|FIRST_VIDEO_SIZE|FIRST_VIDEO_LENGTH|AVERAGE_VIDEO_SIZE|VIDEO_COUNT,Заслонка выхлопной системы трактора  сталь  210x78 мм
LZ-qtsoul-5148771361,58,67,70,ACTUAL,MAIN|ADDITIONAL|FILTERABLE|FIRST_VIDEO_SIZE|FIRST_VIDEO_LENGTH|AVERAGE_VIDEO_SIZE|VIDEO_COUNT,HEPA фильтр для пылесоса Polaris PVC 2004RI моторный моющийся  2 шт.
LZ-qtsoul-5148771361-3,58,58,58,UPDATING,MAIN|ADDITIONAL|FILTERABLE|PICTURE_COUNT|TITLE_LENGTH|FIRST_VIDEO_SIZE|FIRST_VIDEO_LENGTH|AVERAGE_VIDEO_SIZE|VIDEO_COUNT,HEPA фильтр моющийся для пылесоса Polaris PVC 2004RI  3 шт.
ZS--4163377201,58,79,79,ACTUAL,ADDITIONAL|FILTERABLE|FIRST_VIDEO_SIZE|FIRST_VIDEO_LENGTH|AVERAGE_VIDEO_SIZE|VIDEO_COUNT,Вьетнамский крем-бальзам Banna Baikang с медом для суставов и мышц  50 г
ZSGM01-2147111775,58,58,58,UPDATING,ADDITIONAL|FILTERABLE|PICTURE_COUNT|DESCRIPTION_LENGTH|FIRST_VIDEO_SIZE|FIRST_VIDEO_LENGTH|AVERAGE_VIDEO_SIZE|VIDEO_COUNT,Шляпа канотье светло-бежевая с белой лентой  целлюлоза  размер 56-58
1904201773-HwFW,59,66,63,ACTUAL,MAIN|ADDITIONAL|FILTERABLE|PICTURE_COUNT|TITLE_LENGTH|FIRST_VIDEO_SIZE|FIRST_VIDEO_LENGTH|AVERAGE_VIDEO_SIZE|VIDEO_COUNT,Светодиодная лента для холодильника Homa W27-106  запасная деталь
GYS-fq6f2z-3057497584,59,77,73,ACTUAL,MAIN|ADDITIONAL|TITLE_LENGTH|FIRST_VIDEO_SIZE|FIRST_VIDEO_LENGTH|AVERAGE_VIDEO_SIZE|VIDEO_COUNT,Заводная игрушка D19FFE2F4D металлический сплав бежевая 7 см
GYS-fq6f2z-3057497893,59,59,59,UPDATING,MAIN|ADDITIONAL|FILTERABLE|FIRST_PICTURE_SIZE|TITLE_LENGTH|AVERAGE_PICTURE_SIZE|FIRST_VIDEO_SIZE|FIRST_VIDEO_LENGTH|AVERAGE_VIDEO_SIZE|VIDEO_COUNT,Заводная игрушка на колесиках из металлического сплава  голубая  7 см
jz-260624fwg3-4736604207-01,59,69,72,ACTUAL,MAIN|ADDITIONAL|FILTERABLE|TITLE_LENGTH|FIRST_VIDEO_SIZE|FIRST_VIDEO_LENGTH|AVERAGE_VIDEO_SIZE|VIDEO_COUNT,Пряжа кид мохер белая 25 г 260 м 4 мотка
jz-260624fwg3-4736604207-02,59,59,59,UPDATING,PICTURE_COUNT|TITLE_LENGTH|DESCRIPTION_LENGTH|FIRST_VIDEO_SIZE|FIRST_VIDEO_LENGTH|AVERAGE_VIDEO_SIZE|VIDEO_COUNT,Пряжа кид мохер светло-розового цвета  4 мотка по 260 м
jz-260624fwg3-4736604207-03,59,66,69,ACTUAL,MAIN|ADDITIONAL|FILTERABLE|TITLE_LENGTH|FIRST_VIDEO_SIZE|FIRST_VIDEO_LENGTH|AVERAGE_VIDEO_SIZE|VIDEO_COUNT,Пряжа кид мохер светло-серая  4 мотка  25 г  260 м
jz-260624fwg3-4736604207-04,59,69,72,ACTUAL,MAIN|ADDITIONAL|FILTERABLE|TITLE_LENGTH|FIRST_VIDEO_SIZE|FIRST_VIDEO_LENGTH|AVERAGE_VIDEO_SIZE|VIDEO_COUNT,Пряжа кид мохер однотонная голубая  4 мотка по 25 г  260 м
jz-260624fwg3-4736604207-07,59,59,59,UPDATING,PICTURE_COUNT|TITLE_LENGTH|DESCRIPTION_LENGTH|FIRST_VIDEO_SIZE|FIRST_VIDEO_LENGTH|AVERAGE_VIDEO_SIZE|VIDEO_COUNT,Пряжа кид мохер горчичного цвета  4 мотка  25 г  260 м
jz-260624fwg3-4736604207-08,59,69,72,ACTUAL,MAIN|ADDITIONAL|FILTERABLE|TITLE_LENGTH|FIRST_VIDEO_SIZE|FIRST_VIDEO_LENGTH|AVERAGE_VIDEO_SIZE|VIDEO_COUNT,Пряжа кид мохер  дымчато-серая  4 мотка  25 г  260 м
jz-260624fwg3-4736604207-09,59,69,72,ACTUAL,MAIN|ADDITIONAL|FILTERABLE|TITLE_LENGTH|FIRST_VIDEO_SIZE|FIRST_VIDEO_LENGTH|AVERAGE_VIDEO_SIZE|VIDEO_COUNT,Пряжа кид мохер светло-голубого цвета  4 мотка  25 г  260 м
jz-260624fwg3-4736604207-1,59,69,72,ACTUAL,MAIN|ADDITIONAL|FILTERABLE|TITLE_LENGTH|FIRST_VIDEO_SIZE|FIRST_VIDEO_LENGTH|AVERAGE_VIDEO_SIZE|VIDEO_COUNT,Пряжа кид мохер белого цвета  25 г / 260 м  4 мотка
jz-260624fwg3-4736604207-10,59,59,59,UPDATING,PICTURE_COUNT|TITLE_LENGTH|DESCRIPTION_LENGTH|FIRST_VIDEO_SIZE|FIRST_VIDEO_LENGTH|AVERAGE_VIDEO_SIZE|VIDEO_COUNT,Пряжа кид мохер горчично-жёлтый 25 г 260 м 4 мотка
jz-260624fwg3-4736604207-11,59,59,59,UPDATING,PICTURE_COUNT|TITLE_LENGTH|DESCRIPTION_LENGTH|FIRST_VIDEO_SIZE|FIRST_VIDEO_LENGTH|AVERAGE_VIDEO_SIZE|VIDEO_COUNT,Пряжа кид мохер пудрово-розовая 4 мотка 25 г 260 м для ручного вязания
jz-260624fwg3-4736604207-16,59,66,69,ACTUAL,MAIN|ADDITIONAL|FILTERABLE|TITLE_LENGTH|FIRST_VIDEO_SIZE|FIRST_VIDEO_LENGTH|AVERAGE_VIDEO_SIZE|VIDEO_COUNT,Пряжа кид мохер 260 м  25 г  4 мотка  карамельная
jz-260624fwg3-4736604207-18,59,69,72,ACTUAL,MAIN|ADDITIONAL|FILTERABLE|TITLE_LENGTH|FIRST_VIDEO_SIZE|FIRST_VIDEO_LENGTH|AVERAGE_VIDEO_SIZE|VIDEO_COUNT,Пряжа кид мохер однотонная бордовая  4 мотка по 25 г
jz-260624fwg3-4736604207-19,59,59,59,UPDATING,PICTURE_COUNT|TITLE_LENGTH|DESCRIPTION_LENGTH|FIRST_VIDEO_SIZE|FIRST_VIDEO_LENGTH|AVERAGE_VIDEO_SIZE|VIDEO_COUNT,Пряжа кид мохер однотонная 25 г  260 м  малиново-красный  4 мотка
jz-260624fwg3-4736604207-20,59,79,72,ACTUAL,MAIN|ADDITIONAL|FILTERABLE|TITLE_LENGTH|FIRST_VIDEO_SIZE|FIRST_VIDEO_LENGTH|AVERAGE_VIDEO_SIZE|VIDEO_COUNT,Пряжа кид мохер однотонная  4 мотка  25 г  260 м  тёмно-зелёная
jz-260624fwg3-4736604207-21,59,69,72,ACTUAL,MAIN|ADDITIONAL|FILTERABLE|TITLE_LENGTH|FIRST_VIDEO_SIZE|FIRST_VIDEO_LENGTH|AVERAGE_VIDEO_SIZE|VIDEO_COUNT,Пряжа кид мохер для ручного вязания  черный  4 мотка
jz-260624fwg3-4736604207-22,59,59,59,UPDATING,PICTURE_COUNT|TITLE_LENGTH|DESCRIPTION_LENGTH|FIRST_VIDEO_SIZE|FIRST_VIDEO_LENGTH|AVERAGE_VIDEO_SIZE|VIDEO_COUNT,Пряжа кид мохер 25 г  260 м  4 мотка  цвет королевский синий
jz-260624fwg3-4736604207-23,59,67,70,ACTUAL,MAIN|ADDITIONAL|FILTERABLE|TITLE_LENGTH|FIRST_VIDEO_SIZE|FIRST_VIDEO_LENGTH|AVERAGE_VIDEO_SIZE|VIDEO_COUNT,Пряжа кид мохер небесно-голубой однотонная  4 мотка по 25 г
jz-260624fwg3-4736604207-24,59,69,72,ACTUAL,MAIN|ADDITIONAL|FILTERABLE|TITLE_LENGTH|FIRST_VIDEO_SIZE|FIRST_VIDEO_LENGTH|AVERAGE_VIDEO_SIZE|VIDEO_COUNT,Пряжа кид мохер для ручного вязания  хаки  4 мотка по 25 г
jz-260624fwg3-4736604207-25,59,59,59,UPDATING,PICTURE_COUNT|TITLE_LENGTH|DESCRIPTION_LENGTH|FIRST_VIDEO_SIZE|FIRST_VIDEO_LENGTH|AVERAGE_VIDEO_SIZE|VIDEO_COUNT,Пряжа кид мохер однотонная телесно-розовая  25 г  260 м  4 мотка
jz-260624fwg3-4736604207-26,59,59,59,UPDATING,PICTURE_COUNT|TITLE_LENGTH|DESCRIPTION_LENGTH|FIRST_VIDEO_SIZE|FIRST_VIDEO_LENGTH|AVERAGE_VIDEO_SIZE|VIDEO_COUNT,Пряжа кид мохер пудрово-розовый  4 мотка  25 г  260 м
jz-260624fwg3-4736604207-28,59,59,59,UPDATING,PICTURE_COUNT|TITLE_LENGTH|DESCRIPTION_LENGTH|FIRST_VIDEO_SIZE|FIRST_VIDEO_LENGTH|AVERAGE_VIDEO_SIZE|VIDEO_COUNT,Пряжа кид мохер однотонная  4 мотка  цвет кофейный  25 г  260 м
jz-260624fwg3-4736604207-29,59,59,59,UPDATING,PICTURE_COUNT|TITLE_LENGTH|DESCRIPTION_LENGTH|FIRST_VIDEO_SIZE|FIRST_VIDEO_LENGTH|AVERAGE_VIDEO_SIZE|VIDEO_COUNT,Пряжа кид мохер светло-бежевая 4 мотка 25 г 260 м для ручного вязания
jz-260624fwg3-4736604207-30,59,59,59,UPDATING,PICTURE_COUNT|TITLE_LENGTH|DESCRIPTION_LENGTH|FIRST_VIDEO_SIZE|FIRST_VIDEO_LENGTH|AVERAGE_VIDEO_SIZE|VIDEO_COUNT,Пряжа Кид мохер светло-фиолетового цвета  4 мотка  260 м
jz-260706zm80-3821232167,59,71,74,ACTUAL,MAIN|ADDITIONAL|FILTERABLE|TITLE_LENGTH|FIRST_VIDEO_SIZE|FIRST_VIDEO_LENGTH|AVERAGE_VIDEO_SIZE|VIDEO_COUNT,Тарелка для Парижской кошки 320 мл фарфоровая 1 шт
jz-ydp9z9-3746808297,59,60,73,ACTUAL,ADDITIONAL|FILTERABLE|PICTURE_COUNT|TITLE_LENGTH|FIRST_VIDEO_SIZE|FIRST_VIDEO_LENGTH|AVERAGE_VIDEO_SIZE|VIDEO_COUNT,Очки карнавальные детские "Полицейский" черные
LZ-5wxmmp-4103324770,59,75,75,ACTUAL,ADDITIONAL|FILTERABLE|TITLE_LENGTH|FIRST_VIDEO_SIZE|FIRST_VIDEO_LENGTH|AVERAGE_VIDEO_SIZE|VIDEO_COUNT,Золотые подарочные коробки  набор 24 шт.  размер S  бумажные
1753226675-rfgt,60,61,61,ACTUAL,MAIN|ADDITIONAL|FILTERABLE|TITLE_LENGTH|FIRST_VIDEO_SIZE|FIRST_VIDEO_LENGTH|AVERAGE_VIDEO_SIZE|VIDEO_COUNT,Интерактивная мягкая игрушка Дед Мороз  танцующий тверк
3230402678-vvcz,60,79,79,ACTUAL,MAIN|ADDITIONAL|FILTERABLE|FIRST_VIDEO_SIZE|FIRST_VIDEO_LENGTH|AVERAGE_VIDEO_SIZE|VIDEO_COUNT,Увлажнитель воздуха на батарею отопления  набор 2 шт  кремовый
jz-2607113a6c-1948964177,60,73,78,ACTUAL,MAIN|ADDITIONAL|FILTERABLE|FIRST_VIDEO_SIZE|FIRST_VIDEO_LENGTH|AVERAGE_VIDEO_SIZE|VIDEO_COUNT,Сумка портфель MUNUKI из воловьей кожи зеленый лишайник
jz-2nf96y-3879939109,60,76,66,ACTUAL,MAIN|ADDITIONAL|TITLE_LENGTH|FIRST_VIDEO_SIZE|FIRST_VIDEO_LENGTH|AVERAGE_VIDEO_SIZE|VIDEO_COUNT,Чайный сервиз 2 предмета на 2 персоны  60 мл  керамика  темно-синий
jz-wfvstx-5705781356,60,60,61,ACTUAL,MAIN|ADDITIONAL|FILTERABLE|DESCRIPTION_LENGTH|FIRST_VIDEO_SIZE|FIRST_VIDEO_LENGTH|AVERAGE_VIDEO_SIZE|VIDEO_COUNT,
1886643347-jY5X,61,71,79,ACTUAL,MAIN|ADDITIONAL|FILTERABLE|PICTURE_COUNT|FIRST_VIDEO_SIZE|FIRST_VIDEO_LENGTH|AVERAGE_VIDEO_SIZE|VIDEO_COUNT,Сменная щетка для вертикального моющего пылесоса Roborock  темно-серая  1 шт
2438294197-rZKq,61,75,75,ACTUAL,MAIN|ADDITIONAL|FILTERABLE,Калибратор для овощей  фруктов и ягод  17 колец 30-110 мм  длина 11 см
jz-87g4td-842456998,61,74,74,ACTUAL,MAIN|ADDITIONAL|FILTERABLE|TITLE_LENGTH|FIRST_VIDEO_SIZE|FIRST_VIDEO_LENGTH|AVERAGE_VIDEO_SIZE|VIDEO_COUNT,Сантиметровая лента для шитья  1 5 м  черная  из экокожи
jz-93mo1m-4990554352,61,78,78,ACTUAL,MAIN|ADDITIONAL|FILTERABLE|FIRST_VIDEO_SIZE|FIRST_VIDEO_LENGTH|AVERAGE_VIDEO_SIZE|VIDEO_COUNT,Пеногенератор с латунным корпусом М22*1.5 для минимоек Bort  Brait  Patriot  Champion
jz-bl4yse-4438643740,61,78,78,ACTUAL,MAIN|ADDITIONAL|FILTERABLE|FIRST_VIDEO_SIZE|FIRST_VIDEO_LENGTH|AVERAGE_VIDEO_SIZE|VIDEO_COUNT,Деревянные штампы для скрапбукинга  набор с аниме  Крейзи Шинчан  Sanrio  Chiikawa
jz-wfvstx-3742763055,61,77,78,ACTUAL,MAIN|ADDITIONAL|FILTERABLE|FIRST_VIDEO_SIZE|FIRST_VIDEO_LENGTH|AVERAGE_VIDEO_SIZE|VIDEO_COUNT,Мешки-пылесборники для робота-пылесоса Dreame L40s Ultra / L50 Ultra  14 шт
LZ-00mkoz-4798335513,61,61,61,UPDATING,ADDITIONAL|FILTERABLE|DESCRIPTION_LENGTH|FIRST_VIDEO_SIZE|FIRST_VIDEO_LENGTH|AVERAGE_VIDEO_SIZE|VIDEO_COUNT,Органайзер для канцелярии qwert123  3 секции  бежево-серый
LZ01-3553028191,61,70,76,ACTUAL,MAIN|ADDITIONAL|FILTERABLE|FIRST_VIDEO_SIZE|FIRST_VIDEO_LENGTH|AVERAGE_VIDEO_SIZE|VIDEO_COUNT,Комплект аксессуаров для моющего пылесоса Mason M1170: валик из микрофибры и HEPA-фильтр
ZS260824eyf4-4585635569,61,61,61,UPDATING,ADDITIONAL|FILTERABLE|PICTURE_COUNT|FIRST_PICTURE_SIZE|DESCRIPTION_LENGTH|AVERAGE_PICTURE_SIZE|FIRST_VIDEO_SIZE|AVERAGE_VIDEO_SIZE,Шапка-чепчик женская с защитой ушей лавандово-розовая универсальный размер
Crecvk3TADlszIb,62,69,69,ACTUAL,ADDITIONAL|FILTERABLE|TITLE_LENGTH|FIRST_VIDEO_SIZE|FIRST_VIDEO_LENGTH|AVERAGE_VIDEO_SIZE|VIDEO_COUNT,Электромагнитный клапан КНКБ 24В для фильтра воды
GYS-8jlgyl-3962958799,62,72,72,ACTUAL,MAIN|ADDITIONAL|FILTERABLE|TITLE_LENGTH|FIRST_VIDEO_SIZE|FIRST_VIDEO_LENGTH|AVERAGE_VIDEO_SIZE|VIDEO_COUNT,Озонатор-ионизатор воздуха 600 мг/ч для дома  12 Вт  белый
jz-260706zm80-4247366698,62,74,74,ACTUAL,MAIN|ADDITIONAL|FILTERABLE|TITLE_LENGTH|FIRST_VIDEO_SIZE|FIRST_VIDEO_LENGTH|AVERAGE_VIDEO_SIZE|VIDEO_COUNT,Тарелка для Парижской кошки 160х100х130 мм  фарфор  1 шт.
jz-74no4j-2316573726,62,78,78,ACTUAL,MAIN|ADDITIONAL|FILTERABLE|FIRST_VIDEO_SIZE|FIRST_VIDEO_LENGTH|AVERAGE_VIDEO_SIZE|VIDEO_COUNT,Baby Three Cute Милый питомец  плюшевая игрушка-слепая коробка  голубой  15 см
jz-a5ffl0-4798321259,62,72,74,ACTUAL,MAIN|ADDITIONAL|FILTERABLE|TITLE_LENGTH|FIRST_VIDEO_SIZE|FIRST_VIDEO_LENGTH|AVERAGE_VIDEO_SIZE|VIDEO_COUNT,Чайная пара фарфоровая «Парижские коты» 800 мл
jz-dh3dbz-4299241452,62,74,74,ACTUAL,MAIN|ADDITIONAL|FILTERABLE|FIRST_VIDEO_SIZE|FIRST_VIDEO_LENGTH|AVERAGE_VIDEO_SIZE|VIDEO_COUNT,Бутылочка-контейнер для хранения грудного молока  180 мл  полипропилен  прозрачная
LZ-3507467610,62,73,78,ACTUAL,ADDITIONAL|TITLE_LENGTH|FIRST_VIDEO_SIZE|FIRST_VIDEO_LENGTH|AVERAGE_VIDEO_SIZE|VIDEO_COUNT,MAGICYOYO K2 металлический йо-йо для сна  голубой
manl71a0vwi0g5ftwyx6,62,66,75,ACTUAL,ADDITIONAL|FILTERABLE|TITLE_LENGTH|FIRST_VIDEO_SIZE|FIRST_VIDEO_LENGTH|AVERAGE_VIDEO_SIZE|VIDEO_COUNT,Подсумок тактический WOSPORT для ПНВ  кордура  чёрный
GYS-pun1uz-4716509932,63,63,63,UPDATING,FILTERABLE|FIRST_PICTURE_SIZE|DESCRIPTION_LENGTH|FIRST_VIDEO_SIZE|FIRST_VIDEO_LENGTH|AVERAGE_VIDEO_SIZE|VIDEO_COUNT,Перчатки автомобильные кожаные  1 пара  черные
jz-260811r2tt-2920980324,63,78,78,ACTUAL,MAIN|ADDITIONAL|FILTERABLE|TITLE_LENGTH|FIRST_VIDEO_SIZE|AVERAGE_VIDEO_SIZE,Набор аксессуаров для робот-пылесоса Dreame D20 Pro  8 шт.
jz-2608158hj3-1662206339,63,68,68,ACTUAL,MAIN|ADDITIONAL|FILTERABLE|TITLE_LENGTH|FIRST_VIDEO_SIZE|AVERAGE_VIDEO_SIZE,Пиробумага для фокусов 20х50 см  набор из 5 штук
jz-njhkb2-5114257976,63,73,73,ACTUAL,MAIN|ADDITIONAL|FILTERABLE|FIRST_VIDEO_SIZE|FIRST_VIDEO_LENGTH|AVERAGE_VIDEO_SIZE|VIDEO_COUNT,Электрогрелка для рук 2 в 1 с магнитным соединением  3 режима нагрева  Type-C
jz-ohz2j9-4290316851,63,61,61,ACTUAL,MAIN|ADDITIONAL|FILTERABLE|TITLE_LENGTH|FIRST_VIDEO_SIZE|FIRST_VIDEO_LENGTH|AVERAGE_VIDEO_SIZE|VIDEO_COUNT,Мягкая игрушка собака Корги в одежде  35 см  горчичный
NSDJB-BAI,63,78,78,ACTUAL,RECOGNIZED_VENDOR|MAIN|ADDITIONAL|FILTERABLE|FIRST_VIDEO_SIZE|FIRST_VIDEO_LENGTH|AVERAGE_VIDEO_SIZE|VIDEO_COUNT,Сумка Levany Baglory тоут на плечо молочно-белая из экокожи
NSDJB-HONG,63,78,78,ACTUAL,RECOGNIZED_VENDOR|MAIN|ADDITIONAL|FILTERABLE|FIRST_VIDEO_SIZE|FIRST_VIDEO_LENGTH|AVERAGE_VIDEO_SIZE|VIDEO_COUNT,Levany Сумка тоут на плечо Baglory красный 21x30x13 см
NSDJB-HUI,63,78,78,ACTUAL,RECOGNIZED_VENDOR|MAIN|ADDITIONAL|FILTERABLE|FIRST_VIDEO_SIZE|FIRST_VIDEO_LENGTH|AVERAGE_VIDEO_SIZE|VIDEO_COUNT,Сумка тоут Levany Baglory на плечо  средне-серый
NSDJB-QIANLAN,63,78,78,ACTUAL,RECOGNIZED_VENDOR|MAIN|ADDITIONAL|FILTERABLE|FIRST_VIDEO_SIZE|FIRST_VIDEO_LENGTH|AVERAGE_VIDEO_SIZE|VIDEO_COUNT,Сумка тоут Levany Baglory на плечо светло-голубая
NSDJB-SHENLAN,63,78,78,ACTUAL,RECOGNIZED_VENDOR|MAIN|ADDITIONAL|FILTERABLE|FIRST_VIDEO_SIZE|FIRST_VIDEO_LENGTH|AVERAGE_VIDEO_SIZE|VIDEO_COUNT,Сумка тоут Levany Baglory на плечо  тёмно-синий
NSDJB-ZI,63,78,78,ACTUAL,RECOGNIZED_VENDOR|MAIN|ADDITIONAL|FILTERABLE|FIRST_VIDEO_SIZE|FIRST_VIDEO_LENGTH|AVERAGE_VIDEO_SIZE|VIDEO_COUNT,Levany Сумка-тоут Baglory на плечо экокожа фиолетовая
ZS260824eyf4-4585634071,63,63,63,UPDATING,ADDITIONAL|FILTERABLE|PICTURE_COUNT|FIRST_PICTURE_SIZE|DESCRIPTION_LENGTH|AVERAGE_PICTURE_SIZE|FIRST_VIDEO_SIZE|AVERAGE_VIDEO_SIZE,Шапка-чепчик женская с защитой ушей  кремовый капучино
ZS260824eyf4-4585634839,63,63,63,UPDATING,ADDITIONAL|FILTERABLE|PICTURE_COUNT|FIRST_PICTURE_SIZE|DESCRIPTION_LENGTH|AVERAGE_PICTURE_SIZE|FIRST_VIDEO_SIZE|AVERAGE_VIDEO_SIZE,Шапка-чепчик женская зимняя с защитой ушей  абрикосово-желтый
ZS260824eyf4-4585635129,63,63,63,UPDATING,ADDITIONAL|FILTERABLE|PICTURE_COUNT|FIRST_PICTURE_SIZE|DESCRIPTION_LENGTH|AVERAGE_PICTURE_SIZE|FIRST_VIDEO_SIZE|AVERAGE_VIDEO_SIZE,Шапка-чепчик женская вязаная с защитой ушей молочно-белая
ZS260824eyf4-4585635231,63,63,63,UPDATING,ADDITIONAL|FILTERABLE|PICTURE_COUNT|FIRST_PICTURE_SIZE|DESCRIPTION_LENGTH|AVERAGE_PICTURE_SIZE|FIRST_VIDEO_SIZE|AVERAGE_VIDEO_SIZE,Шапка-чепчик женская утеплённая JZ-MT70EYER сине-серая
ZSGM01-3699719670,63,78,78,ACTUAL,RECOGNIZED_VENDOR|MAIN|ADDITIONAL|FILTERABLE|FIRST_VIDEO_SIZE|FIRST_VIDEO_LENGTH|AVERAGE_VIDEO_SIZE|VIDEO_COUNT,Levany Сумка тоут на плечо Baglory черный
3047144527-x0lH,64,64,74,ACTUAL,ADDITIONAL|FILTERABLE|TITLE_LENGTH,Клапан форсунки Delphi (мультипликатор) 28239294 Евро 3
GYS-nznb1s-3126524373,64,76,76,ACTUAL,MAIN|ADDITIONAL|TITLE_LENGTH|FIRST_VIDEO_SIZE|FIRST_VIDEO_LENGTH|AVERAGE_VIDEO_SIZE|VIDEO_COUNT,Уличный настенный светильник 12Вт IP65 черный E27
jz-260815h26t-2602076849,64,79,79,ACTUAL,ADDITIONAL|FILTERABLE|TITLE_LENGTH|FIRST_VIDEO_SIZE|FIRST_VIDEO_LENGTH|AVERAGE_VIDEO_SIZE,Панно макраме на стену большое "Листья" 1 м в стиле бохо
jz-260815h26t-2602102123,64,79,79,ACTUAL,ADDITIONAL|FILTERABLE|TITLE_LENGTH|FIRST_VIDEO_SIZE|FIRST_VIDEO_LENGTH|AVERAGE_VIDEO_SIZE,Панно макраме на стену "Листья"  100 см  серый хлопок  бохо
jz-260816r5ld-2597174480,64,79,79,ACTUAL,ADDITIONAL|FILTERABLE|TITLE_LENGTH|FIRST_VIDEO_SIZE|FIRST_VIDEO_LENGTH|AVERAGE_VIDEO_SIZE,Макраме панно на стену в стиле бохо из бука
LZ-3153037662,64,67,73,ACTUAL,MAIN|ADDITIONAL|FILTERABLE|TITLE_LENGTH|FIRST_VIDEO_SIZE|FIRST_VIDEO_LENGTH|AVERAGE_VIDEO_SIZE|VIDEO_COUNT,Стразы XIRIUS 2088 Crystal  700 шт.  8+8 граней
ZS260824eyf4-3298531580,64,64,64,UPDATING,FILTERABLE|PICTURE_COUNT|FIRST_PICTURE_SIZE|DESCRIPTION_LENGTH|AVERAGE_PICTURE_SIZE|FIRST_VIDEO_SIZE|AVERAGE_VIDEO_SIZE,Шапка чепчик женская с защитой ушей  хаки
ZS260824eyf4-4585633286,64,64,64,UPDATING,ADDITIONAL|FILTERABLE|PICTURE_COUNT|FIRST_PICTURE_SIZE|DESCRIPTION_LENGTH|AVERAGE_PICTURE_SIZE|FIRST_VIDEO_SIZE|AVERAGE_VIDEO_SIZE,Шапка-чепчик женская утеплённая с защитой ушей  цвет хаки
ZS260824eyf4-4585633327,64,64,64,UPDATING,ADDITIONAL|FILTERABLE|PICTURE_COUNT|FIRST_PICTURE_SIZE|DESCRIPTION_LENGTH|AVERAGE_PICTURE_SIZE|FIRST_VIDEO_SIZE|AVERAGE_VIDEO_SIZE,Шапка чепчик женская с защитой ушей красная JZ-MT70EYER
2640119112-FfXf,65,73,77,ACTUAL,MAIN|ADDITIONAL|FILTERABLE|FIRST_VIDEO_SIZE|FIRST_VIDEO_LENGTH|AVERAGE_VIDEO_SIZE|VIDEO_COUNT,Бутылка для воды спортивная 2500 мл с венчиком и мерной шкалой
3196674550-eG2t,65,71,74,ACTUAL,MAIN|ADDITIONAL|FILTERABLE|FIRST_VIDEO_SIZE|FIRST_VIDEO_LENGTH|AVERAGE_VIDEO_SIZE|VIDEO_COUNT,Калейдоскоп детский из фанеры  развивающая игрушка для творчества и наблюдений
LZ01-3842879737,65,65,65,UPDATING,MAIN|ADDITIONAL|FILTERABLE|PICTURE_COUNT|FIRST_PICTURE_SIZE|FIRST_VIDEO_SIZE|FIRST_VIDEO_LENGTH|AVERAGE_VIDEO_SIZE|VIDEO_COUNT,Браслет для часов Jsbtsu из нержавеющей стали  21 мм
SLGDJC,65,65,72,ACTUAL,MAIN|ADDITIONAL|FILTERABLE|TITLE_LENGTH,Скребок для стеклокерамики и индукции с лезвием  24 см
SLGDJJ,65,62,69,ACTUAL,MAIN|ADDITIONAL|FILTERABLE|TITLE_LENGTH,Скребок для стеклокерамики и индукции с лезвием 11 см
ZS260824eyf4-3298531483,65,65,65,UPDATING,FILTERABLE|PICTURE_COUNT|FIRST_PICTURE_SIZE|DESCRIPTION_LENGTH|AVERAGE_PICTURE_SIZE|FIRST_VIDEO_SIZE|AVERAGE_VIDEO_SIZE,Шапка чепчик женская зимняя розовая с защитой ушей
ZS260824eyf4-3298531604,65,65,65,UPDATING,FILTERABLE|PICTURE_COUNT|FIRST_PICTURE_SIZE|DESCRIPTION_LENGTH|AVERAGE_PICTURE_SIZE|FIRST_VIDEO_SIZE|AVERAGE_VIDEO_SIZE,Шапка чепчик женская утепленная ярко-красная
ZS260824eyf4-3298531634,65,65,65,UPDATING,FILTERABLE|PICTURE_COUNT|FIRST_PICTURE_SIZE|DESCRIPTION_LENGTH|AVERAGE_PICTURE_SIZE|FIRST_VIDEO_SIZE|AVERAGE_VIDEO_SIZE,Шапка женская чепчик бежевая универсальный размер
ZS260824eyf4-3298531686,65,65,65,UPDATING,FILTERABLE|PICTURE_COUNT|FIRST_PICTURE_SIZE|DESCRIPTION_LENGTH|AVERAGE_PICTURE_SIZE|FIRST_VIDEO_SIZE|AVERAGE_VIDEO_SIZE,Шапка чепчик женский светло-серый универсальный
ZSGM01-3868529716,65,78,78,ACTUAL,RECOGNIZED_VENDOR|MAIN|ADDITIONAL|FILTERABLE|FIRST_VIDEO_SIZE|FIRST_VIDEO_LENGTH|AVERAGE_VIDEO_SIZE|VIDEO_COUNT,Сумка женская Levany Baglory кросс-боди из экокожи черная
2134037126-UGo0,66,70,70,ACTUAL,MAIN|ADDITIONAL|FILTERABLE|TITLE_LENGTH|FIRST_VIDEO_SIZE|FIRST_VIDEO_LENGTH|AVERAGE_VIDEO_SIZE|VIDEO_COUNT,Аксессуар для робота-пылесоса Midea VCR M7  13 шт
Crecvk3FPvrOMyO,66,77,77,ACTUAL,MAIN|ADDITIONAL|FIRST_VIDEO_SIZE|FIRST_VIDEO_LENGTH|AVERAGE_VIDEO_SIZE|VIDEO_COUNT,Ремонтный комплект для стиральной машины W10324651  универсальные запчасти и аксессуары
jz-2608150cw2-5458803388,66,66,66,UPDATING,MAIN|ADDITIONAL|FILTERABLE|DESCRIPTION_LENGTH,Дождевик женский с капюшоном  разноцветный принт  универсальный размер
jz-2rqa92-2995799975,66,78,78,ACTUAL,MAIN|ADDITIONAL|FILTERABLE|FIRST_VIDEO_SIZE|FIRST_VIDEO_LENGTH|AVERAGE_VIDEO_SIZE|VIDEO_COUNT,Комплект аксессуаров для робота-пылесоса Dreame/Xiaomi D10 Plus  9 шт
jz-63ha0a-4583466896,66,66,66,UPDATING,MAIN|ADDITIONAL|FILTERABLE|TITLE_LENGTH|FIRST_VIDEO_SIZE|AVERAGE_VIDEO_SIZE,Музыкальный тренажер для бокса настенный с датчиком ударов  светящийся
jz-63ha0a-4753746131,66,66,66,UPDATING,FILTERABLE|DESCRIPTION_LENGTH|FIRST_VIDEO_SIZE|FIRST_VIDEO_LENGTH|AVERAGE_VIDEO_SIZE|VIDEO_COUNT,Тренажер для развития реакции детский навесной  бирюзовый  до 200 кг
jz-a5ffl0-4798549535,66,63,67,ACTUAL,MAIN|ADDITIONAL|FILTERABLE|PICTURE_COUNT|TITLE_LENGTH|FIRST_VIDEO_SIZE|FIRST_VIDEO_LENGTH|AVERAGE_VIDEO_SIZE|VIDEO_COUNT,Кофейная пара 500 мл  фарфоровая  красная с рисунком
jz-gxi10h-4363777974,66,68,74,ACTUAL,MAIN|ADDITIONAL|FILTERABLE|FIRST_VIDEO_SIZE|FIRST_VIDEO_LENGTH|AVERAGE_VIDEO_SIZE|VIDEO_COUNT,Сумка-шоппер женская из льна с винтажным принтом  шнуровые ручки  деревянная пуговица
LZ01-2751667945,66,67,73,ACTUAL,MAIN|ADDITIONAL|FILTERABLE|TITLE_LENGTH|FIRST_VIDEO_SIZE|FIRST_VIDEO_LENGTH|AVERAGE_VIDEO_SIZE|VIDEO_COUNT,Тактический фонарь FMA SKU00020 на шлем  CR123A  хаки
LZ01-3637613973,66,66,74,ACTUAL,MAIN|ADDITIONAL|FILTERABLE|PICTURE_COUNT|FIRST_VIDEO_SIZE|FIRST_VIDEO_LENGTH|AVERAGE_VIDEO_SIZE|VIDEO_COUNT,
SLGDJCSU10JIN10,66,73,79,ACTUAL,MAIN|ADDITIONAL|FILTERABLE,Скребок для стеклокерамики и индукции  24 см  с набором лезвий
ZS260828lmzn-5630549913,66,66,66,UPDATING,FILTERABLE|FIRST_PICTURE_SIZE|DESCRIPTION_LENGTH|FIRST_VIDEO_SIZE|FIRST_VIDEO_LENGTH|AVERAGE_VIDEO_SIZE|VIDEO_COUNT,Кошелек женский кожаный серый компактный на защелке
ZS260828lmzn-5630573854,66,66,66,UPDATING,FILTERABLE|FIRST_PICTURE_SIZE|DESCRIPTION_LENGTH|FIRST_VIDEO_SIZE|FIRST_VIDEO_LENGTH|AVERAGE_VIDEO_SIZE|VIDEO_COUNT,Монетник JZ-MTCSLMZ5 кожаный фиолетовый с защелкой
2728455332-ESa0,67,66,69,ACTUAL,MAIN|ADDITIONAL|FILTERABLE|TITLE_LENGTH|FIRST_VIDEO_SIZE|FIRST_VIDEO_LENGTH|AVERAGE_VIDEO_SIZE|VIDEO_COUNT,Такелажные ремни для переноски мебели и грузов 150 кг 2 6 м
3210925428-ZKWa,67,65,72,ACTUAL,MAIN|ADDITIONAL|FILTERABLE|FIRST_VIDEO_SIZE|FIRST_VIDEO_LENGTH|AVERAGE_VIDEO_SIZE|VIDEO_COUNT,Закладка пластиковая «Рука Демона» 3D-печать  чёрная  5 см  1 шт.
Crecvk7vAFYuxlx,67,79,79,ACTUAL,ADDITIONAL|FILTERABLE|FIRST_VIDEO_SIZE|FIRST_VIDEO_LENGTH|AVERAGE_VIDEO_SIZE|VIDEO_COUNT,Повысительный насос Байфан для систем обратного осмоса  50-1200 галлонов/сут
Crecvk9DTGCoLK0,67,74,74,ACTUAL,MAIN|ADDITIONAL|FILTERABLE|FIRST_VIDEO_SIZE|FIRST_VIDEO_LENGTH|AVERAGE_VIDEO_SIZE|VIDEO_COUNT,Мембранный насос 24В для системы обратного осмоса Байфань  50-800 галлонов/сутки
GYS-fq6f2z-3199964203,67,67,67,UPDATING,MAIN|ADDITIONAL|FILTERABLE|FIRST_PICTURE_SIZE|AVERAGE_PICTURE_SIZE|FIRST_VIDEO_SIZE|FIRST_VIDEO_LENGTH|AVERAGE_VIDEO_SIZE|VIDEO_COUNT,Волчок для батлов AULDEY Эпик Лончер Сплит Dragon Tiger (Молниеносная химера) со светом
GYS-fq6f2z-3199994933,67,67,67,UPDATING,MAIN|ADDITIONAL|FILTERABLE|FIRST_PICTURE_SIZE|AVERAGE_PICTURE_SIZE|FIRST_VIDEO_SIZE|FIRST_VIDEO_LENGTH|AVERAGE_VIDEO_SIZE|VIDEO_COUNT,Волчок для батлов AULDEY Эпик Лончер Сплит Double Dragon со светом
GYS-fq6f2z-3199997255,67,67,67,UPDATING,MAIN|ADDITIONAL|FILTERABLE|FIRST_PICTURE_SIZE|AVERAGE_PICTURE_SIZE|FIRST_VIDEO_SIZE|FIRST_VIDEO_LENGTH|AVERAGE_VIDEO_SIZE|VIDEO_COUNT,Волчок для батлов AULDEY Эпик Лончер Пауэр Gold Phoenix (Мерцающий Феникс)
GYS-fq6f2z-4744584961,67,67,67,UPDATING,ADDITIONAL|DESCRIPTION_LENGTH|FIRST_VIDEO_SIZE|FIRST_VIDEO_LENGTH|AVERAGE_VIDEO_SIZE|VIDEO_COUNT,Игрушечный лазерный бластер Лазертаг с жилетом  набор для детей 6167
GYS-pun1uz-3454554052,67,75,75,ACTUAL,MAIN|ADDITIONAL|FILTERABLE|FIRST_VIDEO_SIZE|FIRST_VIDEO_LENGTH|AVERAGE_VIDEO_SIZE|VIDEO_COUNT,Солнцезащитные очки детские 3454554052  пластиковая оправа  прозрачные линзы
jz-2608150cw2-5458646043,67,67,66,UPDATING,MAIN|ADDITIONAL|FILTERABLE|DESCRIPTION_LENGTH,Дождевик женский с капюшоном голубой
jz-2608150cw2-5458646142,67,67,66,UPDATING,MAIN|ADDITIONAL|FILTERABLE|DESCRIPTION_LENGTH,Дождевик женский с капюшоном универсального размера  бежевый
jz-2608150cw2-5458749644,67,67,67,UPDATING,MAIN|ADDITIONAL|FILTERABLE|DESCRIPTION_LENGTH,Дождевик женский белый XL
jz-2608150cw2-5458750138,67,67,66,UPDATING,MAIN|ADDITIONAL|FILTERABLE|DESCRIPTION_LENGTH,Дождевик женский EVA с капюшоном черный
jz-2608150cw2-5458750222,67,67,66,UPDATING,MAIN|ADDITIONAL|FILTERABLE|DESCRIPTION_LENGTH,Дождевик женский с капюшоном однотонный M
jz-2608150cw2-5458750412,67,67,67,UPDATING,MAIN|ADDITIONAL|FILTERABLE|DESCRIPTION_LENGTH,Дождевик женский EVA с капюшоном  удлинённый  зеленый  размер XL
jz-2608150cw2-5458750607,67,67,67,UPDATING,MAIN|ADDITIONAL|FILTERABLE|DESCRIPTION_LENGTH,Дождевик женский однотонный зеленый L
jz-2608150cw2-5458751211,67,67,67,UPDATING,MAIN|ADDITIONAL|FILTERABLE|DESCRIPTION_LENGTH,Дождевик женский EVA с капюшоном XL черный
jz-2608150cw2-5458751304,67,67,67,UPDATING,MAIN|ADDITIONAL|FILTERABLE|DESCRIPTION_LENGTH,Дождевик женский EVA с капюшоном черный  размер L
jz-2608150cw2-5458751444,67,67,66,UPDATING,MAIN|ADDITIONAL|FILTERABLE|DESCRIPTION_LENGTH,Дождевик женский с капюшоном EVA  белый  размер M
jz-2608150cw2-5458751825,67,67,67,UPDATING,MAIN|ADDITIONAL|FILTERABLE|DESCRIPTION_LENGTH,Дождевик женский с капюшоном EVA  удлиненный  белый  размер L
jz-260815eqiz-376827395,67,79,69,ACTUAL,,Хугермугер настольная карточная игра для компании  семьи и детей
jz-mn9jc2-1671176882,67,67,67,UPDATING,MAIN|FILTERABLE|DESCRIPTION_LENGTH|FIRST_VIDEO_SIZE|FIRST_VIDEO_LENGTH|AVERAGE_VIDEO_SIZE|VIDEO_COUNT,Перчатки мужские утепленные спандекс  1 пара
jz-uly3uk-2075640112,67,70,74,ACTUAL,ADDITIONAL|FILTERABLE|TITLE_LENGTH|FIRST_VIDEO_SIZE|FIRST_VIDEO_LENGTH|AVERAGE_VIDEO_SIZE|VIDEO_COUNT,Воланы перьевые Li-Ning G200  12 шт.
LZ-5wxmmp-4267235912,67,69,70,ACTUAL,MAIN|ADDITIONAL|FILTERABLE|TITLE_LENGTH|FIRST_VIDEO_SIZE|FIRST_VIDEO_LENGTH|AVERAGE_VIDEO_SIZE|VIDEO_COUNT,Разделочная доска из нержавеющей стали 40х60 см
LZ01-1782439639,67,68,68,UPDATING,MAIN|ADDITIONAL|FILTERABLE|PICTURE_COUNT|FIRST_PICTURE_SIZE|TITLE_LENGTH|AVERAGE_PICTURE_SIZE|FIRST_VIDEO_SIZE|FIRST_VIDEO_LENGTH|AVERAGE_VIDEO_SIZE|VIDEO_COUNT,Мотоперчатки Furygan AFS-6 кожаные белые размер XXL
YCXP-l342yy-4798335513,67,67,67,UPDATING,ADDITIONAL|DESCRIPTION_LENGTH|FIRST_VIDEO_SIZE|FIRST_VIDEO_LENGTH|AVERAGE_VIDEO_SIZE|VIDEO_COUNT,Органайзер для канцелярии qwert123_YCXP-l342yy-4798335513  3 секции  бежевый и серый
3010231266-OUQR,68,75,78,ACTUAL,ADDITIONAL|FILTERABLE|AVERAGE_PICTURE_SIZE|FIRST_VIDEO_SIZE|FIRST_VIDEO_LENGTH|AVERAGE_VIDEO_SIZE|VIDEO_COUNT,Проектор фар для мотоцикла 4x6 дюйма LED  дальний и ближний свет
ADBHEI0,68,62,75,ACTUAL,MAIN|ADDITIONAL|FILTERABLE|PICTURE_COUNT,Гелевая ручка с кнопочным механизмом  набор 10 шт.  0 5 мм  черные чернила
jz-mn9jc2-1706276890,68,68,68,UPDATING,FILTERABLE|DESCRIPTION_LENGTH|FIRST_VIDEO_SIZE|FIRST_VIDEO_LENGTH|AVERAGE_VIDEO_SIZE|VIDEO_COUNT,Перчатки мужские утепленные  размер L  цвет черный  1 пара
jz-mn9jc2-3289650616,68,68,68,UPDATING,MAIN|ADDITIONAL|FILTERABLE|DESCRIPTION_LENGTH|FIRST_VIDEO_SIZE|FIRST_VIDEO_LENGTH|AVERAGE_VIDEO_SIZE|VIDEO_COUNT,Перчатки мужские спортивные водонепроницаемые черные
jz-tar3ab-3707006237,68,73,73,ACTUAL,MAIN|ADDITIONAL|FILTERABLE|FIRST_VIDEO_SIZE|FIRST_VIDEO_LENGTH|AVERAGE_VIDEO_SIZE|VIDEO_COUNT,Поильник спортивный с трубочкой 400 мл  герметичный  тёмно-розовый
LZ-3389888684,68,66,69,ACTUAL,ADDITIONAL|FILTERABLE|TITLE_LENGTH|FIRST_VIDEO_SIZE|FIRST_VIDEO_LENGTH|AVERAGE_VIDEO_SIZE|VIDEO_COUNT,Соусник на прищепке для сервировки стола  пластик  5 шт.
QZBHEI,68,66,79,ACTUAL,MAIN|ADDITIONAL|FILTERABLE|PICTURE_COUNT,Набор из 10 гелевых ручек 0 5 мм с игольчатым наконечником  черные чернила
ZS260824eyf4-3298531410,68,68,68,UPDATING,FILTERABLE|PICTURE_COUNT|FIRST_PICTURE_SIZE|DESCRIPTION_LENGTH|AVERAGE_PICTURE_SIZE|FIRST_VIDEO_SIZE|AVERAGE_VIDEO_SIZE,Шапка чепчик женская утепленная с защитой ушей черная
ZS260824eyf4-4759970385,68,68,68,UPDATING,ADDITIONAL|FILTERABLE|FIRST_PICTURE_SIZE|DESCRIPTION_LENGTH|FIRST_VIDEO_SIZE|AVERAGE_VIDEO_SIZE,Шапка-чепчик мужская зимняя с защитой ушей тёмно-коричневая
ZS260824eyf4-4760005065,68,68,68,UPDATING,ADDITIONAL|FILTERABLE|FIRST_PICTURE_SIZE|DESCRIPTION_LENGTH|FIRST_VIDEO_SIZE|AVERAGE_VIDEO_SIZE,Шапка чепчик серый универсальный с защитой ушей Софт
ZS260824eyf4-4760023972,68,68,68,UPDATING,ADDITIONAL|FILTERABLE|FIRST_PICTURE_SIZE|DESCRIPTION_LENGTH|FIRST_VIDEO_SIZE|AVERAGE_VIDEO_SIZE,Шапка-чепчик мужская зимняя с защитой ушей  цвет хаки
2396631427-kuYi,69,68,72,ACTUAL,MAIN|ADDITIONAL|FILTERABLE|TITLE_LENGTH,Комплект фильтров для пылесоса Dreame T20 ATH5  HEPA  3 шт.
ADBBAI,69,69,79,ACTUAL,MAIN|ADDITIONAL|FILTERABLE|PICTURE_COUNT,Набор автоматических гелевых ручек с кнопочным механизмом  10 шт  синие чернила
ADBHONG,69,67,79,ACTUAL,MAIN|ADDITIONAL|FILTERABLE|PICTURE_COUNT,Набор автоматических гелевых ручек с верхней кнопкой  10 шт  синие чернила  0 5 мм
jz-gjoym9-1595789062,69,69,60,ACTUAL,MAIN|ADDITIONAL|FILTERABLE|TITLE_LENGTH|FIRST_VIDEO_SIZE|FIRST_VIDEO_LENGTH|AVERAGE_VIDEO_SIZE|VIDEO_COUNT,Гладилка двусторонняя фиссурная для золочения (бежевая) СТ-5
jz-ohz2j9-3926158332,69,79,79,ACTUAL,ADDITIONAL|FILTERABLE|FIRST_VIDEO_SIZE|FIRST_VIDEO_LENGTH|AVERAGE_VIDEO_SIZE|VIDEO_COUNT,Коврик туристический фольгированный 200x150 см двусторонний алюминиевый складной с чехлом
LZ01-2879145528,69,73,77,ACTUAL,ADDITIONAL|TITLE_LENGTH|FIRST_VIDEO_SIZE|FIRST_VIDEO_LENGTH|AVERAGE_VIDEO_SIZE|VIDEO_COUNT,Рюкзак с гидратором 15 л серый двухсекционный
2254781123-vK77,70,70,70,ACTUAL,MAIN|ADDITIONAL|FILTERABLE|FIRST_VIDEO_SIZE|FIRST_VIDEO_LENGTH|AVERAGE_VIDEO_SIZE|VIDEO_COUNT,Комплект аксессуаров для робота-пылесоса Roborock Q8 Max Pro  13 шт
2621600147-W63x,70,74,76,ACTUAL,MAIN|ADDITIONAL|FILTERABLE|FIRST_VIDEO_SIZE|FIRST_VIDEO_LENGTH|AVERAGE_VIDEO_SIZE|VIDEO_COUNT,Набор аксессуаров для робота-пылесоса Midea V12: щётки  фильтры  салфетки  мешки
3019018255-b2dx,70,70,73,ACTUAL,MAIN|ADDITIONAL|FILTERABLE|FIRST_VIDEO_SIZE|FIRST_VIDEO_LENGTH|AVERAGE_VIDEO_SIZE|VIDEO_COUNT,Лезвия для канцелярского ножа 18 мм  сталь SK5  набор 50 шт.
Eufy C28-15w,70,78,78,ACTUAL,MAIN|ADDITIONAL|FILTERABLE|FIRST_VIDEO_SIZE|FIRST_VIDEO_LENGTH|AVERAGE_VIDEO_SIZE|VIDEO_COUNT,Комплект аксессуаров 15 шт. для Eufy C28 / C28 Omni: щётки  фильтры  мешки  ролик
DEKVHIZFXDVRLO,70,73,73,ACTUAL,MAIN|ADDITIONAL|TITLE_LENGTH,Кукла шарнирная Mis Girl Софи 30 см с аксессуаром
LZ-f2484t-5170768053,70,70,70,UPDATING,MAIN|ADDITIONAL|FILTERABLE|TITLE_LENGTH|FIRST_VIDEO_SIZE|FIRST_VIDEO_LENGTH|AVERAGE_VIDEO_SIZE|VIDEO_COUNT,Фигурка декоративная собака из смолы  6.6×3 см  коричневый
LZ01-3395501590,70,69,79,ACTUAL,ADDITIONAL|FILTERABLE|FIRST_VIDEO_SIZE|FIRST_VIDEO_LENGTH|AVERAGE_VIDEO_SIZE|VIDEO_COUNT,Ремень приводной 0180-055000 (939-36) для ATV и UTV  1 шт.
QZBLAN,70,57,70,ACTUAL,MAIN|ADDITIONAL|FILTERABLE|PICTURE_COUNT|TITLE_LENGTH,Набор гелевых ручек 0 5 мм  синие чернила  10 шт
GYS-fq6f2z-3057497088,71,71,71,UPDATING,MAIN|ADDITIONAL|FILTERABLE|FIRST_PICTURE_SIZE|AVERAGE_PICTURE_SIZE|FIRST_VIDEO_SIZE|FIRST_VIDEO_LENGTH|AVERAGE_VIDEO_SIZE|VIDEO_COUNT,Заводной волчок Адский призрак  синий  7 см
GYS-fq6f2z-4615922470,71,71,71,UPDATING,MAIN|ADDITIONAL|FILTERABLE|PICTURE_COUNT|FIRST_PICTURE_SIZE|TITLE_LENGTH|FIRST_VIDEO_SIZE|FIRST_VIDEO_LENGTH|AVERAGE_VIDEO_SIZE|VIDEO_COUNT,Скричер Ерсквейк Мамонт L3  3 слоя  до 20 кг  чёрный
jz-260622urze-4717233398,71,71,71,UPDATING,MAIN|ADDITIONAL|FILTERABLE|PICTURE_COUNT|FIRST_VIDEO_SIZE|AVERAGE_VIDEO_SIZE,Винтажная сумка-пухлик сине-серая  минимализм  большая ёмкость  на плечо
jz-fq6fzb-3724736665,71,74,79,ACTUAL,ADDITIONAL|FILTERABLE|FIRST_VIDEO_SIZE|FIRST_VIDEO_LENGTH|AVERAGE_VIDEO_SIZE|VIDEO_COUNT,Датчик провода спидометра M8 для мотоцикла KTM Gr8 и Kews k16  k18  k23
jz-uezs1s-4962631829,71,75,75,ACTUAL,MAIN|ADDITIONAL|FILTERABLE|FIRST_VIDEO_SIZE|FIRST_VIDEO_LENGTH|AVERAGE_VIDEO_SIZE|VIDEO_COUNT,Телескопическая тренировочная палка из стали  53/66 см  с нескользящей рукоятью
jz-uly3uk-3967442783,71,71,71,ACTUAL,MAIN|ADDITIONAL|FILTERABLE|TITLE_LENGTH|FIRST_VIDEO_SIZE|FIRST_VIDEO_LENGTH|AVERAGE_VIDEO_SIZE|VIDEO_COUNT,Светодиодная лампа S&D H3 80W 6000K 12000Lm 12-32В  2 шт.
LZ-3427963436,71,74,77,ACTUAL,ADDITIONAL|TITLE_LENGTH|FIRST_VIDEO_SIZE|FIRST_VIDEO_LENGTH|AVERAGE_VIDEO_SIZE|VIDEO_COUNT,Перо для каллиграфии остроконечное  1 шт.
LZ01-3212969636,71,66,73,ACTUAL,ADDITIONAL|FILTERABLE|TITLE_LENGTH|FIRST_VIDEO_SIZE|FIRST_VIDEO_LENGTH|AVERAGE_VIDEO_SIZE|VIDEO_COUNT,Кофе в капсулах Tassimo Espresso  арабика  16 шт
zm-50gvam-5285587017,71,66,70,ACTUAL,MAIN|ADDITIONAL|FILTERABLE|PICTURE_COUNT|FIRST_VIDEO_SIZE|FIRST_VIDEO_LENGTH|AVERAGE_VIDEO_SIZE|VIDEO_COUNT,Амулет фэншуй Ба-гуа металлический с символом гармонии и защиты  золотистый
ZS260828lmzn-5630031354,71,71,71,UPDATING,FILTERABLE|DESCRIPTION_LENGTH|FIRST_VIDEO_SIZE|FIRST_VIDEO_LENGTH|AVERAGE_VIDEO_SIZE|VIDEO_COUNT,Кошелек монетница женский кожаный черный с отделением для карт
ZS260828lmzn-5630058742,71,71,71,UPDATING,FILTERABLE|DESCRIPTION_LENGTH|FIRST_VIDEO_SIZE|FIRST_VIDEO_LENGTH|AVERAGE_VIDEO_SIZE|VIDEO_COUNT,Кошелёк монетница JZ-MTCSLMZ5 коричневый кожаный
ZS260828lmzn-5630104302,71,71,71,UPDATING,FILTERABLE|DESCRIPTION_LENGTH|FIRST_VIDEO_SIZE|FIRST_VIDEO_LENGTH|AVERAGE_VIDEO_SIZE|VIDEO_COUNT,Монетник кожаный женский красный с защелкой
3018991068-g1hw,72,64,67,ACTUAL,MAIN|ADDITIONAL|FILTERABLE|FIRST_VIDEO_SIZE|FIRST_VIDEO_LENGTH|AVERAGE_VIDEO_SIZE|VIDEO_COUNT,Лезвия сменные для канцелярского ножа 18 мм  сталь SK5  набор 20 шт.
jz-260815am9t-820423832,72,79,79,ACTUAL,ADDITIONAL|FILTERABLE|TITLE_LENGTH|FIRST_VIDEO_SIZE|AVERAGE_VIDEO_SIZE,Алькантара самоклеящаяся для авто 50 х 150 см черная
jz-gjoym9-1595796462,72,75,76,ACTUAL,MAIN|ADDITIONAL|FIRST_VIDEO_SIZE|FIRST_VIDEO_LENGTH|AVERAGE_VIDEO_SIZE|VIDEO_COUNT,Гладилка стоматологическая двусторонний штопфер СТ-4  зелёный
1687512140-VwVs,73,73,73,ACTUAL,MAIN|FILTERABLE|PICTURE_COUNT|AVERAGE_PICTURE_SIZE|FIRST_VIDEO_SIZE|FIRST_VIDEO_LENGTH|AVERAGE_VIDEO_SIZE|VIDEO_COUNT,Ножницы для вышивания Le Bonheur des Dames P235 с чехлом  10 см  золотой
2673557387-m2lf,73,73,76,ACTUAL,MAIN|ADDITIONAL|TITLE_LENGTH|FIRST_VIDEO_SIZE|FIRST_VIDEO_LENGTH|AVERAGE_VIDEO_SIZE|VIDEO_COUNT,Стеклянные сферические глаза для куклы 18 мм  карие  пара
jz-260815ixq3-3543832877,73,72,72,ACTUAL,MAIN|ADDITIONAL|FILTERABLE|TITLE_LENGTH,Набор для шитья 172 предмета в пенале-органайзере
jz-uly3uk-4686738287,73,77,74,ACTUAL,ADDITIONAL|FILTERABLE|TITLE_LENGTH|FIRST_VIDEO_SIZE|FIRST_VIDEO_LENGTH|AVERAGE_VIDEO_SIZE|VIDEO_COUNT,Городской рюкзак милитари  средний 20-30 л  отделение для ноутбука 15"
192f-2,74,74,74,ACTUAL,ADDITIONAL|FILTERABLE|PICTURE_COUNT|FIRST_VIDEO_SIZE|FIRST_VIDEO_LENGTH|AVERAGE_VIDEO_SIZE|VIDEO_COUNT,Топливный насос высокого давления (ТНВД) для двигателя 192F  игла 23 мм  стальной шарик  2 шт.
jz-260707re42-2194231723,74,72,75,ACTUAL,ADDITIONAL|FILTERABLE|TITLE_LENGTH|FIRST_VIDEO_SIZE|FIRST_VIDEO_LENGTH|AVERAGE_VIDEO_SIZE|VIDEO_COUNT,Игровой стол для песка и воды  13 предметов  салатовый
jz-33hanu-3939001983,74,76,79,ACTUAL,MAIN|ADDITIONAL|FILTERABLE|FIRST_VIDEO_SIZE|FIRST_VIDEO_LENGTH|AVERAGE_VIDEO_SIZE|VIDEO_COUNT,Бластер игрушечный многозарядный с мягкими пулями-присосками  бирюзовый
CrecvklcYTV89im,75,66,66,ACTUAL,MAIN|ADDITIONAL|FILTERABLE|TITLE_LENGTH|FIRST_VIDEO_SIZE|FIRST_VIDEO_LENGTH|AVERAGE_VIDEO_SIZE|VIDEO_COUNT,Сменный фильтр для пылесоса Bosch 00708278 708278  1 шт
jz-ydp9z9-3189475439,75,73,74,ACTUAL,MAIN|ADDITIONAL|FILTERABLE|FIRST_VIDEO_SIZE|FIRST_VIDEO_LENGTH|AVERAGE_VIDEO_SIZE|VIDEO_COUNT,Магнитный съемник для антикражных замков стоплок с цепочкой и кольцом  серебристый
LZ-qtsoul-5148771361-4,75,75,75,UPDATING,ADDITIONAL|PICTURE_COUNT|TITLE_LENGTH|FIRST_VIDEO_SIZE|FIRST_VIDEO_LENGTH|AVERAGE_VIDEO_SIZE|VIDEO_COUNT,Фильтр HEPA моющийся моторный для Polaris PVC 2004RI  4 шт.
2759835754-HaT7,76,78,78,ACTUAL,MAIN|ADDITIONAL|FILTERABLE,Комплект аксессуаров для робота-пылесоса Midea VCR S6 Plus  17 шт.
2765429511-8Ghh,76,78,78,ACTUAL,ADDITIONAL|FILTERABLE|TITLE_LENGTH|FIRST_VIDEO_SIZE|FIRST_VIDEO_LENGTH|AVERAGE_VIDEO_SIZE|VIDEO_COUNT,Маркер акриловый Flysea  набор 36 шт.  кисть  водная основа
2872717178-UeMT,76,79,79,ACTUAL,ADDITIONAL|FILTERABLE|FIRST_VIDEO_SIZE|FIRST_VIDEO_LENGTH|AVERAGE_VIDEO_SIZE|VIDEO_COUNT,Салфетки для робота-мойщика окон iBoto Win 390  Win 395  12 шт.  микрофибра
ADBHONG0,76,64,77,ACTUAL,MAIN|ADDITIONAL|FILTERABLE|PICTURE_COUNT,Набор гелевых ручек с кнопкой 0 5 мм  10 шт  красные чернила
jz-79kd0n-2205652432,76,79,79,ACTUAL,ADDITIONAL|FILTERABLE|FIRST_VIDEO_SIZE|FIRST_VIDEO_LENGTH|AVERAGE_VIDEO_SIZE|VIDEO_COUNT,Тесьма декоративная с ромашками  4 5 м  160 цветков  акрил  разноцветная
jz-gxi10h-769385542,76,62,74,ACTUAL,MAIN|ADDITIONAL|FILTERABLE|FIRST_VIDEO_SIZE|FIRST_VIDEO_LENGTH|AVERAGE_VIDEO_SIZE|VIDEO_COUNT,Сумка-рюкзак для художников  папка тканевая  А2  46×65 см  бордовый
JZQCGLWDIFVXPD,76,75,79,ACTUAL,RECOGNIZED_VENDOR|MAIN|ADDITIONAL|PICTURE_COUNT|FIRST_VIDEO_SIZE|FIRST_VIDEO_LENGTH|AVERAGE_VIDEO_SIZE|VIDEO_COUNT,Сумка пляжная NEФRENDZONA кросс-боди из соломы бежевая
LZ-3292743084,76,64,67,ACTUAL,MAIN|ADDITIONAL|FILTERABLE|FIRST_VIDEO_SIZE|FIRST_VIDEO_LENGTH|AVERAGE_VIDEO_SIZE|VIDEO_COUNT,Автополив стеклянный 260 мл в форме совы  10 см  прозрачный  1 шт
ZS260824eyf4-4759978835,76,76,76,UPDATING,ADDITIONAL|FILTERABLE|DESCRIPTION_LENGTH|FIRST_VIDEO_SIZE|AVERAGE_VIDEO_SIZE,Шапка-чепчик мужская универсальная серо-черная с защитой ушей
1682621938-ecor,77,64,68,ACTUAL,MAIN|ADDITIONAL|TITLE_LENGTH|FIRST_VIDEO_SIZE|FIRST_VIDEO_LENGTH|AVERAGE_VIDEO_SIZE|VIDEO_COUNT,Светодиодный настенный светильник Любимый свет art_11x-ddqt  16 Вт  220 В  квадратный  3 режима света  с выключателем на проводе
2254903973-pRym,77,76,76,ACTUAL,MAIN|ADDITIONAL|FILTERABLE|FIRST_VIDEO_SIZE|FIRST_VIDEO_LENGTH|AVERAGE_VIDEO_SIZE|VIDEO_COUNT,Мешок-пылесборник 8 шт для робота-пылесоса Roborock Q8 Max Pro Plus
2328992593-ho9j,77,71,72,ACTUAL,MAIN|ADDITIONAL|FILTERABLE|FIRST_VIDEO_SIZE|FIRST_VIDEO_LENGTH|AVERAGE_VIDEO_SIZE|VIDEO_COUNT,Мешки-пылесборники для робота-пылесоса Midea VCR V15 Pro Ultra / V15 Pro  8 шт
ADBLAN,77,77,75,ACTUAL,MAIN|ADDITIONAL|FILTERABLE|PICTURE_COUNT,Набор гелевых ручек с кнопочным механизмом  10 шт.  0 5 мм  голубые чернила
Crecvk7vA4Gz5TY,77,79,79,ACTUAL,ADDITIONAL|FILTERABLE|FIRST_VIDEO_SIZE|FIRST_VIDEO_LENGTH|AVERAGE_VIDEO_SIZE|VIDEO_COUNT,Мембранный насос для обратного осмоса Байфан  повысительный насос давления 50-1200 гал/сут
Crecvk7x0g2nAXA,77,79,79,ACTUAL,ADDITIONAL|FILTERABLE|FIRST_VIDEO_SIZE|FIRST_VIDEO_LENGTH|AVERAGE_VIDEO_SIZE|VIDEO_COUNT,Мембранный повысительный насос Lifu для системы обратного осмоса 75-400G
Crecvk7x13q0hR6,77,79,79,ACTUAL,ADDITIONAL|FILTERABLE|FIRST_VIDEO_SIZE|FIRST_VIDEO_LENGTH|AVERAGE_VIDEO_SIZE|VIDEO_COUNT,Насос для системы обратного осмоса 24V мембранный  повышение давления для фильтра воды
jz-dyo0tp-3209307098,77,70,70,ACTUAL,MAIN|ADDITIONAL|FILTERABLE|TITLE_LENGTH|FIRST_VIDEO_SIZE|FIRST_VIDEO_LENGTH|AVERAGE_VIDEO_SIZE|VIDEO_COUNT,Походный умывальник с кнопочным насосом и фонарём  зелёный
ZS01-4234434714,77,77,77,UPDATING,RECOGNIZED_VENDOR|FILTERABLE|FIRST_PICTURE_SIZE|FIRST_VIDEO_SIZE|FIRST_VIDEO_LENGTH|AVERAGE_VIDEO_SIZE|VIDEO_COUNT,Панама DISHABRAND из денима с бахромой
ZS260824eyf4-4844330765,77,77,77,UPDATING,FILTERABLE|DESCRIPTION_LENGTH|FIRST_VIDEO_SIZE|AVERAGE_VIDEO_SIZE,Шапка-чепчик женская зимняя JZ-MT70EYER универсальный размер софт бело-серая
ZS260824eyf4-4844331241,77,77,77,UPDATING,FILTERABLE|DESCRIPTION_LENGTH|FIRST_VIDEO_SIZE|AVERAGE_VIDEO_SIZE,Шапка чепчик женский зимний мягкий из софта молочного цвета
ZS260824eyf4-4844331599,77,77,77,UPDATING,FILTERABLE|DESCRIPTION_LENGTH|FIRST_VIDEO_SIZE|AVERAGE_VIDEO_SIZE,Шапка женская Soft зимняя чепчик пшеничного цвета универсального размера
ZS260824eyf4-4844332102,77,77,77,UPDATING,FILTERABLE|DESCRIPTION_LENGTH|FIRST_VIDEO_SIZE|AVERAGE_VIDEO_SIZE,Шапка-чепчик женская жемчужно-серая с защитой ушей  акрил/софт
ZS260824eyf4-4844332292,77,77,77,UPDATING,FILTERABLE|DESCRIPTION_LENGTH|FIRST_VIDEO_SIZE|AVERAGE_VIDEO_SIZE,Шапка-чепчик женская Soft зимняя с защитой ушей молочно-белая
ZS260824eyf4-4844336540,77,77,77,UPDATING,FILTERABLE|DESCRIPTION_LENGTH|FIRST_VIDEO_SIZE|AVERAGE_VIDEO_SIZE,Шапка чепчик женская розовая с защитой ушей софт
ZS260824eyf4-5228989105,77,77,77,UPDATING,FILTERABLE|DESCRIPTION_LENGTH|FIRST_VIDEO_SIZE|AVERAGE_VIDEO_SIZE,Шапка чепчик с защитой ушей мандаринового цвета  универсальный размер
ZS260824eyf4-5229092512,77,77,77,UPDATING,FILTERABLE|DESCRIPTION_LENGTH|FIRST_VIDEO_SIZE|AVERAGE_VIDEO_SIZE,Шапка чепчик JZ-MT70EYER универсальный размер серо-черная с защитой ушей
ZS260824eyf4-5229111414,77,77,77,UPDATING,FILTERABLE|DESCRIPTION_LENGTH|FIRST_VIDEO_SIZE|AVERAGE_VIDEO_SIZE,Шапка чепчик с защитой ушей бежево-хаки универсальный размер
2747367191-CicZ,78,70,71,ACTUAL,MAIN|ADDITIONAL|FILTERABLE|FIRST_VIDEO_SIZE|FIRST_VIDEO_LENGTH|AVERAGE_VIDEO_SIZE|VIDEO_COUNT,Салфетки для влажной уборки (6 шт) для робота-пылесоса Midea VCR V15 Pro Ultra / V15 Pro
jz-gxi10h-3522754906,78,74,74,ACTUAL,MAIN|ADDITIONAL|FILTERABLE|FIRST_VIDEO_SIZE|FIRST_VIDEO_LENGTH|AVERAGE_VIDEO_SIZE|VIDEO_COUNT,Сумка-рюкзак для художника тканевая 46x65 см формата А2 чёрного цвета
1758927716-Phqj,79,75,75,ACTUAL,MAIN|ADDITIONAL|FIRST_VIDEO_SIZE|FIRST_VIDEO_LENGTH|AVERAGE_VIDEO_SIZE|VIDEO_COUNT,Пробойник для кожи SOPIYRIO  набор 15 штампов 1–15 мм  металл
1981922283-xmrc,79,69,70,ACTUAL,MAIN|ADDITIONAL|FILTERABLE|FIRST_VIDEO_SIZE|FIRST_VIDEO_LENGTH|AVERAGE_VIDEO_SIZE|VIDEO_COUNT,Комплект фильтров и щеток для робота-пылесоса Midea VCR V15 Pro  17 шт
jz-uly3uk-2775381620,79,76,76,ACTUAL,ADDITIONAL|TITLE_LENGTH|FIRST_VIDEO_SIZE|FIRST_VIDEO_LENGTH|AVERAGE_VIDEO_SIZE|VIDEO_COUNT,Рюкзак школьный LUXMAN 2775381620 серый 46x30x17 см 20-30 л
jz-uly3uk-2775381620-cai,79,75,75,ACTUAL,ADDITIONAL|FILTERABLE|TITLE_LENGTH|FIRST_VIDEO_SIZE|FIRST_VIDEO_LENGTH|AVERAGE_VIDEO_SIZE|VIDEO_COUNT,Рюкзак школьный LUXMAN  ортопедический  черный  20-30 л
jz-uly3uk-2775381620-lan,79,74,74,ACTUAL,ADDITIONAL|FILTERABLE|TITLE_LENGTH|FIRST_VIDEO_SIZE|FIRST_VIDEO_LENGTH|AVERAGE_VIDEO_SIZE|VIDEO_COUNT,Рюкзак школьный LUXMAN  синий  20-30 л  ортопедический
LZ01-3218807386,79,74,77,ACTUAL,MAIN|ADDITIONAL|FILTERABLE|FIRST_VIDEO_SIZE|FIRST_VIDEO_LENGTH|AVERAGE_VIDEO_SIZE|VIDEO_COUNT,Интенсивный крем с коллагеном для области вокруг глаз  30 мл