offerId,name,before,now,cardStatus,需补图,需补视频,需补属性,平台问题,剩余建议
jz-43c4a1-3989854024,,24,63,HAS_CARD_CAN_UPDATE,Y,Y,Y,Y,MAIN(+1); ADDITIONAL(+5); FILTERABLE(+8); PICTURE_COUNT(+7); FIRST_PICTURE_SIZE(+7); AVERAGE_PICTURE_SIZE(+1); FIRST_VIDEO_SIZE(+2); FIRST_VIDEO_LENGTH(+2); AVERAGE_VIDEO_SIZE(+2); VIDEO_COUNT(+2)
jz-74no4j-4373210704,,25,62,HAS_CARD_CAN_UPDATE,Y,Y,Y,Y,MAIN(+5); ADDITIONAL(+5); FILTERABLE(+4); FIRST_PICTURE_SIZE(+15); AVERAGE_PICTURE_SIZE(+1); FIRST_VIDEO_SIZE(+2); FIRST_VIDEO_LENGTH(+2); AVERAGE_VIDEO_SIZE(+2); VIDEO_COUNT(+2)
jz-2608156czu-5434366857,,26,69,HAS_CARD_CAN_UPDATE,Y,Y,Y,Y,MAIN(+1); ADDITIONAL(+5); FILTERABLE(+6); PICTURE_COUNT(+7); FIRST_PICTURE_SIZE(+4); FIRST_VIDEO_SIZE(+2); FIRST_VIDEO_LENGTH(+2); AVERAGE_VIDEO_SIZE(+2); VIDEO_COUNT(+2)
jz-74no4j-4209730086,,26,66,HAS_CARD_CAN_UPDATE,Y,Y,Y,Y,ADDITIONAL(+5); FILTERABLE(+4); PICTURE_COUNT(+1); FIRST_PICTURE_SIZE(+15); AVERAGE_PICTURE_SIZE(+1); FIRST_VIDEO_SIZE(+2); FIRST_VIDEO_LENGTH(+2); AVERAGE_VIDEO_SIZE(+2); VIDEO_COUNT(+2)
jz-2nf96y-3985003257,,28,46,HAS_CARD_CAN_UPDATE,Y,Y,Y,Y,ADDITIONAL(+5); FILTERABLE(+2); PICTURE_COUNT(+5); FIRST_PICTURE_SIZE(+22); TITLE_LENGTH(+11); AVERAGE_PICTURE_SIZE(+2); FIRST_VIDEO_SIZE(+2); FIRST_VIDEO_LENGTH(+2); AVERAGE_VIDEO_SIZE(+2); VIDEO_COUNT(+2)
GYS-fq6f2z-4615699926,,31,31,HAS_CARD_CAN_UPDATE_PROCESSING,Y,Y,Y,Y,MAIN(+9); ADDITIONAL(+5); FILTERABLE(+6); PICTURE_COUNT(+1); FIRST_PICTURE_SIZE(+9); TITLE_LENGTH(+10); DESCRIPTION_LENGTH(+20); AVERAGE_PICTURE_SIZE(+1); FIRST_VIDEO_SIZE(+2); FIRST_VIDEO_LENGTH(+2); AVERAGE_VIDEO_SIZE(+2); VIDEO_COUNT(+2)
jz-260803cn42-5219380044,,31,69,HAS_CARD_CAN_UPDATE_ERRORS,Y,Y,Y,Y,ADDITIONAL(+5); FILTERABLE(+5); PICTURE_COUNT(+7); FIRST_PICTURE_SIZE(+5); AVERAGE_PICTURE_SIZE(+1); FIRST_VIDEO_SIZE(+2); FIRST_VIDEO_LENGTH(+2); AVERAGE_VIDEO_SIZE(+2); VIDEO_COUNT(+2)
jz-bl4yse-4510686580,,31,56,HAS_CARD_CAN_UPDATE,Y,Y,Y,Y,MAIN(+12); ADDITIONAL(+4); FIRST_PICTURE_SIZE(+9); TITLE_LENGTH(+10); AVERAGE_PICTURE_SIZE(+1); FIRST_VIDEO_SIZE(+2); FIRST_VIDEO_LENGTH(+2); AVERAGE_VIDEO_SIZE(+2); VIDEO_COUNT(+2)
LZ-5wxmmp-5131474742,,31,69,HAS_CARD_CAN_UPDATE,Y,Y,Y,Y,MAIN(+9); ADDITIONAL(+5); FILTERABLE(+1); PICTURE_COUNT(+3); FIRST_PICTURE_SIZE(+5); FIRST_VIDEO_SIZE(+2); FIRST_VIDEO_LENGTH(+2); AVERAGE_VIDEO_SIZE(+2); VIDEO_COUNT(+2)
GYS-fq6f2z-4615873227,,32,32,HAS_CARD_CAN_UPDATE_PROCESSING,Y,Y,Y,Y,MAIN(+12); ADDITIONAL(+3); FILTERABLE(+6); PICTURE_COUNT(+3); FIRST_PICTURE_SIZE(+5); TITLE_LENGTH(+10); DESCRIPTION_LENGTH(+20); AVERAGE_PICTURE_SIZE(+1); FIRST_VIDEO_SIZE(+2); FIRST_VIDEO_LENGTH(+2); AVERAGE_VIDEO_SIZE(+2); VIDEO_COUNT(+2)
LZ01-3153456655,,32,55,HAS_CARD_CAN_UPDATE,Y,Y,Y,Y,ADDITIONAL(+6); FILTERABLE(+6); PICTURE_COUNT(+3); FIRST_PICTURE_SIZE(+10); TITLE_LENGTH(+11); AVERAGE_PICTURE_SIZE(+1); FIRST_VIDEO_SIZE(+2); FIRST_VIDEO_LENGTH(+2); AVERAGE_VIDEO_SIZE(+2); VIDEO_COUNT(+2)
GYS-fq6f2z-4553124196,,33,33,HAS_CARD_CAN_UPDATE_PROCESSING,Y,Y,Y,Y,MAIN(+9); ADDITIONAL(+5); FILTERABLE(+6); PICTURE_COUNT(+3); FIRST_PICTURE_SIZE(+5); TITLE_LENGTH(+10); DESCRIPTION_LENGTH(+20); AVERAGE_PICTURE_SIZE(+1); FIRST_VIDEO_SIZE(+2); FIRST_VIDEO_LENGTH(+2); AVERAGE_VIDEO_SIZE(+2); VIDEO_COUNT(+2)
jz-5iiqgn-3879357364,,33,61,HAS_CARD_CAN_UPDATE,Y,Y,Y,Y,ADDITIONAL(+5); FILTERABLE(+5); PICTURE_COUNT(+3); FIRST_PICTURE_SIZE(+7); TITLE_LENGTH(+10); AVERAGE_PICTURE_SIZE(+1); FIRST_VIDEO_SIZE(+2); FIRST_VIDEO_LENGTH(+2); AVERAGE_VIDEO_SIZE(+2); VIDEO_COUNT(+2)
jz-v6j4ej-4892018892,,33,79,HAS_CARD_CAN_UPDATE,Y,Y,Y,Y,ADDITIONAL(+5); FIRST_PICTURE_SIZE(+8); FIRST_VIDEO_SIZE(+2); FIRST_VIDEO_LENGTH(+2); AVERAGE_VIDEO_SIZE(+2); VIDEO_COUNT(+2)
LZ-5wxmmp-4797066763,,33,68,HAS_CARD_CAN_UPDATE,Y,Y,Y,Y,MAIN(+5); ADDITIONAL(+3); FILTERABLE(+3); FIRST_PICTURE_SIZE(+12); AVERAGE_PICTURE_SIZE(+1); FIRST_VIDEO_SIZE(+2); FIRST_VIDEO_LENGTH(+2); AVERAGE_VIDEO_SIZE(+2); VIDEO_COUNT(+2)
LZ-5wxmmp-4932050925,,33,53,HAS_CARD_CAN_UPDATE,Y,Y,Y,Y,MAIN(+7); ADDITIONAL(+5); FILTERABLE(+8); PICTURE_COUNT(+3); FIRST_PICTURE_SIZE(+14); AVERAGE_PICTURE_SIZE(+2); FIRST_VIDEO_SIZE(+2); FIRST_VIDEO_LENGTH(+2); AVERAGE_VIDEO_SIZE(+2); VIDEO_COUNT(+2)
LZ01-3700237250,,33,72,HAS_CARD_CAN_UPDATE,Y,Y,Y,Y,MAIN(+3); ADDITIONAL(+5); FILTERABLE(+2); PICTURE_COUNT(+4); FIRST_PICTURE_SIZE(+5); AVERAGE_PICTURE_SIZE(+1); FIRST_VIDEO_SIZE(+2); FIRST_VIDEO_LENGTH(+2); AVERAGE_VIDEO_SIZE(+2); VIDEO_COUNT(+2)
GYS-fq6f2z-3659202919,,34,58,HAS_CARD_CAN_UPDATE,Y,Y,Y,Y,MAIN(+12); ADDITIONAL(+5); FIRST_PICTURE_SIZE(+6); TITLE_LENGTH(+10); AVERAGE_PICTURE_SIZE(+1); FIRST_VIDEO_SIZE(+2); FIRST_VIDEO_LENGTH(+2); AVERAGE_VIDEO_SIZE(+2); VIDEO_COUNT(+2)
GYS-fq6f2z-4553677981,,34,34,HAS_CARD_CAN_UPDATE_PROCESSING,Y,Y,Y,Y,MAIN(+9); ADDITIONAL(+5); FILTERABLE(+8); PICTURE_COUNT(+3); FIRST_PICTURE_SIZE(+3); TITLE_LENGTH(+10); DESCRIPTION_LENGTH(+20); FIRST_VIDEO_SIZE(+2); FIRST_VIDEO_LENGTH(+2); AVERAGE_VIDEO_SIZE(+2); VIDEO_COUNT(+2)
jz-260811hiq7-2670822183,,34,71,HAS_CARD_CAN_UPDATE_ERRORS,Y,Y,Y,Y,ADDITIONAL(+5); FILTERABLE(+6); FIRST_PICTURE_SIZE(+9); AVERAGE_PICTURE_SIZE(+1); FIRST_VIDEO_SIZE(+2); FIRST_VIDEO_LENGTH(+2); AVERAGE_VIDEO_SIZE(+2); VIDEO_COUNT(+2)
LZ-f2484t-5258063832,,34,34,HAS_CARD_CAN_UPDATE_PROCESSING,Y,Y,Y,Y,MAIN(+12); ADDITIONAL(+5); FILTERABLE(+8); FIRST_PICTURE_SIZE(+3); TITLE_LENGTH(+10); DESCRIPTION_LENGTH(+20); FIRST_VIDEO_SIZE(+2); FIRST_VIDEO_LENGTH(+2); AVERAGE_VIDEO_SIZE(+2); VIDEO_COUNT(+2)
2964996732-Yg2K,,35,75,HAS_CARD_CAN_UPDATE,Y,Y,Y,Y,ADDITIONAL(+5); FILTERABLE(+4); PICTURE_COUNT(+5); FIRST_PICTURE_SIZE(+3); FIRST_VIDEO_SIZE(+2); FIRST_VIDEO_LENGTH(+2); AVERAGE_VIDEO_SIZE(+2); VIDEO_COUNT(+2)
GYS260908v69a-5090920443,,35,60,HAS_CARD_CAN_UPDATE,Y,Y,Y,Y,MAIN(+3); ADDITIONAL(+4); FILTERABLE(+2); PICTURE_COUNT(+3); FIRST_PICTURE_SIZE(+9); TITLE_LENGTH(+10); AVERAGE_PICTURE_SIZE(+1); FIRST_VIDEO_SIZE(+2); FIRST_VIDEO_LENGTH(+2); AVERAGE_VIDEO_SIZE(+2); VIDEO_COUNT(+2)
jz-2nf96y-4687001659,,35,67,HAS_CARD_CAN_UPDATE,Y,Y,Y,Y,MAIN(+3); ADDITIONAL(+5); PICTURE_COUNT(+7); FIRST_PICTURE_SIZE(+9); AVERAGE_PICTURE_SIZE(+1); FIRST_VIDEO_SIZE(+2); FIRST_VIDEO_LENGTH(+2); AVERAGE_VIDEO_SIZE(+2); VIDEO_COUNT(+2)
jz-74no4j-3561354696,,35,73,HAS_CARD_CAN_UPDATE,Y,Y,Y,Y,MAIN(+7); ADDITIONAL(+5); PICTURE_COUNT(+7); FIRST_VIDEO_SIZE(+2); FIRST_VIDEO_LENGTH(+2); AVERAGE_VIDEO_SIZE(+2); VIDEO_COUNT(+2)
jz-ydp9z9-3416299746,,35,35,HAS_CARD_CAN_UPDATE,Y,Y,Y,Y,MAIN(+12); ADDITIONAL(+3); FILTERABLE(+8); PICTURE_COUNT(+4); TITLE_LENGTH(+10); DESCRIPTION_LENGTH(+20); FIRST_VIDEO_SIZE(+2); FIRST_VIDEO_LENGTH(+2); AVERAGE_VIDEO_SIZE(+2); VIDEO_COUNT(+2)
LZ-3515392694,,35,62,HAS_CARD_CAN_UPDATE,Y,Y,Y,Y,MAIN(+3); ADDITIONAL(+5); FILTERABLE(+5); FIRST_PICTURE_SIZE(+7); TITLE_LENGTH(+10); FIRST_VIDEO_SIZE(+2); FIRST_VIDEO_LENGTH(+2); AVERAGE_VIDEO_SIZE(+2); VIDEO_COUNT(+2)
LZ01-3797802382,,35,66,HAS_CARD_CAN_UPDATE,Y,Y,Y,Y,ADDITIONAL(+5); PICTURE_COUNT(+5); FIRST_PICTURE_SIZE(+6); TITLE_LENGTH(+11); FIRST_VIDEO_SIZE(+2); FIRST_VIDEO_LENGTH(+2); AVERAGE_VIDEO_SIZE(+2); VIDEO_COUNT(+2)
GYS-fq6f2z-4552954169,,36,36,HAS_CARD_CAN_UPDATE_PROCESSING,Y,Y,Y,Y,MAIN(+9); ADDITIONAL(+5); FILTERABLE(+6); PICTURE_COUNT(+3); FIRST_PICTURE_SIZE(+3); TITLE_LENGTH(+10); DESCRIPTION_LENGTH(+20); FIRST_VIDEO_SIZE(+2); FIRST_VIDEO_LENGTH(+2); AVERAGE_VIDEO_SIZE(+2); VIDEO_COUNT(+2)
GYS-fq6f2z-4553759892,,36,36,HAS_CARD_CAN_UPDATE_PROCESSING,Y,Y,Y,Y,MAIN(+9); ADDITIONAL(+5); FILTERABLE(+8); PICTURE_COUNT(+1); FIRST_PICTURE_SIZE(+3); TITLE_LENGTH(+10); DESCRIPTION_LENGTH(+20); FIRST_VIDEO_SIZE(+2); FIRST_VIDEO_LENGTH(+2); AVERAGE_VIDEO_SIZE(+2); VIDEO_COUNT(+2)
GYS-fq6f2z-4553799505,,36,36,HAS_CARD_CAN_UPDATE_PROCESSING,Y,Y,Y,Y,MAIN(+9); ADDITIONAL(+5); FILTERABLE(+6); PICTURE_COUNT(+3); FIRST_PICTURE_SIZE(+3); TITLE_LENGTH(+10); DESCRIPTION_LENGTH(+20); FIRST_VIDEO_SIZE(+2); FIRST_VIDEO_LENGTH(+2); AVERAGE_VIDEO_SIZE(+2); VIDEO_COUNT(+2)
jz-dh3dbz-4007177956,,36,64,HAS_CARD_CAN_UPDATE,Y,Y,Y,Y,MAIN(+3); ADDITIONAL(+5); PICTURE_COUNT(+1); FIRST_PICTURE_SIZE(+8); TITLE_LENGTH(+10); AVERAGE_PICTURE_SIZE(+1); FIRST_VIDEO_SIZE(+2); FIRST_VIDEO_LENGTH(+2); AVERAGE_VIDEO_SIZE(+2); VIDEO_COUNT(+2)
jz-wfvstx-2842818026,,36,71,HAS_CARD_CAN_UPDATE,Y,Y,Y,,MAIN(+3); ADDITIONAL(+5); FILTERABLE(+6); PICTURE_COUNT(+7); FIRST_VIDEO_SIZE(+2); FIRST_VIDEO_LENGTH(+2); AVERAGE_VIDEO_SIZE(+2); VIDEO_COUNT(+2)
LZ-5wxmmp-4901190632,,36,64,HAS_CARD_CAN_UPDATE,Y,Y,Y,Y,MAIN(+12); ADDITIONAL(+5); FILTERABLE(+1); PICTURE_COUNT(+4); FIRST_PICTURE_SIZE(+5); AVERAGE_PICTURE_SIZE(+1); FIRST_VIDEO_SIZE(+2); FIRST_VIDEO_LENGTH(+2); AVERAGE_VIDEO_SIZE(+2); VIDEO_COUNT(+2)
YCXP-l342yy-3585904163,,36,79,HAS_CARD_CAN_UPDATE,Y,Y,Y,Y,MAIN(+1); ADDITIONAL(+5); FILTERABLE(+2); PICTURE_COUNT(+1); FIRST_PICTURE_SIZE(+4); FIRST_VIDEO_SIZE(+2); FIRST_VIDEO_LENGTH(+2); AVERAGE_VIDEO_SIZE(+2); VIDEO_COUNT(+2)
3149800169-B17G,,37,78,HAS_CARD_CAN_UPDATE,Y,Y,Y,Y,MAIN(+5); ADDITIONAL(+4); FILTERABLE(+2); FIRST_PICTURE_SIZE(+3); FIRST_VIDEO_SIZE(+2); FIRST_VIDEO_LENGTH(+2); AVERAGE_VIDEO_SIZE(+2); VIDEO_COUNT(+2)
3211609218-Wlxa,,37,64,HAS_CARD_CAN_UPDATE,Y,Y,Y,Y,MAIN(+7); ADDITIONAL(+5); FILTERABLE(+6); PICTURE_COUNT(+4); FIRST_PICTURE_SIZE(+5); AVERAGE_PICTURE_SIZE(+1); FIRST_VIDEO_SIZE(+2); FIRST_VIDEO_LENGTH(+2); AVERAGE_VIDEO_SIZE(+2); VIDEO_COUNT(+2)
GYS-8jlgyl-3939969235,,37,73,HAS_CARD_CAN_UPDATE,Y,Y,Y,Y,MAIN(+3); ADDITIONAL(+5); FILTERABLE(+8); FIRST_PICTURE_SIZE(+2); AVERAGE_PICTURE_SIZE(+1); FIRST_VIDEO_SIZE(+2); FIRST_VIDEO_LENGTH(+2); AVERAGE_VIDEO_SIZE(+2); VIDEO_COUNT(+2)
GYS-fq6f2z-4553961667,,37,37,HAS_CARD_CAN_UPDATE_PROCESSING,Y,Y,Y,Y,MAIN(+9); ADDITIONAL(+5); FILTERABLE(+6); PICTURE_COUNT(+1); FIRST_PICTURE_SIZE(+4); TITLE_LENGTH(+10); DESCRIPTION_LENGTH(+20); FIRST_VIDEO_SIZE(+2); FIRST_VIDEO_LENGTH(+2); AVERAGE_VIDEO_SIZE(+2); VIDEO_COUNT(+2)
GYS-fq6f2z-4616292549,,37,37,HAS_CARD_CAN_UPDATE_PROCESSING,Y,Y,Y,Y,MAIN(+12); ADDITIONAL(+4); FILTERABLE(+7); FIRST_PICTURE_SIZE(+2); TITLE_LENGTH(+10); DESCRIPTION_LENGTH(+20); FIRST_VIDEO_SIZE(+2); FIRST_VIDEO_LENGTH(+2); AVERAGE_VIDEO_SIZE(+2); VIDEO_COUNT(+2)
GYS-vhijp3-5099888679,,37,73,HAS_CARD_CAN_UPDATE,Y,Y,Y,Y,ADDITIONAL(+3); FILTERABLE(+3); PICTURE_COUNT(+3); FIRST_PICTURE_SIZE(+9); AVERAGE_PICTURE_SIZE(+1); FIRST_VIDEO_SIZE(+2); FIRST_VIDEO_LENGTH(+2); AVERAGE_VIDEO_SIZE(+2); VIDEO_COUNT(+2)
GYS-vhijp3-5099889862,,37,72,HAS_CARD_CAN_UPDATE,Y,Y,Y,Y,ADDITIONAL(+3); FILTERABLE(+4); PICTURE_COUNT(+3); FIRST_PICTURE_SIZE(+9); AVERAGE_PICTURE_SIZE(+1); FIRST_VIDEO_SIZE(+2); FIRST_VIDEO_LENGTH(+2); AVERAGE_VIDEO_SIZE(+2); VIDEO_COUNT(+2)
jz-74no4j-2087335319,,37,74,HAS_CARD_CAN_UPDATE,Y,Y,Y,Y,ADDITIONAL(+6); FILTERABLE(+3); PICTURE_COUNT(+2); FIRST_PICTURE_SIZE(+6); AVERAGE_PICTURE_SIZE(+1); FIRST_VIDEO_SIZE(+2); FIRST_VIDEO_LENGTH(+2); AVERAGE_VIDEO_SIZE(+2); VIDEO_COUNT(+2)
jz-v6j4ej-4846465363,,37,68,HAS_CARD_CAN_UPDATE,,Y,Y,Y,MAIN(+5); ADDITIONAL(+5); FILTERABLE(+4); TITLE_LENGTH(+10); FIRST_VIDEO_SIZE(+2); FIRST_VIDEO_LENGTH(+2); AVERAGE_VIDEO_SIZE(+2); VIDEO_COUNT(+2)
jz-wfvstx-5144854901,,37,69,HAS_CARD_CAN_UPDATE,Y,Y,Y,,MAIN(+3); ADDITIONAL(+5); FILTERABLE(+2); PICTURE_COUNT(+3); TITLE_LENGTH(+10); FIRST_VIDEO_SIZE(+2); FIRST_VIDEO_LENGTH(+2); AVERAGE_VIDEO_SIZE(+2); VIDEO_COUNT(+2)
LZ01-3415413161,,37,59,HAS_CARD_CAN_UPDATE,Y,Y,Y,Y,MAIN(+7); ADDITIONAL(+5); FILTERABLE(+8); FIRST_PICTURE_SIZE(+3); TITLE_LENGTH(+10); FIRST_VIDEO_SIZE(+2); FIRST_VIDEO_LENGTH(+2); AVERAGE_VIDEO_SIZE(+2); VIDEO_COUNT(+2)
LZ01-3521599428,,37,64,HAS_CARD_CAN_UPDATE,Y,Y,Y,Y,MAIN(+6); ADDITIONAL(+5); FILTERABLE(+3); FIRST_PICTURE_SIZE(+3); TITLE_LENGTH(+10); AVERAGE_PICTURE_SIZE(+1); FIRST_VIDEO_SIZE(+2); FIRST_VIDEO_LENGTH(+2); AVERAGE_VIDEO_SIZE(+2); VIDEO_COUNT(+2)
2116206499-jOkn,,38,79,HAS_CARD_CAN_UPDATE,Y,Y,Y,Y,MAIN(+5); ADDITIONAL(+5); FIRST_PICTURE_SIZE(+3); FIRST_VIDEO_SIZE(+2); FIRST_VIDEO_LENGTH(+2); AVERAGE_VIDEO_SIZE(+2); VIDEO_COUNT(+2)
GYS-vhijp3-4742394697,,38,62,HAS_CARD_CAN_UPDATE,Y,Y,Y,Y,ADDITIONAL(+5); FILTERABLE(+2); FIRST_PICTURE_SIZE(+11); TITLE_LENGTH(+11); AVERAGE_PICTURE_SIZE(+1); FIRST_VIDEO_SIZE(+2); FIRST_VIDEO_LENGTH(+2); AVERAGE_VIDEO_SIZE(+2); VIDEO_COUNT(+2)
jz-260728cs42-4799306061,,38,70,HAS_CARD_CAN_UPDATE_ERRORS,,Y,Y,Y,MAIN(+12); ADDITIONAL(+5); FILTERABLE(+5); FIRST_VIDEO_SIZE(+2); FIRST_VIDEO_LENGTH(+2); AVERAGE_VIDEO_SIZE(+2); VIDEO_COUNT(+2)
jz-260811hiq7-2670742764,,38,75,HAS_CARD_CAN_UPDATE_ERRORS,Y,Y,Y,Y,ADDITIONAL(+5); FILTERABLE(+6); FIRST_PICTURE_SIZE(+5); AVERAGE_PICTURE_SIZE(+1); FIRST_VIDEO_SIZE(+2); FIRST_VIDEO_LENGTH(+2); AVERAGE_VIDEO_SIZE(+2); VIDEO_COUNT(+2)
jz-260811hiq7-2670742773,,38,73,HAS_CARD_CAN_UPDATE_ERRORS,Y,Y,Y,Y,ADDITIONAL(+5); FILTERABLE(+8); FIRST_PICTURE_SIZE(+5); AVERAGE_PICTURE_SIZE(+1); FIRST_VIDEO_SIZE(+2); FIRST_VIDEO_LENGTH(+2); AVERAGE_VIDEO_SIZE(+2); VIDEO_COUNT(+2)
jz-260811hiq7-2670742802,,38,72,HAS_CARD_CAN_UPDATE_ERRORS,Y,Y,Y,Y,MAIN(+3); ADDITIONAL(+5); FILTERABLE(+6); FIRST_PICTURE_SIZE(+5); AVERAGE_PICTURE_SIZE(+1); FIRST_VIDEO_SIZE(+2); FIRST_VIDEO_LENGTH(+2); AVERAGE_VIDEO_SIZE(+2); VIDEO_COUNT(+2)
jz-260811hiq7-2670742898,,38,75,HAS_CARD_CAN_UPDATE_ERRORS,Y,Y,Y,Y,ADDITIONAL(+5); FILTERABLE(+6); FIRST_PICTURE_SIZE(+5); AVERAGE_PICTURE_SIZE(+1); FIRST_VIDEO_SIZE(+2); FIRST_VIDEO_LENGTH(+2); AVERAGE_VIDEO_SIZE(+2); VIDEO_COUNT(+2)
jz-260811hiq7-2670743136,,38,75,HAS_CARD_CAN_UPDATE_ERRORS,Y,Y,Y,Y,ADDITIONAL(+5); FILTERABLE(+6); FIRST_PICTURE_SIZE(+5); AVERAGE_PICTURE_SIZE(+1); FIRST_VIDEO_SIZE(+2); FIRST_VIDEO_LENGTH(+2); AVERAGE_VIDEO_SIZE(+2); VIDEO_COUNT(+2)
jz-260811hiq7-2670743549,,38,75,HAS_CARD_CAN_UPDATE_ERRORS,Y,Y,Y,Y,ADDITIONAL(+5); FILTERABLE(+6); FIRST_PICTURE_SIZE(+5); AVERAGE_PICTURE_SIZE(+1); FIRST_VIDEO_SIZE(+2); FIRST_VIDEO_LENGTH(+2); AVERAGE_VIDEO_SIZE(+2); VIDEO_COUNT(+2)
jz-260811hiq7-2670743683,,38,77,HAS_CARD_CAN_UPDATE_ERRORS,Y,Y,Y,Y,ADDITIONAL(+5); FILTERABLE(+4); FIRST_PICTURE_SIZE(+5); AVERAGE_PICTURE_SIZE(+1); FIRST_VIDEO_SIZE(+2); FIRST_VIDEO_LENGTH(+2); AVERAGE_VIDEO_SIZE(+2); VIDEO_COUNT(+2)
jz-260811hiq7-2670744596,,38,75,HAS_CARD_CAN_UPDATE_ERRORS,Y,Y,Y,Y,ADDITIONAL(+5); FILTERABLE(+6); FIRST_PICTURE_SIZE(+5); AVERAGE_PICTURE_SIZE(+1); FIRST_VIDEO_SIZE(+2); FIRST_VIDEO_LENGTH(+2); AVERAGE_VIDEO_SIZE(+2); VIDEO_COUNT(+2)
jz-260811hiq7-2670746114,,38,75,HAS_CARD_CAN_UPDATE_ERRORS,Y,Y,Y,Y,ADDITIONAL(+5); FILTERABLE(+6); FIRST_PICTURE_SIZE(+5); AVERAGE_PICTURE_SIZE(+1); FIRST_VIDEO_SIZE(+2); FIRST_VIDEO_LENGTH(+2); AVERAGE_VIDEO_SIZE(+2); VIDEO_COUNT(+2)
jz-260811hiq7-2670749886,,38,77,HAS_CARD_CAN_UPDATE_ERRORS,Y,Y,Y,Y,ADDITIONAL(+5); FILTERABLE(+4); FIRST_PICTURE_SIZE(+5); AVERAGE_PICTURE_SIZE(+1); FIRST_VIDEO_SIZE(+2); FIRST_VIDEO_LENGTH(+2); AVERAGE_VIDEO_SIZE(+2); VIDEO_COUNT(+2)
jz-260811hiq7-2670750638,,38,75,HAS_CARD_CAN_UPDATE_ERRORS,Y,Y,Y,Y,ADDITIONAL(+5); FILTERABLE(+6); FIRST_PICTURE_SIZE(+5); AVERAGE_PICTURE_SIZE(+1); FIRST_VIDEO_SIZE(+2); FIRST_VIDEO_LENGTH(+2); AVERAGE_VIDEO_SIZE(+2); VIDEO_COUNT(+2)
jz-260811hiq7-3711915302,,38,77,HAS_CARD_CAN_UPDATE_ERRORS,Y,Y,Y,Y,ADDITIONAL(+5); FILTERABLE(+4); FIRST_PICTURE_SIZE(+5); AVERAGE_PICTURE_SIZE(+1); FIRST_VIDEO_SIZE(+2); FIRST_VIDEO_LENGTH(+2); AVERAGE_VIDEO_SIZE(+2); VIDEO_COUNT(+2)
jz-260811hiq7-3711915587,,38,77,HAS_CARD_CAN_UPDATE_ERRORS,Y,Y,Y,Y,ADDITIONAL(+5); FILTERABLE(+4); FIRST_PICTURE_SIZE(+5); AVERAGE_PICTURE_SIZE(+1); FIRST_VIDEO_SIZE(+2); FIRST_VIDEO_LENGTH(+2); AVERAGE_VIDEO_SIZE(+2); VIDEO_COUNT(+2)
jz-mn9jc2-2438830396,,38,58,HAS_CARD_CAN_UPDATE,,Y,Y,Y,MAIN(+12); ADDITIONAL(+4); FILTERABLE(+8); TITLE_LENGTH(+10); FIRST_VIDEO_SIZE(+2); FIRST_VIDEO_LENGTH(+2); AVERAGE_VIDEO_SIZE(+2); VIDEO_COUNT(+2)
jz-ra4xyb-4315952972,,38,71,HAS_CARD_CAN_UPDATE,Y,Y,Y,Y,MAIN(+12); ADDITIONAL(+5); PICTURE_COUNT(+4); FIRST_VIDEO_SIZE(+2); FIRST_VIDEO_LENGTH(+2); AVERAGE_VIDEO_SIZE(+2); VIDEO_COUNT(+2)
jz-wfvstx-4301508006,,38,67,HAS_CARD_CAN_UPDATE,Y,Y,Y,,MAIN(+3); ADDITIONAL(+5); FILTERABLE(+6); PICTURE_COUNT(+1); TITLE_LENGTH(+10); FIRST_VIDEO_SIZE(+2); FIRST_VIDEO_LENGTH(+2); AVERAGE_VIDEO_SIZE(+2); VIDEO_COUNT(+2)
jz-wfvstx-4301587457,,38,77,HAS_CARD_CAN_UPDATE,Y,Y,Y,,MAIN(+3); ADDITIONAL(+5); FILTERABLE(+6); PICTURE_COUNT(+1); FIRST_VIDEO_SIZE(+2); FIRST_VIDEO_LENGTH(+2); AVERAGE_VIDEO_SIZE(+2); VIDEO_COUNT(+2)
jz-wfvstx-4301699757,,38,77,HAS_CARD_CAN_UPDATE,Y,Y,Y,,MAIN(+3); ADDITIONAL(+5); FILTERABLE(+6); PICTURE_COUNT(+1); FIRST_VIDEO_SIZE(+2); FIRST_VIDEO_LENGTH(+2); AVERAGE_VIDEO_SIZE(+2); VIDEO_COUNT(+2)
jz-wfvstx-5143748015,,38,72,HAS_CARD_CAN_UPDATE,Y,Y,Y,,MAIN(+1); ADDITIONAL(+5); FILTERABLE(+6); PICTURE_COUNT(+4); FIRST_PICTURE_SIZE(+4); FIRST_VIDEO_SIZE(+2); FIRST_VIDEO_LENGTH(+2); AVERAGE_VIDEO_SIZE(+2); VIDEO_COUNT(+2)
YCXP-l342yy-3119072834,,38,38,HAS_CARD_CAN_UPDATE_PROCESSING,Y,Y,Y,Y,MAIN(+12); ADDITIONAL(+1); FILTERABLE(+8); FIRST_PICTURE_SIZE(+3); TITLE_LENGTH(+10); DESCRIPTION_LENGTH(+20); FIRST_VIDEO_SIZE(+2); FIRST_VIDEO_LENGTH(+2); AVERAGE_VIDEO_SIZE(+2); VIDEO_COUNT(+2)
GYS-fq6f2z-3057483785,,39,39,HAS_CARD_CAN_UPDATE,Y,Y,Y,Y,MAIN(+12); ADDITIONAL(+2); FILTERABLE(+3); FIRST_PICTURE_SIZE(+5); TITLE_LENGTH(+10); DESCRIPTION_LENGTH(+20); AVERAGE_PICTURE_SIZE(+1); FIRST_VIDEO_SIZE(+2); FIRST_VIDEO_LENGTH(+2); AVERAGE_VIDEO_SIZE(+2); VIDEO_COUNT(+2)
GYS-fq6f2z-3057497027,,39,39,HAS_CARD_CAN_UPDATE_PROCESSING,Y,Y,Y,Y,MAIN(+12); ADDITIONAL(+2); FILTERABLE(+3); FIRST_PICTURE_SIZE(+5); TITLE_LENGTH(+10); DESCRIPTION_LENGTH(+20); AVERAGE_PICTURE_SIZE(+1); FIRST_VIDEO_SIZE(+2); FIRST_VIDEO_LENGTH(+2); AVERAGE_VIDEO_SIZE(+2); VIDEO_COUNT(+2)
GYS-fq6f2z-3057497549,,39,39,HAS_CARD_CAN_UPDATE_PROCESSING,Y,Y,Y,Y,MAIN(+12); ADDITIONAL(+2); FILTERABLE(+3); FIRST_PICTURE_SIZE(+5); TITLE_LENGTH(+10); DESCRIPTION_LENGTH(+20); AVERAGE_PICTURE_SIZE(+1); FIRST_VIDEO_SIZE(+2); FIRST_VIDEO_LENGTH(+2); AVERAGE_VIDEO_SIZE(+2); VIDEO_COUNT(+2)
GYS-fq6f2z-4615620705,,39,39,HAS_CARD_CAN_UPDATE_PROCESSING,Y,Y,Y,Y,MAIN(+12); ADDITIONAL(+4); FILTERABLE(+4); FIRST_PICTURE_SIZE(+3); TITLE_LENGTH(+10); DESCRIPTION_LENGTH(+20); FIRST_VIDEO_SIZE(+2); FIRST_VIDEO_LENGTH(+2); AVERAGE_VIDEO_SIZE(+2); VIDEO_COUNT(+2)
GYS2608211hfp-5427175729,,39,65,HAS_CARD_CAN_UPDATE,,Y,Y,Y,MAIN(+12); ADDITIONAL(+5); TITLE_LENGTH(+10); FIRST_VIDEO_SIZE(+2); FIRST_VIDEO_LENGTH(+2); AVERAGE_VIDEO_SIZE(+2); VIDEO_COUNT(+2)
GYS260908v69a-5090922931,,39,74,HAS_CARD_CAN_UPDATE,Y,Y,Y,Y,MAIN(+3); ADDITIONAL(+4); FILTERABLE(+2); FIRST_PICTURE_SIZE(+9); FIRST_VIDEO_SIZE(+2); FIRST_VIDEO_LENGTH(+2); AVERAGE_VIDEO_SIZE(+2); VIDEO_COUNT(+2)
jz-63ha0a-3582585986,,39,39,HAS_CARD_CAN_UPDATE_PROCESSING,Y,Y,Y,Y,MAIN(+12); ADDITIONAL(+1); FILTERABLE(+3); PICTURE_COUNT(+7); TITLE_LENGTH(+10); DESCRIPTION_LENGTH(+20); FIRST_VIDEO_SIZE(+2); FIRST_VIDEO_LENGTH(+2); AVERAGE_VIDEO_SIZE(+2); VIDEO_COUNT(+2)
jz-93mo1m-4998741619,,39,59,HAS_CARD_CAN_UPDATE,,Y,Y,Y,MAIN(+12); ADDITIONAL(+3); FILTERABLE(+8); TITLE_LENGTH(+10); FIRST_VIDEO_SIZE(+2); FIRST_VIDEO_LENGTH(+2); AVERAGE_VIDEO_SIZE(+2); VIDEO_COUNT(+2)
jz-93mo1m-4999648072,,39,76,HAS_CARD_CAN_UPDATE,,Y,Y,Y,MAIN(+5); ADDITIONAL(+5); FILTERABLE(+6); FIRST_VIDEO_SIZE(+2); FIRST_VIDEO_LENGTH(+2); AVERAGE_VIDEO_SIZE(+2); VIDEO_COUNT(+2)
jz-wfvstx-3552652076,,39,78,HAS_CARD_CAN_UPDATE,Y,Y,Y,,MAIN(+1); ADDITIONAL(+5); FILTERABLE(+4); PICTURE_COUNT(+4); FIRST_VIDEO_SIZE(+2); FIRST_VIDEO_LENGTH(+2); AVERAGE_VIDEO_SIZE(+2); VIDEO_COUNT(+2)
jz-wfvstx-5201012522,,39,63,HAS_CARD_CAN_UPDATE,Y,Y,Y,,MAIN(+1); ADDITIONAL(+5); FILTERABLE(+6); PICTURE_COUNT(+3); FIRST_PICTURE_SIZE(+4); TITLE_LENGTH(+10); FIRST_VIDEO_SIZE(+2); FIRST_VIDEO_LENGTH(+2); AVERAGE_VIDEO_SIZE(+2); VIDEO_COUNT(+2)
jz-wfvstx-5224600752,,39,78,HAS_CARD_CAN_UPDATE,,Y,Y,,MAIN(+3); ADDITIONAL(+5); FILTERABLE(+6); FIRST_VIDEO_SIZE(+2); FIRST_VIDEO_LENGTH(+2); AVERAGE_VIDEO_SIZE(+2); VIDEO_COUNT(+2)
jz-wfvstx-5561954586,,39,73,HAS_CARD_CAN_UPDATE,Y,Y,Y,,MAIN(+3); ADDITIONAL(+5); FILTERABLE(+4); PICTURE_COUNT(+3); FIRST_PICTURE_SIZE(+4); FIRST_VIDEO_SIZE(+2); FIRST_VIDEO_LENGTH(+2); AVERAGE_VIDEO_SIZE(+2); VIDEO_COUNT(+2)
jz-ydp9z9-2266770360,,39,69,HAS_CARD_CAN_UPDATE,Y,Y,Y,Y,ADDITIONAL(+5); FILTERABLE(+8); FIRST_PICTURE_SIZE(+9); AVERAGE_PICTURE_SIZE(+1); FIRST_VIDEO_SIZE(+2); FIRST_VIDEO_LENGTH(+2); AVERAGE_VIDEO_SIZE(+2); VIDEO_COUNT(+2)
LZ-00mkoz-3585904163,,39,39,HAS_CARD_CAN_UPDATE_PROCESSING,Y,Y,Y,Y,MAIN(+13); ADDITIONAL(+3); FIRST_PICTURE_SIZE(+4); TITLE_LENGTH(+11); DESCRIPTION_LENGTH(+22); FIRST_VIDEO_SIZE(+2); FIRST_VIDEO_LENGTH(+2); AVERAGE_VIDEO_SIZE(+2); VIDEO_COUNT(+2)
LZ-puuvyc-5155741591,,39,78,HAS_CARD_CAN_UPDATE,Y,Y,Y,Y,ADDITIONAL(+5); FILTERABLE(+5); FIRST_PICTURE_SIZE(+4); FIRST_VIDEO_SIZE(+2); FIRST_VIDEO_LENGTH(+2); AVERAGE_VIDEO_SIZE(+2); VIDEO_COUNT(+2)
MzQwMzc-3VPSSIJ3,,39,71,HAS_CARD_CAN_UPDATE,Y,Y,Y,Y,MAIN(+7); ADDITIONAL(+5); FILTERABLE(+8); AVERAGE_PICTURE_SIZE(+1); FIRST_VIDEO_SIZE(+2); FIRST_VIDEO_LENGTH(+2); AVERAGE_VIDEO_SIZE(+2); VIDEO_COUNT(+2)
B20260512-002-0005R,,40,79,HAS_CARD_CAN_UPDATE,Y,Y,Y,Y,ADDITIONAL(+4); FILTERABLE(+3); FIRST_PICTURE_SIZE(+5); AVERAGE_PICTURE_SIZE(+1); FIRST_VIDEO_SIZE(+2); FIRST_VIDEO_LENGTH(+2); AVERAGE_VIDEO_SIZE(+2); VIDEO_COUNT(+2)
GYS-fq6f2z-4616737293,,40,40,HAS_CARD_CAN_UPDATE_PROCESSING,Y,Y,Y,Y,MAIN(+9); ADDITIONAL(+5); FILTERABLE(+6); FIRST_PICTURE_SIZE(+2); TITLE_LENGTH(+10); DESCRIPTION_LENGTH(+20); FIRST_VIDEO_SIZE(+2); FIRST_VIDEO_LENGTH(+2); AVERAGE_VIDEO_SIZE(+2); VIDEO_COUNT(+2)
jz-74no4j-3399738004,,40,72,HAS_CARD_CAN_UPDATE,Y,Y,Y,Y,MAIN(+5); ADDITIONAL(+4); FILTERABLE(+3); PICTURE_COUNT(+3); FIRST_PICTURE_SIZE(+5); FIRST_VIDEO_SIZE(+2); FIRST_VIDEO_LENGTH(+2); AVERAGE_VIDEO_SIZE(+2); VIDEO_COUNT(+2)
jz-74no4j-4284339946,,40,67,HAS_CARD_CAN_UPDATE,Y,Y,Y,Y,MAIN(+5); ADDITIONAL(+5); FILTERABLE(+4); FIRST_PICTURE_SIZE(+10); AVERAGE_PICTURE_SIZE(+1); FIRST_VIDEO_SIZE(+2); FIRST_VIDEO_LENGTH(+2); AVERAGE_VIDEO_SIZE(+2); VIDEO_COUNT(+2)
jz-bmwrkz-4900040541,,40,76,HAS_CARD_CAN_UPDATE,,Y,Y,Y,MAIN(+1); ADDITIONAL(+5); TITLE_LENGTH(+10); FIRST_VIDEO_SIZE(+2); FIRST_VIDEO_LENGTH(+2); AVERAGE_VIDEO_SIZE(+2); VIDEO_COUNT(+2)
jz-wfvstx-3162712154,,40,78,HAS_CARD_CAN_UPDATE,Y,Y,Y,,MAIN(+1); ADDITIONAL(+5); FILTERABLE(+4); PICTURE_COUNT(+4); FIRST_VIDEO_SIZE(+2); FIRST_VIDEO_LENGTH(+2); AVERAGE_VIDEO_SIZE(+2); VIDEO_COUNT(+2)
jz-wfvstx-3590502855,,40,77,HAS_CARD_CAN_UPDATE,Y,Y,Y,,ADDITIONAL(+5); FILTERABLE(+4); FIRST_PICTURE_SIZE(+5); AVERAGE_PICTURE_SIZE(+1); FIRST_VIDEO_SIZE(+2); FIRST_VIDEO_LENGTH(+2); AVERAGE_VIDEO_SIZE(+2); VIDEO_COUNT(+2)
jz-wfvstx-4939003588,,40,69,HAS_CARD_CAN_UPDATE,Y,Y,Y,,MAIN(+1); ADDITIONAL(+5); FILTERABLE(+4); PICTURE_COUNT(+3); TITLE_LENGTH(+10); FIRST_VIDEO_SIZE(+2); FIRST_VIDEO_LENGTH(+2); AVERAGE_VIDEO_SIZE(+2); VIDEO_COUNT(+2)
jz-ydp9z9-3644543740,,40,78,HAS_CARD_CAN_UPDATE,Y,Y,Y,Y,ADDITIONAL(+5); PICTURE_COUNT(+3); FIRST_PICTURE_SIZE(+5); AVERAGE_PICTURE_SIZE(+1); FIRST_VIDEO_SIZE(+2); FIRST_VIDEO_LENGTH(+2); AVERAGE_VIDEO_SIZE(+2); VIDEO_COUNT(+2)
LZ01-3699596285,,40,75,HAS_CARD_CAN_UPDATE,Y,Y,Y,Y,MAIN(+5); ADDITIONAL(+5); FILTERABLE(+4); FIRST_PICTURE_SIZE(+3); FIRST_VIDEO_SIZE(+2); FIRST_VIDEO_LENGTH(+2); AVERAGE_VIDEO_SIZE(+2); VIDEO_COUNT(+2)
3006371732-OPvT,,41,66,HAS_CARD_CAN_UPDATE,Y,,Y,Y,MAIN(+12); ADDITIONAL(+5); FILTERABLE(+8); PICTURE_COUNT(+5); FIRST_PICTURE_SIZE(+4)
GYS-1574237539,,41,45,HAS_CARD_CAN_UPDATE,Y,Y,Y,Y,MAIN(+7); ADDITIONAL(+4); FILTERABLE(+3); PICTURE_COUNT(+5); FIRST_PICTURE_SIZE(+16); TITLE_LENGTH(+10); AVERAGE_PICTURE_SIZE(+2); FIRST_VIDEO_SIZE(+2); FIRST_VIDEO_LENGTH(+2); AVERAGE_VIDEO_SIZE(+2); VIDEO_COUNT(+2)
GYS-fq6f2z-1679789419,,41,41,HAS_CARD_CAN_UPDATE_PROCESSING,,Y,Y,Y,MAIN(+12); ADDITIONAL(+3); FILTERABLE(+6); TITLE_LENGTH(+10); DESCRIPTION_LENGTH(+20); FIRST_VIDEO_SIZE(+2); FIRST_VIDEO_LENGTH(+2); AVERAGE_VIDEO_SIZE(+2); VIDEO_COUNT(+2)
GYS-fq6f2z-1973054001,,41,41,HAS_CARD_CAN_UPDATE_PROCESSING,,Y,Y,Y,MAIN(+12); ADDITIONAL(+3); FILTERABLE(+6); TITLE_LENGTH(+10); DESCRIPTION_LENGTH(+20); FIRST_VIDEO_SIZE(+2); FIRST_VIDEO_LENGTH(+2); AVERAGE_VIDEO_SIZE(+2); VIDEO_COUNT(+2)
GYS-fq6f2z-4276370160,,41,63,HAS_CARD_CAN_UPDATE_ERRORS,Y,Y,Y,Y,MAIN(+12); ADDITIONAL(+5); FILTERABLE(+1); TITLE_LENGTH(+10); AVERAGE_PICTURE_SIZE(+1); FIRST_VIDEO_SIZE(+2); FIRST_VIDEO_LENGTH(+2); AVERAGE_VIDEO_SIZE(+2); VIDEO_COUNT(+2)
GYS-pun1uz-3960169151,,41,78,HAS_CARD_CAN_UPDATE,Y,Y,Y,Y,ADDITIONAL(+4); FILTERABLE(+6); FIRST_PICTURE_SIZE(+4); FIRST_VIDEO_SIZE(+2); FIRST_VIDEO_LENGTH(+2); AVERAGE_VIDEO_SIZE(+2); VIDEO_COUNT(+2)
GYS-pun1uz-4291750077,,41,72,HAS_CARD_CAN_UPDATE,Y,Y,Y,Y,MAIN(+10); ADDITIONAL(+4); FIRST_PICTURE_SIZE(+5); AVERAGE_PICTURE_SIZE(+1); FIRST_VIDEO_SIZE(+2); FIRST_VIDEO_LENGTH(+2); AVERAGE_VIDEO_SIZE(+2); VIDEO_COUNT(+2)
GYS260905hopl-147834448,,41,72,HAS_CARD_CAN_UPDATE,,Y,Y,Y,MAIN(+12); ADDITIONAL(+3); FILTERABLE(+5); FIRST_VIDEO_SIZE(+2); FIRST_VIDEO_LENGTH(+2); AVERAGE_VIDEO_SIZE(+2); VIDEO_COUNT(+2)
GYS260905hopl-3457277279,,41,75,HAS_CARD_CAN_UPDATE_ERRORS,,Y,Y,Y,MAIN(+12); ADDITIONAL(+5); FIRST_VIDEO_SIZE(+2); FIRST_VIDEO_LENGTH(+2); AVERAGE_VIDEO_SIZE(+2); VIDEO_COUNT(+2)
GYS260905hopl-3457312229,,41,75,HAS_CARD_CAN_UPDATE_ERRORS,,Y,Y,Y,MAIN(+12); ADDITIONAL(+5); FIRST_VIDEO_SIZE(+2); FIRST_VIDEO_LENGTH(+2); AVERAGE_VIDEO_SIZE(+2); VIDEO_COUNT(+2)
GYS260905hopl-3457369788,,41,75,HAS_CARD_CAN_UPDATE_ERRORS,,Y,Y,Y,MAIN(+12); ADDITIONAL(+5); FIRST_VIDEO_SIZE(+2); FIRST_VIDEO_LENGTH(+2); AVERAGE_VIDEO_SIZE(+2); VIDEO_COUNT(+2)
jz-260713l1mj-1121586055,,41,74,HAS_CARD_CAN_UPDATE,Y,Y,Y,Y,ADDITIONAL(+4); PICTURE_COUNT(+4); TITLE_LENGTH(+10); FIRST_VIDEO_SIZE(+2); FIRST_VIDEO_LENGTH(+2); AVERAGE_VIDEO_SIZE(+2); VIDEO_COUNT(+2)
jz-260728cs42-4799290710,,41,75,HAS_CARD_CAN_UPDATE,,Y,Y,Y,MAIN(+12); ADDITIONAL(+5); FIRST_VIDEO_SIZE(+2); FIRST_VIDEO_LENGTH(+2); AVERAGE_VIDEO_SIZE(+2); VIDEO_COUNT(+2)
jz-mn9jc2-3372213365,,41,75,HAS_CARD_CAN_UPDATE,,Y,Y,Y,MAIN(+12); ADDITIONAL(+5); FIRST_VIDEO_SIZE(+2); FIRST_VIDEO_LENGTH(+2); AVERAGE_VIDEO_SIZE(+2); VIDEO_COUNT(+2)
jz-mn9jc2-3457312229,,41,64,HAS_CARD_CAN_UPDATE,,Y,Y,Y,MAIN(+12); ADDITIONAL(+5); FILTERABLE(+1); TITLE_LENGTH(+10); FIRST_VIDEO_SIZE(+2); FIRST_VIDEO_LENGTH(+2); AVERAGE_VIDEO_SIZE(+2); VIDEO_COUNT(+2)
jz-mn9jc2-3457369788,,41,75,HAS_CARD_CAN_UPDATE,,Y,Y,Y,MAIN(+12); ADDITIONAL(+5); FIRST_VIDEO_SIZE(+2); FIRST_VIDEO_LENGTH(+2); AVERAGE_VIDEO_SIZE(+2); VIDEO_COUNT(+2)
jz-mn9jc2-4456201523,,41,57,HAS_CARD_CAN_UPDATE,,Y,Y,Y,MAIN(+12); ADDITIONAL(+5); FILTERABLE(+8); TITLE_LENGTH(+10); FIRST_VIDEO_SIZE(+2); FIRST_VIDEO_LENGTH(+2); AVERAGE_VIDEO_SIZE(+2); VIDEO_COUNT(+2)
jz-r0nm0c-4780054501,,41,64,HAS_CARD_CAN_UPDATE,,Y,Y,Y,MAIN(+9); ADDITIONAL(+4); FILTERABLE(+5); TITLE_LENGTH(+10); FIRST_VIDEO_SIZE(+2); FIRST_VIDEO_LENGTH(+2); AVERAGE_VIDEO_SIZE(+2); VIDEO_COUNT(+2)
jz-tar3ab-4450020083,,41,75,HAS_CARD_CAN_UPDATE_ERRORS,,Y,Y,Y,MAIN(+3); ADDITIONAL(+4); TITLE_LENGTH(+10); FIRST_VIDEO_SIZE(+2); FIRST_VIDEO_LENGTH(+2); AVERAGE_VIDEO_SIZE(+2); VIDEO_COUNT(+2)
jz-wfvstx-3901799346,,41,79,HAS_CARD_CAN_UPDATE,Y,Y,Y,,MAIN(+1); ADDITIONAL(+5); FILTERABLE(+4); PICTURE_COUNT(+3); FIRST_VIDEO_SIZE(+2); FIRST_VIDEO_LENGTH(+2); AVERAGE_VIDEO_SIZE(+2); VIDEO_COUNT(+2)
jz-wfvstx-4330637792,,41,77,HAS_CARD_CAN_UPDATE,Y,Y,Y,,MAIN(+3); ADDITIONAL(+5); FILTERABLE(+4); PICTURE_COUNT(+3); FIRST_VIDEO_SIZE(+2); FIRST_VIDEO_LENGTH(+2); AVERAGE_VIDEO_SIZE(+2); VIDEO_COUNT(+2)
jz-wfvstx-4330708241,,41,79,HAS_CARD_CAN_UPDATE,Y,Y,Y,,MAIN(+1); ADDITIONAL(+5); FILTERABLE(+4); PICTURE_COUNT(+3); FIRST_VIDEO_SIZE(+2); FIRST_VIDEO_LENGTH(+2); AVERAGE_VIDEO_SIZE(+2); VIDEO_COUNT(+2)
jz-wfvstx-4649277975,,41,74,HAS_CARD_CAN_UPDATE,Y,Y,Y,,MAIN(+6); ADDITIONAL(+5); FILTERABLE(+4); FIRST_PICTURE_SIZE(+3); FIRST_VIDEO_SIZE(+2); FIRST_VIDEO_LENGTH(+2); AVERAGE_VIDEO_SIZE(+2); VIDEO_COUNT(+2)
jz-wfvstx-4650564205,,41,77,HAS_CARD_CAN_UPDATE,Y,Y,Y,,MAIN(+3); ADDITIONAL(+5); FILTERABLE(+4); FIRST_PICTURE_SIZE(+3); FIRST_VIDEO_SIZE(+2); FIRST_VIDEO_LENGTH(+2); AVERAGE_VIDEO_SIZE(+2); VIDEO_COUNT(+2)
jz-wfvstx-4686476223,,41,65,HAS_CARD_CAN_UPDATE,Y,Y,Y,,MAIN(+1); ADDITIONAL(+5); FILTERABLE(+6); PICTURE_COUNT(+1); FIRST_PICTURE_SIZE(+4); TITLE_LENGTH(+10); FIRST_VIDEO_SIZE(+2); FIRST_VIDEO_LENGTH(+2); AVERAGE_VIDEO_SIZE(+2); VIDEO_COUNT(+2)
jz-wfvstx-4737624802,,41,47,HAS_CARD_CAN_UPDATE_ERRORS,Y,Y,Y,Y,MAIN(+1); ADDITIONAL(+5); FILTERABLE(+4); PICTURE_COUNT(+1); FIRST_PICTURE_SIZE(+4); TITLE_LENGTH(+10); DESCRIPTION_LENGTH(+20); FIRST_VIDEO_SIZE(+2); FIRST_VIDEO_LENGTH(+2); AVERAGE_VIDEO_SIZE(+2); VIDEO_COUNT(+2)
jz-wfvstx-5123472553,,41,63,HAS_CARD_CAN_UPDATE,Y,Y,Y,,MAIN(+1); ADDITIONAL(+5); FILTERABLE(+4); PICTURE_COUNT(+4); FIRST_PICTURE_SIZE(+14); AVERAGE_PICTURE_SIZE(+1); FIRST_VIDEO_SIZE(+2); FIRST_VIDEO_LENGTH(+2); AVERAGE_VIDEO_SIZE(+2); VIDEO_COUNT(+2)
LZ-5wxmmp-5077951478,,41,64,HAS_CARD_CAN_UPDATE,Y,Y,Y,Y,MAIN(+5); ADDITIONAL(+5); FIRST_PICTURE_SIZE(+8); TITLE_LENGTH(+10); FIRST_VIDEO_SIZE(+2); FIRST_VIDEO_LENGTH(+2); AVERAGE_VIDEO_SIZE(+2); VIDEO_COUNT(+2)
LZ01-2435533049,,41,72,HAS_CARD_CAN_UPDATE,Y,Y,Y,Y,MAIN(+2); ADDITIONAL(+5); FILTERABLE(+5); PICTURE_COUNT(+3); FIRST_PICTURE_SIZE(+4); AVERAGE_PICTURE_SIZE(+1); FIRST_VIDEO_SIZE(+2); FIRST_VIDEO_LENGTH(+2); AVERAGE_VIDEO_SIZE(+2); VIDEO_COUNT(+2)
SF2608248fhz-4231125310,,41,61,HAS_CARD_CAN_UPDATE_ERRORS,Y,Y,Y,Y,MAIN(+5); ADDITIONAL(+5); FILTERABLE(+2); FIRST_PICTURE_SIZE(+15); TITLE_LENGTH(+10); FIRST_VIDEO_LENGTH(+2)
ZS01-3965794383,,41,76,HAS_CARD_CAN_UPDATE,,Y,Y,Y,MAIN(+12); ADDITIONAL(+4); FIRST_VIDEO_SIZE(+2); FIRST_VIDEO_LENGTH(+2); AVERAGE_VIDEO_SIZE(+2); VIDEO_COUNT(+2)
2903676250-0z9Y,,42,67,HAS_CARD_CAN_UPDATE,Y,Y,Y,Y,ADDITIONAL(+6); FILTERABLE(+4); FIRST_PICTURE_SIZE(+15); FIRST_VIDEO_SIZE(+2); FIRST_VIDEO_LENGTH(+2); AVERAGE_VIDEO_SIZE(+2); VIDEO_COUNT(+2)
3204821209-b98Z,,42,79,HAS_CARD_CAN_UPDATE,Y,Y,Y,Y,ADDITIONAL(+5); FILTERABLE(+2); FIRST_PICTURE_SIZE(+5); AVERAGE_PICTURE_SIZE(+1); FIRST_VIDEO_SIZE(+2); FIRST_VIDEO_LENGTH(+2); AVERAGE_VIDEO_SIZE(+2); VIDEO_COUNT(+2)
GYS-8jlgyl-3123585702,,42,42,HAS_CARD_CAN_UPDATE,Y,Y,Y,Y,MAIN(+12); ADDITIONAL(+5); FILTERABLE(+8); FIRST_PICTURE_SIZE(+5); DESCRIPTION_LENGTH(+20); FIRST_VIDEO_SIZE(+2); FIRST_VIDEO_LENGTH(+2); AVERAGE_VIDEO_SIZE(+2); VIDEO_COUNT(+2)
GYS-fq6f2z-4276369963,,42,42,HAS_CARD_CAN_UPDATE_PROCESSING,,Y,Y,Y,MAIN(+12); ADDITIONAL(+2); FILTERABLE(+6); TITLE_LENGTH(+10); DESCRIPTION_LENGTH(+20); FIRST_VIDEO_SIZE(+2); FIRST_VIDEO_LENGTH(+2); AVERAGE_VIDEO_SIZE(+2); VIDEO_COUNT(+2)
GYS-fq6f2z-4276370731,,42,42,HAS_CARD_CAN_UPDATE_PROCESSING,,Y,Y,Y,MAIN(+12); ADDITIONAL(+2); FILTERABLE(+6); TITLE_LENGTH(+10); DESCRIPTION_LENGTH(+20); FIRST_VIDEO_SIZE(+2); FIRST_VIDEO_LENGTH(+2); AVERAGE_VIDEO_SIZE(+2); VIDEO_COUNT(+2)
GYS-fq6f2z-4276373036,,42,64,HAS_CARD_CAN_UPDATE_ERRORS,,Y,Y,Y,MAIN(+12); ADDITIONAL(+5); FILTERABLE(+1); TITLE_LENGTH(+10); FIRST_VIDEO_SIZE(+2); FIRST_VIDEO_LENGTH(+2); AVERAGE_VIDEO_SIZE(+2); VIDEO_COUNT(+2)
GYS-fq6f2z-4553718890,,42,42,HAS_CARD_CAN_UPDATE_PROCESSING,,Y,Y,Y,MAIN(+9); ADDITIONAL(+5); FILTERABLE(+6); TITLE_LENGTH(+10); DESCRIPTION_LENGTH(+20); FIRST_VIDEO_SIZE(+2); FIRST_VIDEO_LENGTH(+2); AVERAGE_VIDEO_SIZE(+2); VIDEO_COUNT(+2)
GYS-pun1uz-3528556980,,42,69,HAS_CARD_CAN_UPDATE,,Y,Y,Y,ADDITIONAL(+5); FILTERABLE(+8); TITLE_LENGTH(+10); FIRST_VIDEO_SIZE(+2); FIRST_VIDEO_LENGTH(+2); AVERAGE_VIDEO_SIZE(+2); VIDEO_COUNT(+2)
GYS-pun1uz-4653223595,,42,71,HAS_CARD_CAN_UPDATE,Y,Y,Y,Y,ADDITIONAL(+6); FIRST_PICTURE_SIZE(+4); TITLE_LENGTH(+11); FIRST_VIDEO_SIZE(+2); FIRST_VIDEO_LENGTH(+2); AVERAGE_VIDEO_SIZE(+2); VIDEO_COUNT(+2)
GYS-vhijp3-4100718199,,42,63,HAS_CARD_CAN_UPDATE,Y,Y,Y,Y,ADDITIONAL(+4); FILTERABLE(+4); PICTURE_COUNT(+1); FIRST_PICTURE_SIZE(+9); TITLE_LENGTH(+10); AVERAGE_PICTURE_SIZE(+1); FIRST_VIDEO_SIZE(+2); FIRST_VIDEO_LENGTH(+2); AVERAGE_VIDEO_SIZE(+2); VIDEO_COUNT(+2)
GYS-vhijp3-5098696405,,42,64,HAS_CARD_CAN_UPDATE_ERRORS,Y,Y,Y,Y,ADDITIONAL(+4); FILTERABLE(+3); PICTURE_COUNT(+1); FIRST_PICTURE_SIZE(+9); TITLE_LENGTH(+10); AVERAGE_PICTURE_SIZE(+1); FIRST_VIDEO_SIZE(+2); FIRST_VIDEO_LENGTH(+2); AVERAGE_VIDEO_SIZE(+2); VIDEO_COUNT(+2)
GYS-vhijp3-5098697255,,42,59,HAS_CARD_CAN_UPDATE_ERRORS,Y,Y,Y,Y,MAIN(+5); ADDITIONAL(+4); FILTERABLE(+3); PICTURE_COUNT(+1); FIRST_PICTURE_SIZE(+9); TITLE_LENGTH(+10); AVERAGE_PICTURE_SIZE(+1); FIRST_VIDEO_SIZE(+2); FIRST_VIDEO_LENGTH(+2); AVERAGE_VIDEO_SIZE(+2); VIDEO_COUNT(+2)
jz-260811hiq7-3494718480,,42,79,HAS_CARD_CAN_UPDATE_ERRORS,Y,Y,Y,Y,ADDITIONAL(+5); FILTERABLE(+6); FIRST_PICTURE_SIZE(+1); AVERAGE_PICTURE_SIZE(+1); FIRST_VIDEO_SIZE(+2); FIRST_VIDEO_LENGTH(+2); AVERAGE_VIDEO_SIZE(+2); VIDEO_COUNT(+2)
jz-260816bapr-2451803868,,42,42,HAS_CARD_CAN_UPDATE,Y,Y,Y,Y,MAIN(+3); ADDITIONAL(+3); FILTERABLE(+6); PICTURE_COUNT(+4); FIRST_PICTURE_SIZE(+4); TITLE_LENGTH(+10); DESCRIPTION_LENGTH(+20); FIRST_VIDEO_SIZE(+2); FIRST_VIDEO_LENGTH(+2); AVERAGE_VIDEO_SIZE(+2); VIDEO_COUNT(+2)
jz-2rqa92-4583278101,,42,77,HAS_CARD_CAN_UPDATE,Y,Y,Y,Y,MAIN(+1); ADDITIONAL(+5); FILTERABLE(+4); PICTURE_COUNT(+5); FIRST_VIDEO_SIZE(+2); FIRST_VIDEO_LENGTH(+2); AVERAGE_VIDEO_SIZE(+2); VIDEO_COUNT(+2)
jz-43c4a1-3778788360,,42,72,HAS_CARD_CAN_UPDATE,Y,Y,Y,Y,MAIN(+1); ADDITIONAL(+5); FILTERABLE(+4); PICTURE_COUNT(+1); FIRST_PICTURE_SIZE(+8); AVERAGE_PICTURE_SIZE(+1); FIRST_VIDEO_SIZE(+2); FIRST_VIDEO_LENGTH(+2); AVERAGE_VIDEO_SIZE(+2); VIDEO_COUNT(+2)
jz-8q6voe-487884946,,42,72,HAS_CARD_CAN_UPDATE,Y,Y,Y,Y,ADDITIONAL(+5); FILTERABLE(+8); PICTURE_COUNT(+7); FIRST_VIDEO_SIZE(+2); FIRST_VIDEO_LENGTH(+2); AVERAGE_VIDEO_SIZE(+2); VIDEO_COUNT(+2)
jz-mn9jc2-1140347481,,42,68,HAS_CARD_CAN_UPDATE_ERRORS,,Y,Y,Y,MAIN(+9); ADDITIONAL(+3); FILTERABLE(+2); TITLE_LENGTH(+10); FIRST_VIDEO_SIZE(+2); FIRST_VIDEO_LENGTH(+2); AVERAGE_VIDEO_SIZE(+2); VIDEO_COUNT(+2)
jz-mn9jc2-2345419912,,42,71,HAS_CARD_CAN_UPDATE,,Y,Y,Y,MAIN(+5); ADDITIONAL(+4); FILTERABLE(+2); TITLE_LENGTH(+10); FIRST_VIDEO_SIZE(+2); FIRST_VIDEO_LENGTH(+2); AVERAGE_VIDEO_SIZE(+2); VIDEO_COUNT(+2)
jz-mn9jc2-3220636801,,42,72,HAS_CARD_CAN_UPDATE,,Y,Y,Y,ADDITIONAL(+4); FILTERABLE(+4); FIRST_VIDEO_SIZE(+2); FIRST_VIDEO_LENGTH(+2); AVERAGE_VIDEO_SIZE(+2); VIDEO_COUNT(+2)
jz-ub82eq-4780179559,,42,66,HAS_CARD_CAN_UPDATE,Y,Y,Y,Y,MAIN(+5); ADDITIONAL(+5); FILTERABLE(+2); FIRST_PICTURE_SIZE(+4); TITLE_LENGTH(+10); FIRST_VIDEO_SIZE(+2); FIRST_VIDEO_LENGTH(+2); AVERAGE_VIDEO_SIZE(+2); VIDEO_COUNT(+2)
jz-wfvstx-3047703793,,42,76,HAS_CARD_CAN_UPDATE,Y,Y,Y,,MAIN(+1); ADDITIONAL(+5); FILTERABLE(+6); FIRST_PICTURE_SIZE(+4); FIRST_VIDEO_SIZE(+2); FIRST_VIDEO_LENGTH(+2); AVERAGE_VIDEO_SIZE(+2); VIDEO_COUNT(+2)
jz-wfvstx-3307075800,,42,73,HAS_CARD_CAN_UPDATE,Y,Y,Y,,MAIN(+1); ADDITIONAL(+5); FILTERABLE(+4); PICTURE_COUNT(+3); FIRST_PICTURE_SIZE(+5); AVERAGE_PICTURE_SIZE(+1); FIRST_VIDEO_SIZE(+2); FIRST_VIDEO_LENGTH(+2); AVERAGE_VIDEO_SIZE(+2); VIDEO_COUNT(+2)
jz-wfvstx-3941139893,,42,76,HAS_CARD_CAN_UPDATE,Y,Y,Y,,MAIN(+1); ADDITIONAL(+5); FILTERABLE(+6); PICTURE_COUNT(+4); FIRST_VIDEO_SIZE(+2); FIRST_VIDEO_LENGTH(+2); AVERAGE_VIDEO_SIZE(+2); VIDEO_COUNT(+2)
jz-wfvstx-5343364371,,42,77,HAS_CARD_CAN_UPDATE,Y,Y,Y,,MAIN(+3); ADDITIONAL(+5); FILTERABLE(+6); PICTURE_COUNT(+1); FIRST_VIDEO_SIZE(+2); FIRST_VIDEO_LENGTH(+2); AVERAGE_VIDEO_SIZE(+2); VIDEO_COUNT(+2)
jz-ydp9z9-2908484018,,42,79,HAS_CARD_CAN_UPDATE,Y,Y,Y,Y,ADDITIONAL(+6); FIRST_PICTURE_SIZE(+6); AVERAGE_PICTURE_SIZE(+1); FIRST_VIDEO_SIZE(+2); FIRST_VIDEO_LENGTH(+2); AVERAGE_VIDEO_SIZE(+2); VIDEO_COUNT(+2)
LZ01-2602456066,,42,75,HAS_CARD_CAN_UPDATE,,Y,Y,Y,MAIN(+2); ADDITIONAL(+5); TITLE_LENGTH(+10); FIRST_VIDEO_SIZE(+2); FIRST_VIDEO_LENGTH(+2); AVERAGE_VIDEO_SIZE(+2); VIDEO_COUNT(+2)
LZ01-3579731718,,42,72,HAS_CARD_CAN_UPDATE,Y,Y,Y,Y,MAIN(+12); ADDITIONAL(+3); FIRST_PICTURE_SIZE(+5); FIRST_VIDEO_SIZE(+2); FIRST_VIDEO_LENGTH(+2); AVERAGE_VIDEO_SIZE(+2); VIDEO_COUNT(+2)
GYS-8jlgyl-3010446590,,43,77,HAS_CARD_CAN_UPDATE,Y,Y,Y,Y,ADDITIONAL(+6); PICTURE_COUNT(+2); FIRST_PICTURE_SIZE(+6); AVERAGE_PICTURE_SIZE(+1); FIRST_VIDEO_SIZE(+2); FIRST_VIDEO_LENGTH(+2); AVERAGE_VIDEO_SIZE(+2); VIDEO_COUNT(+2)
GYS-fq6f2z-3011630658,,43,43,HAS_CARD_CAN_UPDATE_PROCESSING,,Y,Y,Y,MAIN(+9); ADDITIONAL(+4); FILTERABLE(+6); TITLE_LENGTH(+10); DESCRIPTION_LENGTH(+20); FIRST_VIDEO_SIZE(+2); FIRST_VIDEO_LENGTH(+2); AVERAGE_VIDEO_SIZE(+2); VIDEO_COUNT(+2)
GYS-pun1uz-3781684625,,43,63,HAS_CARD_CAN_UPDATE,Y,Y,Y,Y,MAIN(+12); FILTERABLE(+3); FIRST_PICTURE_SIZE(+4); TITLE_LENGTH(+10); FIRST_VIDEO_SIZE(+2); FIRST_VIDEO_LENGTH(+2); AVERAGE_VIDEO_SIZE(+2); VIDEO_COUNT(+2)
GYS-pun1uz-4467285120,,43,78,HAS_CARD_CAN_UPDATE,Y,Y,Y,Y,MAIN(+5); ADDITIONAL(+4); FIRST_PICTURE_SIZE(+5); FIRST_VIDEO_SIZE(+2); FIRST_VIDEO_LENGTH(+2); AVERAGE_VIDEO_SIZE(+2); VIDEO_COUNT(+2)
GYS-vhijp3-3456092635,,43,69,HAS_CARD_CAN_UPDATE,Y,Y,Y,Y,ADDITIONAL(+4); FILTERABLE(+2); PICTURE_COUNT(+5); FIRST_PICTURE_SIZE(+2); TITLE_LENGTH(+10); FIRST_VIDEO_SIZE(+2); FIRST_VIDEO_LENGTH(+2); AVERAGE_VIDEO_SIZE(+2); VIDEO_COUNT(+2)
GYS260905hopl-3457510653,,43,79,HAS_CARD_CAN_UPDATE,,Y,Y,Y,MAIN(+3); ADDITIONAL(+2); FILTERABLE(+8); FIRST_VIDEO_SIZE(+2); FIRST_VIDEO_LENGTH(+2); AVERAGE_VIDEO_SIZE(+2); VIDEO_COUNT(+2)
jz-260807i2zt-1912292054,,43,79,HAS_CARD_CAN_UPDATE,Y,Y,Y,Y,ADDITIONAL(+4); FILTERABLE(+3); FIRST_PICTURE_SIZE(+9); AVERAGE_PICTURE_SIZE(+1); FIRST_VIDEO_SIZE(+1); FIRST_VIDEO_LENGTH(+2); AVERAGE_VIDEO_SIZE(+1)
jz-93mo1m-5001857878,,43,60,HAS_CARD_CAN_UPDATE,,Y,Y,Y,MAIN(+9); ADDITIONAL(+5); FILTERABLE(+8); TITLE_LENGTH(+10); FIRST_VIDEO_SIZE(+2); FIRST_VIDEO_LENGTH(+2); AVERAGE_VIDEO_SIZE(+2); VIDEO_COUNT(+2)
jz-a4wnxu-2968195412,,43,70,HAS_CARD_CAN_UPDATE,Y,Y,Y,Y,ADDITIONAL(+4); FILTERABLE(+3); FIRST_PICTURE_SIZE(+5); TITLE_LENGTH(+10); FIRST_VIDEO_SIZE(+2); FIRST_VIDEO_LENGTH(+2); AVERAGE_VIDEO_SIZE(+2); VIDEO_COUNT(+2)
jz-dh3dbz-4248790101,,43,63,HAS_CARD_CAN_UPDATE,Y,Y,Y,Y,ADDITIONAL(+5); PICTURE_COUNT(+5); FIRST_PICTURE_SIZE(+8); TITLE_LENGTH(+10); AVERAGE_PICTURE_SIZE(+1); FIRST_VIDEO_SIZE(+2); FIRST_VIDEO_LENGTH(+2); AVERAGE_VIDEO_SIZE(+2); VIDEO_COUNT(+2)
jz-mn9jc2-3457510653,,43,77,HAS_CARD_CAN_UPDATE,,Y,Y,Y,MAIN(+3); ADDITIONAL(+5); FILTERABLE(+7); FIRST_VIDEO_SIZE(+2); FIRST_VIDEO_LENGTH(+2); AVERAGE_VIDEO_SIZE(+2); VIDEO_COUNT(+2)
jz-wfvstx-3249700687,,43,76,HAS_CARD_CAN_UPDATE,Y,Y,Y,,ADDITIONAL(+5); FILTERABLE(+4); PICTURE_COUNT(+3); FIRST_PICTURE_SIZE(+4); FIRST_VIDEO_SIZE(+2); FIRST_VIDEO_LENGTH(+2); AVERAGE_VIDEO_SIZE(+2); VIDEO_COUNT(+2)
jz-wfvstx-3297705943,,43,65,HAS_CARD_CAN_UPDATE,Y,Y,Y,,MAIN(+1); ADDITIONAL(+5); FILTERABLE(+4); PICTURE_COUNT(+7); TITLE_LENGTH(+10); FIRST_VIDEO_SIZE(+2); FIRST_VIDEO_LENGTH(+2); AVERAGE_VIDEO_SIZE(+2); VIDEO_COUNT(+2)
jz-wfvstx-5292932518,,43,76,HAS_CARD_CAN_UPDATE,Y,Y,Y,,MAIN(+1); ADDITIONAL(+5); FILTERABLE(+6); FIRST_PICTURE_SIZE(+4); FIRST_VIDEO_SIZE(+2); FIRST_VIDEO_LENGTH(+2); AVERAGE_VIDEO_SIZE(+2); VIDEO_COUNT(+2)
jz-wfvstx-5490466239,,43,67,HAS_CARD_CAN_UPDATE,Y,Y,Y,,MAIN(+1); ADDITIONAL(+5); FILTERABLE(+6); PICTURE_COUNT(+3); TITLE_LENGTH(+10); FIRST_VIDEO_SIZE(+2); FIRST_VIDEO_LENGTH(+2); AVERAGE_VIDEO_SIZE(+2); VIDEO_COUNT(+2)
jz-wfvstx-5710303954,,43,78,HAS_CARD_CAN_UPDATE,,Y,Y,,MAIN(+3); ADDITIONAL(+5); FILTERABLE(+6); FIRST_VIDEO_SIZE(+2); FIRST_VIDEO_LENGTH(+2); AVERAGE_VIDEO_SIZE(+2); VIDEO_COUNT(+2)
jz-ydp9z9-3307533196,,43,62,HAS_CARD_CAN_UPDATE,Y,Y,Y,Y,MAIN(+3); ADDITIONAL(+2); FILTERABLE(+4); PICTURE_COUNT(+3); FIRST_PICTURE_SIZE(+7); TITLE_LENGTH(+10); AVERAGE_PICTURE_SIZE(+1); FIRST_VIDEO_SIZE(+2); FIRST_VIDEO_LENGTH(+2); AVERAGE_VIDEO_SIZE(+2); VIDEO_COUNT(+2)
LZ01-3503220298,,43,73,HAS_CARD_CAN_UPDATE_ERRORS,Y,Y,Y,Y,MAIN(+12); ADDITIONAL(+1); FILTERABLE(+3); FIRST_PICTURE_SIZE(+3); FIRST_VIDEO_SIZE(+2); FIRST_VIDEO_LENGTH(+2); AVERAGE_VIDEO_SIZE(+2); VIDEO_COUNT(+2)
LZ01-3629185618,,43,76,HAS_CARD_CAN_UPDATE,,Y,Y,Y,ADDITIONAL(+4); FILTERABLE(+2); TITLE_LENGTH(+10); FIRST_VIDEO_SIZE(+2); FIRST_VIDEO_LENGTH(+2); AVERAGE_VIDEO_SIZE(+2); VIDEO_COUNT(+2)
SF2608248fhz-3588707779,,43,63,HAS_CARD_CAN_UPDATE_ERRORS,Y,Y,Y,Y,MAIN(+5); ADDITIONAL(+5); FILTERABLE(+2); FIRST_PICTURE_SIZE(+13); TITLE_LENGTH(+10); FIRST_VIDEO_LENGTH(+2)
jz-260811rdkx-2623930433,,44,44,HAS_CARD_CAN_UPDATE_ERRORS,Y,,Y,Y,MAIN(+12); ADDITIONAL(+3); FILTERABLE(+6); FIRST_PICTURE_SIZE(+5); TITLE_LENGTH(+10); DESCRIPTION_LENGTH(+20)
jz-2nf96y-4261096715,,44,64,HAS_CARD_CAN_UPDATE,Y,Y,Y,Y,MAIN(+5); ADDITIONAL(+5); FILTERABLE(+2); FIRST_PICTURE_SIZE(+5); TITLE_LENGTH(+10); AVERAGE_PICTURE_SIZE(+1); FIRST_VIDEO_SIZE(+2); FIRST_VIDEO_LENGTH(+2); AVERAGE_VIDEO_SIZE(+2); VIDEO_COUNT(+2)
jz-43c4a1-4409428297,,44,74,HAS_CARD_CAN_UPDATE,Y,Y,Y,Y,MAIN(+5); ADDITIONAL(+5); FILTERABLE(+4); PICTURE_COUNT(+4); FIRST_VIDEO_SIZE(+2); FIRST_VIDEO_LENGTH(+2); AVERAGE_VIDEO_SIZE(+2); VIDEO_COUNT(+2)
jz-tar3ab-3978474361,,44,75,HAS_CARD_CAN_UPDATE,Y,Y,Y,Y,MAIN(+6); ADDITIONAL(+5); FILTERABLE(+1); FIRST_PICTURE_SIZE(+5); FIRST_VIDEO_SIZE(+2); FIRST_VIDEO_LENGTH(+2); AVERAGE_VIDEO_SIZE(+2); VIDEO_COUNT(+2)
jz-tar3ab-4097510358,,44,78,HAS_CARD_CAN_UPDATE,Y,Y,Y,Y,MAIN(+3); ADDITIONAL(+5); FIRST_PICTURE_SIZE(+5); AVERAGE_PICTURE_SIZE(+1); FIRST_VIDEO_SIZE(+2); FIRST_VIDEO_LENGTH(+2); AVERAGE_VIDEO_SIZE(+2); VIDEO_COUNT(+2)
jz-tar3ab-4306956180,,44,68,HAS_CARD_CAN_UPDATE_ERRORS,Y,Y,Y,Y,MAIN(+3); ADDITIONAL(+4); FILTERABLE(+3); PICTURE_COUNT(+4); TITLE_LENGTH(+10); FIRST_VIDEO_SIZE(+2); FIRST_VIDEO_LENGTH(+2); AVERAGE_VIDEO_SIZE(+2); VIDEO_COUNT(+2)
jz-wfvstx-4047019353,,44,72,HAS_CARD_CAN_UPDATE,,Y,Y,,MAIN(+1); ADDITIONAL(+5); FILTERABLE(+4); TITLE_LENGTH(+10); FIRST_VIDEO_SIZE(+2); FIRST_VIDEO_LENGTH(+2); AVERAGE_VIDEO_SIZE(+2); VIDEO_COUNT(+2)
jz-wfvstx-4211271747,,44,76,HAS_CARD_CAN_UPDATE,Y,Y,Y,,MAIN(+1); ADDITIONAL(+5); FILTERABLE(+4); PICTURE_COUNT(+3); FIRST_PICTURE_SIZE(+3); FIRST_VIDEO_SIZE(+2); FIRST_VIDEO_LENGTH(+2); AVERAGE_VIDEO_SIZE(+2); VIDEO_COUNT(+2)
LZ01-3467007723,,44,63,HAS_CARD_CAN_UPDATE,Y,Y,Y,Y,MAIN(+3); ADDITIONAL(+5); FILTERABLE(+3); PICTURE_COUNT(+1); FIRST_PICTURE_SIZE(+6); TITLE_LENGTH(+10); AVERAGE_PICTURE_SIZE(+1); FIRST_VIDEO_SIZE(+2); FIRST_VIDEO_LENGTH(+2); AVERAGE_VIDEO_SIZE(+2); VIDEO_COUNT(+2)
SF2608248fhz-3588812560,,44,64,HAS_CARD_CAN_UPDATE_ERRORS,Y,Y,Y,Y,MAIN(+5); ADDITIONAL(+5); FILTERABLE(+2); FIRST_PICTURE_SIZE(+12); TITLE_LENGTH(+10); FIRST_VIDEO_LENGTH(+2)
SF2608248fhz-3671566844,,44,64,HAS_CARD_CAN_UPDATE_ERRORS,Y,Y,Y,Y,MAIN(+5); ADDITIONAL(+5); FILTERABLE(+2); FIRST_PICTURE_SIZE(+12); TITLE_LENGTH(+10); FIRST_VIDEO_LENGTH(+2)
3118891824-ZQeB,,45,72,HAS_CARD_CAN_UPDATE,Y,Y,Y,Y,MAIN(+1); ADDITIONAL(+5); FILTERABLE(+6); PICTURE_COUNT(+3); FIRST_PICTURE_SIZE(+4); AVERAGE_PICTURE_SIZE(+1); FIRST_VIDEO_SIZE(+2); FIRST_VIDEO_LENGTH(+2); AVERAGE_VIDEO_SIZE(+2); VIDEO_COUNT(+2)
3216743242-q3Ao,,45,74,HAS_CARD_CAN_UPDATE,,Y,Y,Y,MAIN(+1); ADDITIONAL(+4); FILTERABLE(+3); TITLE_LENGTH(+10); FIRST_VIDEO_SIZE(+2); FIRST_VIDEO_LENGTH(+2); AVERAGE_VIDEO_SIZE(+2); VIDEO_COUNT(+2)
3282288781-9po0,,45,74,HAS_CARD_CAN_UPDATE,Y,Y,Y,Y,MAIN(+1); ADDITIONAL(+5); FILTERABLE(+4); PICTURE_COUNT(+3); FIRST_PICTURE_SIZE(+4); AVERAGE_PICTURE_SIZE(+1); FIRST_VIDEO_SIZE(+2); FIRST_VIDEO_LENGTH(+2); AVERAGE_VIDEO_SIZE(+2); VIDEO_COUNT(+2)
B20260512-002-0004R,,45,73,HAS_CARD_CAN_UPDATE,Y,Y,Y,Y,ADDITIONAL(+5); FILTERABLE(+7); FIRST_PICTURE_SIZE(+6); AVERAGE_PICTURE_SIZE(+1); FIRST_VIDEO_SIZE(+2); FIRST_VIDEO_LENGTH(+2); AVERAGE_VIDEO_SIZE(+2); VIDEO_COUNT(+2)
GYS-fq6f2z-1679789612,,45,45,HAS_CARD_CAN_UPDATE_PROCESSING,,Y,Y,Y,MAIN(+9); ADDITIONAL(+3); FILTERABLE(+5); TITLE_LENGTH(+10); DESCRIPTION_LENGTH(+20); FIRST_VIDEO_SIZE(+2); FIRST_VIDEO_LENGTH(+2); AVERAGE_VIDEO_SIZE(+2); VIDEO_COUNT(+2)
GYS-pun1uz-3920739455,,45,72,HAS_CARD_CAN_UPDATE,,Y,Y,Y,ADDITIONAL(+4); FILTERABLE(+6); TITLE_LENGTH(+10); FIRST_VIDEO_SIZE(+2); FIRST_VIDEO_LENGTH(+2); AVERAGE_VIDEO_SIZE(+2); VIDEO_COUNT(+2)
GYS-pun1uz-4404504422,,45,68,HAS_CARD_CAN_UPDATE,Y,Y,Y,Y,ADDITIONAL(+4); FILTERABLE(+3); FIRST_PICTURE_SIZE(+5); TITLE_LENGTH(+11); AVERAGE_PICTURE_SIZE(+1); FIRST_VIDEO_SIZE(+2); FIRST_VIDEO_LENGTH(+2); AVERAGE_VIDEO_SIZE(+2); VIDEO_COUNT(+2)
GYS-pun1uz-4653186758,,45,74,HAS_CARD_CAN_UPDATE,,Y,Y,Y,MAIN(+7); ADDITIONAL(+5); FILTERABLE(+6); FIRST_VIDEO_SIZE(+2); FIRST_VIDEO_LENGTH(+2); AVERAGE_VIDEO_SIZE(+2); VIDEO_COUNT(+2)
jz-43c4a1-4609221440,,45,61,HAS_CARD_CAN_UPDATE,Y,Y,Y,Y,MAIN(+5); ADDITIONAL(+5); FILTERABLE(+4); PICTURE_COUNT(+7); FIRST_PICTURE_SIZE(+9); AVERAGE_PICTURE_SIZE(+1); FIRST_VIDEO_SIZE(+2); FIRST_VIDEO_LENGTH(+2); AVERAGE_VIDEO_SIZE(+2); VIDEO_COUNT(+2)
jz-63ha0a-3071109073,,45,45,HAS_CARD_CAN_UPDATE_PROCESSING,Y,Y,Y,Y,MAIN(+12); FILTERABLE(+8); PICTURE_COUNT(+4); FIRST_PICTURE_SIZE(+3); DESCRIPTION_LENGTH(+20); FIRST_VIDEO_SIZE(+2); FIRST_VIDEO_LENGTH(+2); AVERAGE_VIDEO_SIZE(+2); VIDEO_COUNT(+2)
jz-dh3dbz-4231938258,,45,75,HAS_CARD_CAN_UPDATE,,Y,Y,Y,MAIN(+12); ADDITIONAL(+4); FILTERABLE(+1); FIRST_VIDEO_SIZE(+2); FIRST_VIDEO_LENGTH(+2); AVERAGE_VIDEO_SIZE(+2); VIDEO_COUNT(+2)
jz-mn9jc2-5325473409,,45,77,HAS_CARD_CAN_UPDATE,Y,Y,Y,Y,MAIN(+5); ADDITIONAL(+4); FILTERABLE(+2); FIRST_PICTURE_SIZE(+4); FIRST_VIDEO_SIZE(+2); FIRST_VIDEO_LENGTH(+2); AVERAGE_VIDEO_SIZE(+2); VIDEO_COUNT(+2)
jz-wfvstx-3283146158,,45,78,HAS_CARD_CAN_UPDATE,Y,Y,Y,,MAIN(+3); ADDITIONAL(+5); FILTERABLE(+4); PICTURE_COUNT(+1); AVERAGE_PICTURE_SIZE(+1); FIRST_VIDEO_SIZE(+2); FIRST_VIDEO_LENGTH(+2); AVERAGE_VIDEO_SIZE(+2); VIDEO_COUNT(+2)
jz-wfvstx-3992309918,,45,75,HAS_CARD_CAN_UPDATE,Y,Y,Y,,MAIN(+5); ADDITIONAL(+5); FILTERABLE(+6); PICTURE_COUNT(+1); FIRST_VIDEO_SIZE(+2); FIRST_VIDEO_LENGTH(+2); AVERAGE_VIDEO_SIZE(+2); VIDEO_COUNT(+2)
jz-wfvstx-4481818592,,45,76,HAS_CARD_CAN_UPDATE,Y,Y,Y,,MAIN(+1); ADDITIONAL(+5); FILTERABLE(+4); FIRST_PICTURE_SIZE(+5); AVERAGE_PICTURE_SIZE(+1); FIRST_VIDEO_SIZE(+2); FIRST_VIDEO_LENGTH(+2); AVERAGE_VIDEO_SIZE(+2); VIDEO_COUNT(+2)
jz-wfvstx-5053110573,,45,77,HAS_CARD_CAN_UPDATE,Y,Y,Y,,MAIN(+1); ADDITIONAL(+5); FILTERABLE(+4); PICTURE_COUNT(+5); FIRST_VIDEO_SIZE(+2); FIRST_VIDEO_LENGTH(+2); AVERAGE_VIDEO_SIZE(+2); VIDEO_COUNT(+2)
jz-ydp9z9-4146377526,,45,45,HAS_CARD_CAN_UPDATE,Y,Y,Y,Y,MAIN(+5); FILTERABLE(+8); FIRST_PICTURE_SIZE(+4); TITLE_LENGTH(+10); DESCRIPTION_LENGTH(+20); FIRST_VIDEO_SIZE(+2); FIRST_VIDEO_LENGTH(+2); AVERAGE_VIDEO_SIZE(+2); VIDEO_COUNT(+2)
LZ-5wxmmp-4932040730,,45,45,HAS_CARD_CAN_UPDATE_PROCESSING,Y,Y,Y,Y,MAIN(+7); ADDITIONAL(+4); FILTERABLE(+3); PICTURE_COUNT(+3); TITLE_LENGTH(+10); DESCRIPTION_LENGTH(+20); FIRST_VIDEO_SIZE(+2); FIRST_VIDEO_LENGTH(+2); AVERAGE_VIDEO_SIZE(+2); VIDEO_COUNT(+2)
LZ01-3405464666,,45,77,HAS_CARD_CAN_UPDATE,Y,Y,Y,Y,ADDITIONAL(+3); FILTERABLE(+2); PICTURE_COUNT(+4); FIRST_PICTURE_SIZE(+5); AVERAGE_PICTURE_SIZE(+1); FIRST_VIDEO_SIZE(+2); FIRST_VIDEO_LENGTH(+2); AVERAGE_VIDEO_SIZE(+2); VIDEO_COUNT(+2)
LZ01-3411426486,,45,70,HAS_CARD_CAN_UPDATE,Y,Y,Y,Y,ADDITIONAL(+4); FILTERABLE(+3); FIRST_PICTURE_SIZE(+4); TITLE_LENGTH(+11); FIRST_VIDEO_SIZE(+2); FIRST_VIDEO_LENGTH(+2); AVERAGE_VIDEO_SIZE(+2); VIDEO_COUNT(+2)
QZBHONG,,45,65,HAS_CARD_CAN_UPDATE,Y,,Y,Y,MAIN(+5); ADDITIONAL(+5); FILTERABLE(+8); PICTURE_COUNT(+7); FIRST_PICTURE_SIZE(+9); AVERAGE_PICTURE_SIZE(+1)
2025906111-kaUz,,46,63,HAS_CARD_CAN_UPDATE,Y,Y,Y,Y,ADDITIONAL(+5); FILTERABLE(+3); PICTURE_COUNT(+5); FIRST_PICTURE_SIZE(+5); TITLE_LENGTH(+10); AVERAGE_PICTURE_SIZE(+1); FIRST_VIDEO_SIZE(+2); FIRST_VIDEO_LENGTH(+2); AVERAGE_VIDEO_SIZE(+2); VIDEO_COUNT(+2)
GYS-3027189554,,46,74,HAS_CARD_CAN_UPDATE,,Y,Y,Y,RECOGNIZED_VENDOR(+2); MAIN(+3); ADDITIONAL(+5); FILTERABLE(+8); FIRST_VIDEO_SIZE(+2); FIRST_VIDEO_LENGTH(+2); AVERAGE_VIDEO_SIZE(+2); VIDEO_COUNT(+2)
GYS-fq6f2z-1679790067,,46,46,HAS_CARD_CAN_UPDATE_PROCESSING,,Y,Y,Y,MAIN(+7); ADDITIONAL(+3); FILTERABLE(+6); TITLE_LENGTH(+10); DESCRIPTION_LENGTH(+20); FIRST_VIDEO_SIZE(+2); FIRST_VIDEO_LENGTH(+2); AVERAGE_VIDEO_SIZE(+2); VIDEO_COUNT(+2)
GYS-nznb1s-2811812904,,46,60,HAS_CARD_CAN_UPDATE,Y,Y,Y,Y,MAIN(+6); ADDITIONAL(+5); FILTERABLE(+6); FIRST_PICTURE_SIZE(+5); TITLE_LENGTH(+10); FIRST_VIDEO_SIZE(+2); FIRST_VIDEO_LENGTH(+2); AVERAGE_VIDEO_SIZE(+2); VIDEO_COUNT(+2)
GYS-nznb1s-3190708134,,46,58,HAS_CARD_CAN_UPDATE,Y,Y,Y,Y,MAIN(+6); ADDITIONAL(+5); FILTERABLE(+6); PICTURE_COUNT(+1); FIRST_PICTURE_SIZE(+5); TITLE_LENGTH(+10); AVERAGE_PICTURE_SIZE(+1); FIRST_VIDEO_SIZE(+2); FIRST_VIDEO_LENGTH(+2); AVERAGE_VIDEO_SIZE(+2); VIDEO_COUNT(+2)
GYS260829u5hc-5639920360,,46,79,HAS_CARD_CAN_UPDATE_ERRORS,Y,Y,Y,Y,ADDITIONAL(+5); FILTERABLE(+3); FIRST_PICTURE_SIZE(+5); FIRST_VIDEO_SIZE(+2); FIRST_VIDEO_LENGTH(+2); AVERAGE_VIDEO_SIZE(+2); VIDEO_COUNT(+2)
GYS260829u5hc-5639954557,,46,79,HAS_CARD_CAN_UPDATE_ERRORS,Y,Y,Y,Y,ADDITIONAL(+5); FILTERABLE(+3); FIRST_PICTURE_SIZE(+5); FIRST_VIDEO_SIZE(+2); FIRST_VIDEO_LENGTH(+2); AVERAGE_VIDEO_SIZE(+2); VIDEO_COUNT(+2)
GYS260905hopl-3457424224,,46,72,HAS_CARD_CAN_UPDATE_ERRORS,,Y,Y,Y,MAIN(+9); ADDITIONAL(+3); FILTERABLE(+8); FIRST_VIDEO_SIZE(+2); FIRST_VIDEO_LENGTH(+2); AVERAGE_VIDEO_SIZE(+2); VIDEO_COUNT(+2)
jz-260816bapr-2505164164,,46,78,HAS_CARD_CAN_UPDATE_ERRORS,Y,Y,Y,Y,MAIN(+1); ADDITIONAL(+5); FILTERABLE(+4); FIRST_PICTURE_SIZE(+4); FIRST_VIDEO_SIZE(+2); FIRST_VIDEO_LENGTH(+2); AVERAGE_VIDEO_SIZE(+2); VIDEO_COUNT(+2)
jz-bl4yse-4532615274,,46,64,HAS_CARD_CAN_UPDATE,,Y,Y,Y,MAIN(+7); ADDITIONAL(+5); FILTERABLE(+6); TITLE_LENGTH(+10); FIRST_VIDEO_SIZE(+2); FIRST_VIDEO_LENGTH(+2); AVERAGE_VIDEO_SIZE(+2); VIDEO_COUNT(+2)
jz-dyo0tp-4105697344,,46,73,HAS_CARD_CAN_UPDATE,Y,Y,Y,Y,ADDITIONAL(+3); FILTERABLE(+1); PICTURE_COUNT(+5); TITLE_LENGTH(+10); FIRST_VIDEO_SIZE(+2); FIRST_VIDEO_LENGTH(+2); AVERAGE_VIDEO_SIZE(+2); VIDEO_COUNT(+2)
jz-hx866g-3520097565,,46,75,HAS_CARD_CAN_UPDATE,,Y,Y,Y,MAIN(+12); ADDITIONAL(+5); FIRST_VIDEO_SIZE(+2); FIRST_VIDEO_LENGTH(+2); AVERAGE_VIDEO_SIZE(+2); VIDEO_COUNT(+2)
jz-hx866g-3554887522,,46,75,HAS_CARD_CAN_UPDATE,,Y,Y,Y,MAIN(+12); ADDITIONAL(+5); FIRST_VIDEO_SIZE(+2); FIRST_VIDEO_LENGTH(+2); AVERAGE_VIDEO_SIZE(+2); VIDEO_COUNT(+2)
jz-tar3ab-3755092529,,46,75,HAS_CARD_CAN_UPDATE_ERRORS,Y,Y,Y,Y,MAIN(+3); ADDITIONAL(+4); PICTURE_COUNT(+1); FIRST_PICTURE_SIZE(+8); AVERAGE_PICTURE_SIZE(+1); FIRST_VIDEO_SIZE(+2); FIRST_VIDEO_LENGTH(+2); AVERAGE_VIDEO_SIZE(+2); VIDEO_COUNT(+2)
jz-wfvstx-4213917056,,46,78,HAS_CARD_CAN_UPDATE,Y,Y,Y,,MAIN(+1); ADDITIONAL(+5); FILTERABLE(+4); FIRST_PICTURE_SIZE(+4); FIRST_VIDEO_SIZE(+2); FIRST_VIDEO_LENGTH(+2); AVERAGE_VIDEO_SIZE(+2); VIDEO_COUNT(+2)
jz-wfvstx-4233440884,,46,62,HAS_CARD_CAN_UPDATE,Y,Y,Y,,MAIN(+5); ADDITIONAL(+5); FILTERABLE(+6); PICTURE_COUNT(+4); TITLE_LENGTH(+10); FIRST_VIDEO_SIZE(+2); FIRST_VIDEO_LENGTH(+2); AVERAGE_VIDEO_SIZE(+2); VIDEO_COUNT(+2)
jz-wfvstx-4738023743,,46,78,HAS_CARD_CAN_UPDATE,,Y,Y,,MAIN(+3); ADDITIONAL(+5); FILTERABLE(+6); FIRST_VIDEO_SIZE(+2); FIRST_VIDEO_LENGTH(+2); AVERAGE_VIDEO_SIZE(+2); VIDEO_COUNT(+2)
jz-wfvstx-4818025314,,46,68,HAS_CARD_CAN_UPDATE,Y,Y,Y,,MAIN(+1); ADDITIONAL(+5); FILTERABLE(+4); PICTURE_COUNT(+4); TITLE_LENGTH(+10); FIRST_VIDEO_SIZE(+2); FIRST_VIDEO_LENGTH(+2); AVERAGE_VIDEO_SIZE(+2); VIDEO_COUNT(+2)
jz-wfvstx-5143700512,,46,68,HAS_CARD_CAN_UPDATE,Y,Y,Y,,MAIN(+1); ADDITIONAL(+5); FILTERABLE(+4); FIRST_PICTURE_SIZE(+4); TITLE_LENGTH(+10); FIRST_VIDEO_SIZE(+2); FIRST_VIDEO_LENGTH(+2); AVERAGE_VIDEO_SIZE(+2); VIDEO_COUNT(+2)
jz-wfvstx-5710352754,,46,77,HAS_CARD_CAN_UPDATE,Y,Y,Y,,MAIN(+3); ADDITIONAL(+5); FILTERABLE(+6); PICTURE_COUNT(+1); FIRST_VIDEO_SIZE(+2); FIRST_VIDEO_LENGTH(+2); AVERAGE_VIDEO_SIZE(+2); VIDEO_COUNT(+2)
LZ-f2484t-5213284651,,46,46,HAS_CARD_CAN_UPDATE_PROCESSING,,Y,Y,Y,MAIN(+12); ADDITIONAL(+1); FILTERABLE(+3); TITLE_LENGTH(+10); DESCRIPTION_LENGTH(+20); FIRST_VIDEO_SIZE(+2); FIRST_VIDEO_LENGTH(+2); AVERAGE_VIDEO_SIZE(+2); VIDEO_COUNT(+2)
LZ01-2104735840,,46,46,HAS_CARD_CAN_UPDATE,Y,Y,Y,Y,ADDITIONAL(+3); FILTERABLE(+3); FIRST_PICTURE_SIZE(+5); TITLE_LENGTH(+11); DESCRIPTION_LENGTH(+23); AVERAGE_PICTURE_SIZE(+1); FIRST_VIDEO_SIZE(+2); FIRST_VIDEO_LENGTH(+2); AVERAGE_VIDEO_SIZE(+2); VIDEO_COUNT(+2)
2834263883-xx9p,,47,63,HAS_CARD_CAN_UPDATE,Y,Y,Y,Y,ADDITIONAL(+5); FILTERABLE(+3); PICTURE_COUNT(+7); FIRST_PICTURE_SIZE(+4); TITLE_LENGTH(+10); FIRST_VIDEO_SIZE(+2); FIRST_VIDEO_LENGTH(+2); AVERAGE_VIDEO_SIZE(+2); VIDEO_COUNT(+2)
2888311204-kc2Y,,47,66,HAS_CARD_CAN_UPDATE,Y,Y,Y,Y,MAIN(+1); ADDITIONAL(+5); FILTERABLE(+3); FIRST_PICTURE_SIZE(+6); TITLE_LENGTH(+10); AVERAGE_PICTURE_SIZE(+1); FIRST_VIDEO_SIZE(+2); FIRST_VIDEO_LENGTH(+2); AVERAGE_VIDEO_SIZE(+2); VIDEO_COUNT(+2)
GYS-fq6f2z-3811952275,,47,47,HAS_CARD_CAN_UPDATE_PROCESSING,Y,Y,Y,Y,MAIN(+12); ADDITIONAL(+3); FILTERABLE(+7); PICTURE_COUNT(+7); FIRST_PICTURE_SIZE(+5); TITLE_LENGTH(+10); AVERAGE_PICTURE_SIZE(+1); FIRST_VIDEO_SIZE(+2); FIRST_VIDEO_LENGTH(+2); AVERAGE_VIDEO_SIZE(+2); VIDEO_COUNT(+2)
GYS-vhijp3-4281165900,,47,72,HAS_CARD_CAN_UPDATE,Y,Y,Y,Y,ADDITIONAL(+3); FILTERABLE(+4); PICTURE_COUNT(+3); TITLE_LENGTH(+10); FIRST_VIDEO_SIZE(+2); FIRST_VIDEO_LENGTH(+2); AVERAGE_VIDEO_SIZE(+2); VIDEO_COUNT(+2)
GYS-vhijp3-4281166066,,47,72,HAS_CARD_CAN_UPDATE,,Y,Y,Y,MAIN(+1); ADDITIONAL(+3); FILTERABLE(+6); TITLE_LENGTH(+10); FIRST_VIDEO_SIZE(+2); FIRST_VIDEO_LENGTH(+2); AVERAGE_VIDEO_SIZE(+2); VIDEO_COUNT(+2)
jz-260608nw14-4263895303,,47,79,HAS_CARD_CAN_UPDATE,Y,Y,Y,Y,MAIN(+3); ADDITIONAL(+5); FILTERABLE(+4); AVERAGE_PICTURE_SIZE(+1); FIRST_VIDEO_SIZE(+2); FIRST_VIDEO_LENGTH(+2); AVERAGE_VIDEO_SIZE(+2); VIDEO_COUNT(+2)
jz-2607281n44-3372240107,,47,73,HAS_CARD_CAN_UPDATE,Y,Y,Y,Y,ADDITIONAL(+4); PICTURE_COUNT(+1); FIRST_PICTURE_SIZE(+4); TITLE_LENGTH(+10); FIRST_VIDEO_SIZE(+2); FIRST_VIDEO_LENGTH(+2); AVERAGE_VIDEO_SIZE(+2); VIDEO_COUNT(+2)
jz-2nf96y-4535688933,,47,65,HAS_CARD_CAN_UPDATE,Y,Y,Y,Y,MAIN(+12); ADDITIONAL(+5); FILTERABLE(+1); FIRST_PICTURE_SIZE(+8); AVERAGE_PICTURE_SIZE(+1); FIRST_VIDEO_SIZE(+2); FIRST_VIDEO_LENGTH(+2); AVERAGE_VIDEO_SIZE(+2); VIDEO_COUNT(+2)
jz-43c4a1-4160141158,,47,75,HAS_CARD_CAN_UPDATE,Y,Y,Y,Y,MAIN(+3); ADDITIONAL(+3); FIRST_PICTURE_SIZE(+1); TITLE_LENGTH(+10); FIRST_VIDEO_SIZE(+2); FIRST_VIDEO_LENGTH(+2); AVERAGE_VIDEO_SIZE(+2); VIDEO_COUNT(+2)
jz-gjoym9-1595791996,,47,67,HAS_CARD_CAN_UPDATE,,Y,Y,Y,MAIN(+12); ADDITIONAL(+5); FILTERABLE(+8); FIRST_VIDEO_SIZE(+2); FIRST_VIDEO_LENGTH(+2); AVERAGE_VIDEO_SIZE(+2); VIDEO_COUNT(+2)
jz-gxi10h-769385871,,47,63,HAS_CARD_CAN_UPDATE,Y,Y,Y,Y,MAIN(+12); ADDITIONAL(+3); FILTERABLE(+3); FIRST_PICTURE_SIZE(+11); FIRST_VIDEO_SIZE(+2); FIRST_VIDEO_LENGTH(+2); AVERAGE_VIDEO_SIZE(+2); VIDEO_COUNT(+2)
jz-gxi10h-769388082,,47,63,HAS_CARD_CAN_UPDATE,Y,Y,Y,Y,MAIN(+12); ADDITIONAL(+3); FILTERABLE(+3); FIRST_PICTURE_SIZE(+11); FIRST_VIDEO_SIZE(+2); FIRST_VIDEO_LENGTH(+2); AVERAGE_VIDEO_SIZE(+2); VIDEO_COUNT(+2)
jz-h9kp0m-2245932773,,47,69,HAS_CARD_CAN_UPDATE,Y,Y,Y,Y,ADDITIONAL(+3); FILTERABLE(+4); FIRST_PICTURE_SIZE(+5); TITLE_LENGTH(+10); AVERAGE_PICTURE_SIZE(+1); FIRST_VIDEO_SIZE(+2); FIRST_VIDEO_LENGTH(+2); AVERAGE_VIDEO_SIZE(+2); VIDEO_COUNT(+2)
jz-ra4xyb-4645750806,,47,77,HAS_CARD_CAN_UPDATE,Y,Y,Y,Y,MAIN(+6); ADDITIONAL(+5); FIRST_PICTURE_SIZE(+4); FIRST_VIDEO_SIZE(+2); FIRST_VIDEO_LENGTH(+2); AVERAGE_VIDEO_SIZE(+2); VIDEO_COUNT(+2)
jz-tar3ab-3767636075,,47,71,HAS_CARD_CAN_UPDATE,Y,Y,Y,Y,MAIN(+3); ADDITIONAL(+4); FIRST_PICTURE_SIZE(+4); TITLE_LENGTH(+10); FIRST_VIDEO_SIZE(+2); FIRST_VIDEO_LENGTH(+2); AVERAGE_VIDEO_SIZE(+2); VIDEO_COUNT(+2)
jz-v6j4ej-4857882655,,47,79,HAS_CARD_CAN_UPDATE,,Y,Y,Y,ADDITIONAL(+5); FILTERABLE(+8); FIRST_VIDEO_SIZE(+2); FIRST_VIDEO_LENGTH(+2); AVERAGE_VIDEO_SIZE(+2); VIDEO_COUNT(+2)
jz-wfvstx-2832678484,,47,70,HAS_CARD_CAN_UPDATE,Y,Y,Y,,ADDITIONAL(+5); FILTERABLE(+4); PICTURE_COUNT(+3); TITLE_LENGTH(+10); FIRST_VIDEO_SIZE(+2); FIRST_VIDEO_LENGTH(+2); AVERAGE_VIDEO_SIZE(+2); VIDEO_COUNT(+2)
jz-wfvstx-4214221856,,47,71,HAS_CARD_CAN_UPDATE,Y,Y,Y,,MAIN(+1); ADDITIONAL(+5); FILTERABLE(+6); PICTURE_COUNT(+5); FIRST_PICTURE_SIZE(+4); FIRST_VIDEO_SIZE(+2); FIRST_VIDEO_LENGTH(+2); AVERAGE_VIDEO_SIZE(+2); VIDEO_COUNT(+2)
jz-wfvstx-5069167326,,47,75,HAS_CARD_CAN_UPDATE,Y,Y,Y,,MAIN(+1); ADDITIONAL(+5); FILTERABLE(+6); FIRST_PICTURE_SIZE(+5); FIRST_VIDEO_SIZE(+2); FIRST_VIDEO_LENGTH(+2); AVERAGE_VIDEO_SIZE(+2); VIDEO_COUNT(+2)
LZ-00mkoz-3198759653,,47,47,HAS_CARD_CAN_UPDATE_PROCESSING,,Y,Y,Y,MAIN(+5); ADDITIONAL(+2); FILTERABLE(+8); TITLE_LENGTH(+10); DESCRIPTION_LENGTH(+20); FIRST_VIDEO_SIZE(+2); FIRST_VIDEO_LENGTH(+2); AVERAGE_VIDEO_SIZE(+2); VIDEO_COUNT(+2)
LZ01-3408879387,,47,76,HAS_CARD_CAN_UPDATE,Y,Y,Y,Y,MAIN(+5); ADDITIONAL(+3); FIRST_PICTURE_SIZE(+7); AVERAGE_PICTURE_SIZE(+1); FIRST_VIDEO_SIZE(+2); FIRST_VIDEO_LENGTH(+2); AVERAGE_VIDEO_SIZE(+2); VIDEO_COUNT(+2)
YCXP-l342yy-3198759653,,47,47,HAS_CARD_CAN_UPDATE_PROCESSING,,Y,Y,Y,MAIN(+5); ADDITIONAL(+2); FILTERABLE(+8); TITLE_LENGTH(+10); DESCRIPTION_LENGTH(+20); FIRST_VIDEO_SIZE(+2); FIRST_VIDEO_LENGTH(+2); AVERAGE_VIDEO_SIZE(+2); VIDEO_COUNT(+2)
2395238637-YjOH,,48,76,HAS_CARD_CAN_UPDATE,Y,Y,Y,Y,MAIN(+1); ADDITIONAL(+5); FILTERABLE(+4); PICTURE_COUNT(+4); FIRST_PICTURE_SIZE(+2); FIRST_VIDEO_SIZE(+2); FIRST_VIDEO_LENGTH(+2); AVERAGE_VIDEO_SIZE(+2); VIDEO_COUNT(+2)
2627544436-BuYA,,48,60,HAS_CARD_CAN_UPDATE,,Y,Y,Y,MAIN(+12); ADDITIONAL(+5); FILTERABLE(+5); TITLE_LENGTH(+10); FIRST_VIDEO_SIZE(+2); FIRST_VIDEO_LENGTH(+2); AVERAGE_VIDEO_SIZE(+2); VIDEO_COUNT(+2)
2876990874-p2A1,,48,72,HAS_CARD_CAN_UPDATE,Y,Y,Y,Y,ADDITIONAL(+6); FILTERABLE(+9); FIRST_PICTURE_SIZE(+4); FIRST_VIDEO_SIZE(+2); FIRST_VIDEO_LENGTH(+2); AVERAGE_VIDEO_SIZE(+2); VIDEO_COUNT(+2)
GM01-4265734803,,48,75,HAS_CARD_CAN_UPDATE_ERRORS,Y,Y,Y,Y,ADDITIONAL(+5); FILTERABLE(+4); FIRST_PICTURE_SIZE(+8); FIRST_VIDEO_SIZE(+2); FIRST_VIDEO_LENGTH(+2); AVERAGE_VIDEO_SIZE(+2); VIDEO_COUNT(+2)
GYS-8jlgyl-5123964207,,48,78,HAS_CARD_CAN_UPDATE,,Y,Y,Y,MAIN(+6); ADDITIONAL(+5); FILTERABLE(+3); FIRST_VIDEO_SIZE(+2); FIRST_VIDEO_LENGTH(+2); AVERAGE_VIDEO_SIZE(+2); VIDEO_COUNT(+2)
GYS-8jlgyl-5393650540,,48,76,HAS_CARD_CAN_UPDATE,,Y,Y,Y,MAIN(+1); ADDITIONAL(+4); FILTERABLE(+1); TITLE_LENGTH(+10); FIRST_VIDEO_SIZE(+2); FIRST_VIDEO_LENGTH(+2); AVERAGE_VIDEO_SIZE(+2); VIDEO_COUNT(+2)
GYS-pun1uz-4340995899,,48,78,HAS_CARD_CAN_UPDATE,Y,Y,Y,Y,MAIN(+1); ADDITIONAL(+3); FILTERABLE(+4); PICTURE_COUNT(+1); FIRST_PICTURE_SIZE(+4); AVERAGE_PICTURE_SIZE(+1); FIRST_VIDEO_SIZE(+2); FIRST_VIDEO_LENGTH(+2); AVERAGE_VIDEO_SIZE(+2); VIDEO_COUNT(+2)
jz-260815v031-311932891,,48,69,HAS_CARD_CAN_UPDATE,Y,Y,Y,Y,ADDITIONAL(+4); FILTERABLE(+2); PICTURE_COUNT(+6); TITLE_LENGTH(+11); FIRST_VIDEO_SIZE(+2); FIRST_VIDEO_LENGTH(+2); AVERAGE_VIDEO_SIZE(+2); VIDEO_COUNT(+2)
jz-2nf96y-3798902520,,48,65,HAS_CARD_CAN_UPDATE,,Y,Y,Y,MAIN(+12); ADDITIONAL(+5); TITLE_LENGTH(+10); FIRST_VIDEO_SIZE(+2); FIRST_VIDEO_LENGTH(+2); AVERAGE_VIDEO_SIZE(+2); VIDEO_COUNT(+2)
jz-93mo1m-5001837159,,48,48,HAS_CARD_CAN_UPDATE,,Y,Y,Y,MAIN(+12); ADDITIONAL(+4); FILTERABLE(+8); DESCRIPTION_LENGTH(+20); FIRST_VIDEO_SIZE(+2); FIRST_VIDEO_LENGTH(+2); AVERAGE_VIDEO_SIZE(+2); VIDEO_COUNT(+2)
jz-93mo1m-5023243114,,48,75,HAS_CARD_CAN_UPDATE,,Y,Y,Y,MAIN(+12); ADDITIONAL(+5); FIRST_VIDEO_SIZE(+2); FIRST_VIDEO_LENGTH(+2); AVERAGE_VIDEO_SIZE(+2); VIDEO_COUNT(+2)
jz-93mo1m-5023414001,,48,75,HAS_CARD_CAN_UPDATE,,Y,Y,Y,MAIN(+12); ADDITIONAL(+5); FIRST_VIDEO_SIZE(+2); FIRST_VIDEO_LENGTH(+2); AVERAGE_VIDEO_SIZE(+2); VIDEO_COUNT(+2)
jz-93mo1m-5023452799,,48,75,HAS_CARD_CAN_UPDATE,,Y,Y,Y,MAIN(+12); ADDITIONAL(+5); FIRST_VIDEO_SIZE(+2); FIRST_VIDEO_LENGTH(+2); AVERAGE_VIDEO_SIZE(+2); VIDEO_COUNT(+2)
jz-fq6fzb-3761980623,,48,74,HAS_CARD_CAN_UPDATE,Y,Y,Y,Y,MAIN(+1); ADDITIONAL(+5); FILTERABLE(+8); FIRST_PICTURE_SIZE(+4); FIRST_VIDEO_SIZE(+2); FIRST_VIDEO_LENGTH(+2); AVERAGE_VIDEO_SIZE(+2); VIDEO_COUNT(+2)
jz-mn9jc2-3372111782,,48,71,HAS_CARD_CAN_UPDATE,,Y,Y,Y,MAIN(+9); ADDITIONAL(+4); FILTERABLE(+8); FIRST_VIDEO_SIZE(+2); FIRST_VIDEO_LENGTH(+2); AVERAGE_VIDEO_SIZE(+2); VIDEO_COUNT(+2)
jz-mn9jc2-4280068659,,48,78,HAS_CARD_CAN_UPDATE,,Y,Y,Y,MAIN(+6); ADDITIONAL(+5); FILTERABLE(+3); FIRST_VIDEO_SIZE(+2); FIRST_VIDEO_LENGTH(+2); AVERAGE_VIDEO_SIZE(+2); VIDEO_COUNT(+2)
jz-r0nm0c-3906906270,,48,77,HAS_CARD_CAN_UPDATE,Y,Y,Y,Y,ADDITIONAL(+5); FILTERABLE(+5); FIRST_PICTURE_SIZE(+5); FIRST_VIDEO_SIZE(+2); FIRST_VIDEO_LENGTH(+2); AVERAGE_VIDEO_SIZE(+2); VIDEO_COUNT(+2)
LZ-00mkoz-2992061228,,48,48,HAS_CARD_CAN_UPDATE_PROCESSING,,Y,Y,Y,MAIN(+12); ADDITIONAL(+5); FILTERABLE(+7); DESCRIPTION_LENGTH(+20); FIRST_VIDEO_SIZE(+2); FIRST_VIDEO_LENGTH(+2); AVERAGE_VIDEO_SIZE(+2); VIDEO_COUNT(+2)
LZ-o5ajbj-5303279152,,48,77,HAS_CARD_CAN_UPDATE,,Y,Y,Y,ADDITIONAL(+4); FILTERABLE(+1); TITLE_LENGTH(+10); FIRST_VIDEO_SIZE(+2); FIRST_VIDEO_LENGTH(+2); AVERAGE_VIDEO_SIZE(+2); VIDEO_COUNT(+2)
SF2608248fhz-3980709074,,48,68,HAS_CARD_CAN_UPDATE_ERRORS,Y,Y,Y,Y,MAIN(+12); ADDITIONAL(+5); FILTERABLE(+2); PICTURE_COUNT(+1); TITLE_LENGTH(+10); FIRST_VIDEO_LENGTH(+2)
WSJBJNINE,,48,74,HAS_CARD_CAN_UPDATE_ERRORS,Y,,Y,Y,ADDITIONAL(+4); FILTERABLE(+2); PICTURE_COUNT(+2); FIRST_PICTURE_SIZE(+6); TITLE_LENGTH(+11); AVERAGE_PICTURE_SIZE(+1)
WSJBJSEVEN,,48,76,HAS_CARD_CAN_UPDATE_ERRORS,Y,,Y,Y,ADDITIONAL(+4); PICTURE_COUNT(+2); FIRST_PICTURE_SIZE(+6); TITLE_LENGTH(+11); AVERAGE_PICTURE_SIZE(+1)
WSJBJTHIRTEEN,,48,76,HAS_CARD_CAN_UPDATE_ERRORS,Y,,Y,Y,ADDITIONAL(+4); PICTURE_COUNT(+2); FIRST_PICTURE_SIZE(+6); TITLE_LENGTH(+11); AVERAGE_PICTURE_SIZE(+1)
WSJBJTHREE,,48,75,HAS_CARD_CAN_UPDATE_ERRORS,Y,,Y,Y,ADDITIONAL(+4); FILTERABLE(+1); PICTURE_COUNT(+2); FIRST_PICTURE_SIZE(+6); TITLE_LENGTH(+11); AVERAGE_PICTURE_SIZE(+1)
YCXP-l342yy-2992061228,,48,48,HAS_CARD_CAN_UPDATE_PROCESSING,,Y,Y,Y,MAIN(+12); ADDITIONAL(+5); FILTERABLE(+7); DESCRIPTION_LENGTH(+20); FIRST_VIDEO_SIZE(+2); FIRST_VIDEO_LENGTH(+2); AVERAGE_VIDEO_SIZE(+2); VIDEO_COUNT(+2)
2926949736-nJ5T,,49,66,HAS_CARD_CAN_UPDATE,,Y,Y,Y,MAIN(+12); ADDITIONAL(+4); TITLE_LENGTH(+10); FIRST_VIDEO_SIZE(+2); FIRST_VIDEO_LENGTH(+2); AVERAGE_VIDEO_SIZE(+2); VIDEO_COUNT(+2)
3068578765-nBcq,,49,73,HAS_CARD_CAN_UPDATE_ERRORS,Y,Y,Y,Y,MAIN(+6); ADDITIONAL(+5); FILTERABLE(+2); PICTURE_COUNT(+1); FIRST_PICTURE_SIZE(+5); FIRST_VIDEO_SIZE(+2); FIRST_VIDEO_LENGTH(+2); AVERAGE_VIDEO_SIZE(+2); VIDEO_COUNT(+2)
GYS-fq6f2z-2491004374,,49,71,HAS_CARD_CAN_UPDATE,,Y,Y,Y,MAIN(+5); ADDITIONAL(+4); FILTERABLE(+2); TITLE_LENGTH(+10); FIRST_VIDEO_SIZE(+2); FIRST_VIDEO_LENGTH(+2); AVERAGE_VIDEO_SIZE(+2); VIDEO_COUNT(+2)
GYS-pun1uz-4189396833,,49,68,HAS_CARD_CAN_UPDATE,Y,Y,Y,Y,ADDITIONAL(+6); FILTERABLE(+3); FIRST_PICTURE_SIZE(+4); TITLE_LENGTH(+11); FIRST_VIDEO_SIZE(+2); FIRST_VIDEO_LENGTH(+2); AVERAGE_VIDEO_SIZE(+2); VIDEO_COUNT(+2)
jz-260803a2lr-1468004652,,49,49,HAS_CARD_CAN_UPDATE,,Y,Y,Y,MAIN(+10); TITLE_LENGTH(+11); DESCRIPTION_LENGTH(+22); FIRST_VIDEO_SIZE(+2); FIRST_VIDEO_LENGTH(+2); AVERAGE_VIDEO_SIZE(+2); VIDEO_COUNT(+2)
jz-2nf96y-4227173297,,49,70,HAS_CARD_CAN_UPDATE,,Y,Y,Y,ADDITIONAL(+6); FILTERABLE(+5); TITLE_LENGTH(+11); FIRST_VIDEO_SIZE(+2); FIRST_VIDEO_LENGTH(+2); AVERAGE_VIDEO_SIZE(+2); VIDEO_COUNT(+2)
jz-43c4a1-4374135971,,49,64,HAS_CARD_CAN_UPDATE,Y,Y,Y,Y,MAIN(+7); ADDITIONAL(+3); FILTERABLE(+3); FIRST_PICTURE_SIZE(+5); TITLE_LENGTH(+10); FIRST_VIDEO_SIZE(+2); FIRST_VIDEO_LENGTH(+2); AVERAGE_VIDEO_SIZE(+2); VIDEO_COUNT(+2)
jz-79kd0n-4196907292,,49,68,HAS_CARD_CAN_UPDATE_ERRORS,Y,Y,Y,Y,ADDITIONAL(+3); FILTERABLE(+4); PICTURE_COUNT(+7); TITLE_LENGTH(+10); FIRST_VIDEO_SIZE(+2); FIRST_VIDEO_LENGTH(+2); AVERAGE_VIDEO_SIZE(+2); VIDEO_COUNT(+2)
jz-tar3ab-4328903874,,49,70,HAS_CARD_CAN_UPDATE,Y,Y,Y,Y,ADDITIONAL(+3); FILTERABLE(+3); FIRST_PICTURE_SIZE(+5); TITLE_LENGTH(+10); AVERAGE_PICTURE_SIZE(+1); FIRST_VIDEO_SIZE(+2); FIRST_VIDEO_LENGTH(+2); AVERAGE_VIDEO_SIZE(+2); VIDEO_COUNT(+2)
jz-wfvstx-3024336977,,49,77,HAS_CARD_CAN_UPDATE,Y,Y,Y,,MAIN(+3); ADDITIONAL(+5); FILTERABLE(+6); AVERAGE_PICTURE_SIZE(+1); FIRST_VIDEO_SIZE(+2); FIRST_VIDEO_LENGTH(+2); AVERAGE_VIDEO_SIZE(+2); VIDEO_COUNT(+2)
jz-wfvstx-4047019065,,49,72,HAS_CARD_CAN_UPDATE,Y,Y,Y,,MAIN(+1); ADDITIONAL(+5); FILTERABLE(+4); PICTURE_COUNT(+5); FIRST_PICTURE_SIZE(+4); AVERAGE_PICTURE_SIZE(+1); FIRST_VIDEO_SIZE(+2); FIRST_VIDEO_LENGTH(+2); AVERAGE_VIDEO_SIZE(+2); VIDEO_COUNT(+2)
jz-wfvstx-4342582697,,49,67,HAS_CARD_CAN_UPDATE,Y,Y,Y,,MAIN(+3); ADDITIONAL(+5); FILTERABLE(+6); TITLE_LENGTH(+10); AVERAGE_PICTURE_SIZE(+1); FIRST_VIDEO_SIZE(+2); FIRST_VIDEO_LENGTH(+2); AVERAGE_VIDEO_SIZE(+2); VIDEO_COUNT(+2)
jz-wfvstx-5455283089,,49,78,HAS_CARD_CAN_UPDATE,,Y,Y,,MAIN(+3); ADDITIONAL(+5); FILTERABLE(+6); FIRST_VIDEO_SIZE(+2); FIRST_VIDEO_LENGTH(+2); AVERAGE_VIDEO_SIZE(+2); VIDEO_COUNT(+2)
jz-wfvstx-5646262870,,49,75,HAS_CARD_CAN_UPDATE,,,,,
jz-ydp9z9-4285299126,,49,74,HAS_CARD_CAN_UPDATE,Y,Y,Y,Y,ADDITIONAL(+5); PICTURE_COUNT(+3); FIRST_PICTURE_SIZE(+9); AVERAGE_PICTURE_SIZE(+1); FIRST_VIDEO_SIZE(+2); FIRST_VIDEO_LENGTH(+2); AVERAGE_VIDEO_SIZE(+2); VIDEO_COUNT(+2)
LZ-5wxmmp-4386949796,,49,75,HAS_CARD_CAN_UPDATE,,Y,Y,Y,MAIN(+9); ADDITIONAL(+4); FILTERABLE(+4); FIRST_VIDEO_SIZE(+2); FIRST_VIDEO_LENGTH(+2); AVERAGE_VIDEO_SIZE(+2); VIDEO_COUNT(+2)
LZ-o5ajbj-5110638746,,49,75,HAS_CARD_CAN_UPDATE,,Y,Y,Y,MAIN(+12); ADDITIONAL(+5); FIRST_VIDEO_SIZE(+2); FIRST_VIDEO_LENGTH(+2); AVERAGE_VIDEO_SIZE(+2); VIDEO_COUNT(+2)
LZ-qtsoul-4738816474,,49,79,HAS_CARD_CAN_UPDATE,,Y,Y,Y,MAIN(+8); ADDITIONAL(+5); FIRST_VIDEO_SIZE(+2); FIRST_VIDEO_LENGTH(+2); AVERAGE_VIDEO_SIZE(+2); VIDEO_COUNT(+2)
LZ01-3490120309,,49,67,HAS_CARD_CAN_UPDATE,Y,Y,Y,Y,MAIN(+5); ADDITIONAL(+5); FILTERABLE(+4); PICTURE_COUNT(+5); FIRST_PICTURE_SIZE(+5); AVERAGE_PICTURE_SIZE(+1); FIRST_VIDEO_SIZE(+2); FIRST_VIDEO_LENGTH(+2); AVERAGE_VIDEO_SIZE(+2); VIDEO_COUNT(+2)
manl6heay52s1juj3mow,,49,78,HAS_CARD_CAN_UPDATE_ERRORS,Y,Y,Y,Y,MAIN(+3); ADDITIONAL(+5); PICTURE_COUNT(+1); FIRST_PICTURE_SIZE(+5); FIRST_VIDEO_SIZE(+2); FIRST_VIDEO_LENGTH(+2); AVERAGE_VIDEO_SIZE(+2); VIDEO_COUNT(+2)
manlmst3xzxjyvwtrwtj,,49,78,HAS_CARD_CAN_UPDATE_ERRORS,Y,Y,Y,Y,MAIN(+3); ADDITIONAL(+5); PICTURE_COUNT(+1); FIRST_PICTURE_SIZE(+5); FIRST_VIDEO_SIZE(+2); FIRST_VIDEO_LENGTH(+2); AVERAGE_VIDEO_SIZE(+2); VIDEO_COUNT(+2)
SF2608248fhz-3032389096,,49,79,HAS_CARD_CAN_UPDATE_ERRORS,,Y,Y,Y,MAIN(+12); ADDITIONAL(+5); FILTERABLE(+2); FIRST_VIDEO_LENGTH(+2)
WUYIN-CHENG,,49,70,HAS_CARD_CAN_UPDATE_ERRORS,Y,Y,Y,Y,MAIN(+9); ADDITIONAL(+5); FILTERABLE(+2); PICTURE_COUNT(+1); FIRST_PICTURE_SIZE(+5); FIRST_VIDEO_SIZE(+2); FIRST_VIDEO_LENGTH(+2); AVERAGE_VIDEO_SIZE(+2); VIDEO_COUNT(+2)
WUYIN-FEN,,49,73,HAS_CARD_CAN_UPDATE_ERRORS,Y,Y,Y,Y,MAIN(+6); ADDITIONAL(+5); FILTERABLE(+2); PICTURE_COUNT(+1); FIRST_PICTURE_SIZE(+5); FIRST_VIDEO_SIZE(+2); FIRST_VIDEO_LENGTH(+2); AVERAGE_VIDEO_SIZE(+2); VIDEO_COUNT(+2)
WUYIN-HUANG,,49,78,HAS_CARD_CAN_UPDATE_ERRORS,Y,Y,Y,Y,MAIN(+3); ADDITIONAL(+5); PICTURE_COUNT(+1); FIRST_PICTURE_SIZE(+5); FIRST_VIDEO_SIZE(+2); FIRST_VIDEO_LENGTH(+2); AVERAGE_VIDEO_SIZE(+2); VIDEO_COUNT(+2)
WUYIN-HUI,,49,78,HAS_CARD_CAN_UPDATE_ERRORS,Y,Y,Y,Y,MAIN(+3); ADDITIONAL(+5); PICTURE_COUNT(+1); FIRST_PICTURE_SIZE(+5); FIRST_VIDEO_SIZE(+2); FIRST_VIDEO_LENGTH(+2); AVERAGE_VIDEO_SIZE(+2); VIDEO_COUNT(+2)
WUYIN-QING,,49,73,HAS_CARD_CAN_UPDATE,Y,Y,Y,Y,MAIN(+6); ADDITIONAL(+5); FILTERABLE(+2); PICTURE_COUNT(+1); FIRST_PICTURE_SIZE(+5); FIRST_VIDEO_SIZE(+2); FIRST_VIDEO_LENGTH(+2); AVERAGE_VIDEO_SIZE(+2); VIDEO_COUNT(+2)
WUYIN-SHENLAN,,49,57,HAS_CARD_CAN_UPDATE_ERRORS,Y,Y,Y,Y,MAIN(+9); ADDITIONAL(+5); FILTERABLE(+5); PICTURE_COUNT(+1); FIRST_PICTURE_SIZE(+5); TITLE_LENGTH(+10); FIRST_VIDEO_SIZE(+2); FIRST_VIDEO_LENGTH(+2); AVERAGE_VIDEO_SIZE(+2); VIDEO_COUNT(+2)
WUYIN-SHENLV,,49,68,HAS_CARD_CAN_UPDATE_ERRORS,Y,Y,Y,Y,MAIN(+3); ADDITIONAL(+5); PICTURE_COUNT(+1); FIRST_PICTURE_SIZE(+5); TITLE_LENGTH(+10); FIRST_VIDEO_SIZE(+2); FIRST_VIDEO_LENGTH(+2); AVERAGE_VIDEO_SIZE(+2); VIDEO_COUNT(+2)
WUYIN-ZHONG,,49,73,HAS_CARD_CAN_UPDATE_ERRORS,Y,Y,Y,Y,MAIN(+6); ADDITIONAL(+5); FILTERABLE(+2); PICTURE_COUNT(+1); FIRST_PICTURE_SIZE(+5); FIRST_VIDEO_SIZE(+2); FIRST_VIDEO_LENGTH(+2); AVERAGE_VIDEO_SIZE(+2); VIDEO_COUNT(+2)
3077126256-VcEW,,50,73,HAS_CARD_CAN_UPDATE,Y,Y,Y,Y,MAIN(+5); ADDITIONAL(+5); FILTERABLE(+8); PICTURE_COUNT(+1); FIRST_VIDEO_SIZE(+2); FIRST_VIDEO_LENGTH(+2); AVERAGE_VIDEO_SIZE(+2); VIDEO_COUNT(+2)
3170066140-FR1M,,50,62,HAS_CARD_CAN_UPDATE,Y,Y,Y,Y,ADDITIONAL(+5); FILTERABLE(+8); PICTURE_COUNT(+1); FIRST_PICTURE_SIZE(+5); TITLE_LENGTH(+10); AVERAGE_PICTURE_SIZE(+1); FIRST_VIDEO_SIZE(+2); FIRST_VIDEO_LENGTH(+2); AVERAGE_VIDEO_SIZE(+2); VIDEO_COUNT(+2)
3811599594-rpJK,,50,74,HAS_CARD_CAN_UPDATE,,Y,Y,Y,ADDITIONAL(+4); FILTERABLE(+4); TITLE_LENGTH(+10); FIRST_VIDEO_SIZE(+2); FIRST_VIDEO_LENGTH(+2); AVERAGE_VIDEO_SIZE(+2); VIDEO_COUNT(+2)
GM01-4285665290,,50,77,HAS_CARD_CAN_UPDATE_ERRORS,Y,Y,Y,Y,ADDITIONAL(+5); FILTERABLE(+4); PICTURE_COUNT(+2); FIRST_PICTURE_SIZE(+4); FIRST_VIDEO_SIZE(+2); FIRST_VIDEO_LENGTH(+2); AVERAGE_VIDEO_SIZE(+2); VIDEO_COUNT(+2)
GYS-2645129103,,50,68,HAS_CARD_CAN_UPDATE,,Y,Y,Y,MAIN(+5); ADDITIONAL(+5); FILTERABLE(+4); TITLE_LENGTH(+10); FIRST_VIDEO_SIZE(+2); FIRST_VIDEO_LENGTH(+2); AVERAGE_VIDEO_SIZE(+2); VIDEO_COUNT(+2)
GYS-8jlgyl-5128539532,,50,72,HAS_CARD_CAN_UPDATE,Y,Y,Y,Y,ADDITIONAL(+5); FILTERABLE(+2); PICTURE_COUNT(+2); TITLE_LENGTH(+11); FIRST_VIDEO_SIZE(+2); FIRST_VIDEO_LENGTH(+2); AVERAGE_VIDEO_SIZE(+2); VIDEO_COUNT(+2)
GYS-pun1uz-4423652933,,50,70,HAS_CARD_CAN_UPDATE,,Y,Y,Y,MAIN(+1); ADDITIONAL(+5); FILTERABLE(+6); TITLE_LENGTH(+10); FIRST_VIDEO_SIZE(+2); FIRST_VIDEO_LENGTH(+2); AVERAGE_VIDEO_SIZE(+2); VIDEO_COUNT(+2)
GYS-vhijp3-4374950913,,50,76,HAS_CARD_CAN_UPDATE,,Y,Y,Y,ADDITIONAL(+3); FILTERABLE(+3); TITLE_LENGTH(+10); FIRST_VIDEO_SIZE(+2); FIRST_VIDEO_LENGTH(+2); AVERAGE_VIDEO_SIZE(+2); VIDEO_COUNT(+2)
GYS26091052hw-3517237658,,50,71,HAS_CARD_CAN_UPDATE,,Y,Y,,ADDITIONAL(+5); FILTERABLE(+6); TITLE_LENGTH(+10); FIRST_VIDEO_SIZE(+2); FIRST_VIDEO_LENGTH(+2); AVERAGE_VIDEO_SIZE(+2); VIDEO_COUNT(+2)
jz-1dahrv-3965431701,,50,67,HAS_CARD_CAN_UPDATE,Y,Y,Y,Y,MAIN(+5); ADDITIONAL(+5); FILTERABLE(+6); PICTURE_COUNT(+4); FIRST_PICTURE_SIZE(+5); FIRST_VIDEO_SIZE(+2); FIRST_VIDEO_LENGTH(+2); AVERAGE_VIDEO_SIZE(+2); VIDEO_COUNT(+2)
jz-260622urze-4717121614,,50,70,HAS_CARD_CAN_UPDATE_ERRORS,Y,Y,Y,Y,MAIN(+11); ADDITIONAL(+4); FILTERABLE(+8); FIRST_PICTURE_SIZE(+5); FIRST_VIDEO_SIZE(+1); AVERAGE_VIDEO_SIZE(+1)
jz-260803cn42-5219378835,,50,75,HAS_CARD_CAN_UPDATE_ERRORS,Y,Y,Y,Y,ADDITIONAL(+3); PICTURE_COUNT(+7); FIRST_PICTURE_SIZE(+6); AVERAGE_PICTURE_SIZE(+1); FIRST_VIDEO_SIZE(+2); FIRST_VIDEO_LENGTH(+2); AVERAGE_VIDEO_SIZE(+2); VIDEO_COUNT(+2)
jz-260803cn42-5219379241,,50,75,HAS_CARD_CAN_UPDATE_ERRORS,Y,Y,Y,Y,ADDITIONAL(+3); PICTURE_COUNT(+7); FIRST_PICTURE_SIZE(+6); AVERAGE_PICTURE_SIZE(+1); FIRST_VIDEO_SIZE(+2); FIRST_VIDEO_LENGTH(+2); AVERAGE_VIDEO_SIZE(+2); VIDEO_COUNT(+2)
jz-260816bapr-2138465258,,50,74,HAS_CARD_CAN_UPDATE,Y,Y,Y,Y,ADDITIONAL(+5); FILTERABLE(+8); PICTURE_COUNT(+1); FIRST_PICTURE_SIZE(+4); FIRST_VIDEO_SIZE(+2); FIRST_VIDEO_LENGTH(+2); AVERAGE_VIDEO_SIZE(+2); VIDEO_COUNT(+2)
jz-260818uib8-5437511142,,50,76,HAS_CARD_CAN_UPDATE_ERRORS,,Y,Y,Y,MAIN(+7); ADDITIONAL(+5); TITLE_LENGTH(+10); FIRST_VIDEO_SIZE(+1); AVERAGE_VIDEO_SIZE(+1)
jz-43c4a1-3852712423,,50,79,HAS_CARD_CAN_UPDATE,Y,Y,Y,Y,ADDITIONAL(+5); FILTERABLE(+1); FIRST_PICTURE_SIZE(+6); AVERAGE_PICTURE_SIZE(+1); FIRST_VIDEO_SIZE(+2); FIRST_VIDEO_LENGTH(+2); AVERAGE_VIDEO_SIZE(+2); VIDEO_COUNT(+2)
jz-43c4a1-4528326193,,50,50,HAS_CARD_CAN_UPDATE,,Y,Y,Y,MAIN(+12); ADDITIONAL(+2); FILTERABLE(+8); DESCRIPTION_LENGTH(+20); FIRST_VIDEO_SIZE(+2); FIRST_VIDEO_LENGTH(+2); AVERAGE_VIDEO_SIZE(+2); VIDEO_COUNT(+2)
jz-93mo1m-5022517535,,50,79,HAS_CARD_CAN_UPDATE,Y,Y,Y,Y,MAIN(+7); ADDITIONAL(+5); PICTURE_COUNT(+1); FIRST_VIDEO_SIZE(+2); FIRST_VIDEO_LENGTH(+2); AVERAGE_VIDEO_SIZE(+2); VIDEO_COUNT(+2)
jz-wfvstx-3072970919,,50,69,HAS_CARD_CAN_UPDATE,,,,,
jz-wfvstx-3255386961,,50,78,HAS_CARD_CAN_UPDATE,,,,,
jz-wfvstx-3654907957,,50,50,HAS_CARD_CAN_UPDATE,,,,,
jz-wfvstx-3654946834,,50,70,HAS_CARD_CAN_UPDATE,,,,,
jz-wfvstx-5706048847,,50,74,HAS_CARD_CAN_UPDATE,,Y,Y,,MAIN(+7); ADDITIONAL(+5); FILTERABLE(+6); FIRST_VIDEO_SIZE(+2); FIRST_VIDEO_LENGTH(+2); AVERAGE_VIDEO_SIZE(+2); VIDEO_COUNT(+2)
LZ-00mkoz-2371766204,,50,50,HAS_CARD_CAN_UPDATE_PROCESSING,,Y,Y,Y,FILTERABLE(+8); TITLE_LENGTH(+11); DESCRIPTION_LENGTH(+23); FIRST_VIDEO_SIZE(+2); FIRST_VIDEO_LENGTH(+2); AVERAGE_VIDEO_SIZE(+2); VIDEO_COUNT(+2)
LZ-00mkoz-3506737282,,50,50,HAS_CARD_CAN_UPDATE_PROCESSING,,Y,Y,Y,MAIN(+3); ADDITIONAL(+5); FILTERABLE(+4); TITLE_LENGTH(+10); DESCRIPTION_LENGTH(+20); FIRST_VIDEO_SIZE(+2); FIRST_VIDEO_LENGTH(+2); AVERAGE_VIDEO_SIZE(+2); VIDEO_COUNT(+2)
LZ01-3294539199,,50,59,HAS_CARD_CAN_UPDATE,Y,Y,Y,Y,ADDITIONAL(+6); FILTERABLE(+3); PICTURE_COUNT(+6); FIRST_PICTURE_SIZE(+6); TITLE_LENGTH(+11); AVERAGE_PICTURE_SIZE(+1); FIRST_VIDEO_SIZE(+2); FIRST_VIDEO_LENGTH(+2); AVERAGE_VIDEO_SIZE(+2); VIDEO_COUNT(+2)
manl73d0b888uk031ty7,,50,79,HAS_CARD_CAN_UPDATE,,Y,Y,Y,MAIN(+7); ADDITIONAL(+4); FILTERABLE(+2); FIRST_VIDEO_SIZE(+2); FIRST_VIDEO_LENGTH(+2); AVERAGE_VIDEO_SIZE(+2); VIDEO_COUNT(+2)
manl79ls0t21gv3jujpb,,50,76,HAS_CARD_CAN_UPDATE,,Y,Y,Y,ADDITIONAL(+4); FILTERABLE(+2); TITLE_LENGTH(+10); FIRST_VIDEO_SIZE(+2); FIRST_VIDEO_LENGTH(+2); AVERAGE_VIDEO_SIZE(+2); VIDEO_COUNT(+2)
YCXP-l342yy-2371766204,,50,50,HAS_CARD_CAN_UPDATE_PROCESSING,,Y,Y,Y,FILTERABLE(+8); TITLE_LENGTH(+11); DESCRIPTION_LENGTH(+23); FIRST_VIDEO_SIZE(+2); FIRST_VIDEO_LENGTH(+2); AVERAGE_VIDEO_SIZE(+2); VIDEO_COUNT(+2)
YCXP-l342yy-3506737282,,50,50,HAS_CARD_CAN_UPDATE_PROCESSING,,Y,Y,Y,MAIN(+3); ADDITIONAL(+5); FILTERABLE(+4); TITLE_LENGTH(+10); DESCRIPTION_LENGTH(+20); FIRST_VIDEO_SIZE(+2); FIRST_VIDEO_LENGTH(+2); AVERAGE_VIDEO_SIZE(+2); VIDEO_COUNT(+2)
zm-ahhnb4-5272186384,,50,72,HAS_CARD_CAN_UPDATE,,,,Y,
3021260148-7hmv,,51,72,HAS_CARD_CAN_UPDATE,Y,Y,Y,Y,MAIN(+5); ADDITIONAL(+4); FILTERABLE(+5); FIRST_PICTURE_SIZE(+6); FIRST_VIDEO_SIZE(+2); FIRST_VIDEO_LENGTH(+2); AVERAGE_VIDEO_SIZE(+2); VIDEO_COUNT(+2)
B20260512-002-0002N,,51,75,HAS_CARD_CAN_UPDATE,Y,Y,Y,Y,MAIN(+3); ADDITIONAL(+3); FILTERABLE(+4); FIRST_PICTURE_SIZE(+6); AVERAGE_PICTURE_SIZE(+1); FIRST_VIDEO_SIZE(+2); FIRST_VIDEO_LENGTH(+2); AVERAGE_VIDEO_SIZE(+2); VIDEO_COUNT(+2)
GYS-8jlgyl-3541358371,,51,74,HAS_CARD_CAN_UPDATE,,Y,Y,Y,ADDITIONAL(+5); FILTERABLE(+3); TITLE_LENGTH(+10); FIRST_VIDEO_SIZE(+2); FIRST_VIDEO_LENGTH(+2); AVERAGE_VIDEO_SIZE(+2); VIDEO_COUNT(+2)
GYS-fq6f2z-4424388728,,51,51,HAS_CARD_CAN_UPDATE_PROCESSING,,Y,Y,Y,MAIN(+9); ADDITIONAL(+4); FILTERABLE(+8); DESCRIPTION_LENGTH(+20); FIRST_VIDEO_SIZE(+2); FIRST_VIDEO_LENGTH(+2); AVERAGE_VIDEO_SIZE(+2); VIDEO_COUNT(+2)
GYS-pun1uz-4511783237,,51,77,HAS_CARD_CAN_UPDATE,Y,Y,Y,Y,MAIN(+3); ADDITIONAL(+3); FILTERABLE(+3); PICTURE_COUNT(+1); FIRST_PICTURE_SIZE(+5); FIRST_VIDEO_SIZE(+2); FIRST_VIDEO_LENGTH(+2); AVERAGE_VIDEO_SIZE(+2); VIDEO_COUNT(+2)
GYS2608211lve-5509560114,,51,76,HAS_CARD_CAN_UPDATE,,Y,Y,Y,ADDITIONAL(+5); TITLE_LENGTH(+11); FIRST_VIDEO_SIZE(+2); FIRST_VIDEO_LENGTH(+2); AVERAGE_VIDEO_SIZE(+2); VIDEO_COUNT(+2)
GYS2608211lve-5509560591,,51,74,HAS_CARD_CAN_UPDATE,,Y,Y,Y,ADDITIONAL(+5); FILTERABLE(+2); TITLE_LENGTH(+11); FIRST_VIDEO_SIZE(+2); FIRST_VIDEO_LENGTH(+2); AVERAGE_VIDEO_SIZE(+2); VIDEO_COUNT(+2)
jz-1dahrv-4516270651,,51,68,HAS_CARD_CAN_UPDATE,,,,Y,
jz-260624fwg3-4736592704,,51,61,HAS_CARD_CAN_UPDATE,Y,Y,Y,Y,MAIN(+5); ADDITIONAL(+4); FILTERABLE(+1); PICTURE_COUNT(+7); FIRST_PICTURE_SIZE(+4); TITLE_LENGTH(+10); FIRST_VIDEO_SIZE(+2); FIRST_VIDEO_LENGTH(+2); AVERAGE_VIDEO_SIZE(+2); VIDEO_COUNT(+2)
jz-2607113a6c-1609026433,,51,70,HAS_CARD_CAN_UPDATE,Y,Y,Y,Y,MAIN(+6); ADDITIONAL(+4); FIRST_PICTURE_SIZE(+11); AVERAGE_PICTURE_SIZE(+1); FIRST_VIDEO_SIZE(+2); FIRST_VIDEO_LENGTH(+2); AVERAGE_VIDEO_SIZE(+2); VIDEO_COUNT(+2)
jz-260803cn42-5219379347,,51,66,HAS_CARD_CAN_UPDATE_ERRORS,Y,Y,Y,Y,ADDITIONAL(+3); PICTURE_COUNT(+7); FIRST_PICTURE_SIZE(+5); TITLE_LENGTH(+10); AVERAGE_PICTURE_SIZE(+1); FIRST_VIDEO_SIZE(+2); FIRST_VIDEO_LENGTH(+2); AVERAGE_VIDEO_SIZE(+2); VIDEO_COUNT(+2)
jz-260803cn42-5219379351,,51,66,HAS_CARD_CAN_UPDATE_ERRORS,Y,Y,Y,Y,ADDITIONAL(+3); PICTURE_COUNT(+7); FIRST_PICTURE_SIZE(+5); TITLE_LENGTH(+10); AVERAGE_PICTURE_SIZE(+1); FIRST_VIDEO_SIZE(+2); FIRST_VIDEO_LENGTH(+2); AVERAGE_VIDEO_SIZE(+2); VIDEO_COUNT(+2)
jz-33hanu-3372277031,,51,74,HAS_CARD_CAN_UPDATE,,Y,Y,Y,MAIN(+12); ADDITIONAL(+5); FILTERABLE(+1); FIRST_VIDEO_SIZE(+2); FIRST_VIDEO_LENGTH(+2); AVERAGE_VIDEO_SIZE(+2); VIDEO_COUNT(+2)
jz-63ha0a-2990555919,,51,51,HAS_CARD_CAN_UPDATE_PROCESSING,,Y,Y,Y,MAIN(+12); ADDITIONAL(+3); FILTERABLE(+6); DESCRIPTION_LENGTH(+20); FIRST_VIDEO_SIZE(+2); FIRST_VIDEO_LENGTH(+2); AVERAGE_VIDEO_SIZE(+2); VIDEO_COUNT(+2)
jz-79kd0n-3004488665,,51,70,HAS_CARD_CAN_UPDATE_ERRORS,Y,Y,Y,Y,ADDITIONAL(+3); FILTERABLE(+4); PICTURE_COUNT(+5); TITLE_LENGTH(+10); FIRST_VIDEO_SIZE(+2); FIRST_VIDEO_LENGTH(+2); AVERAGE_VIDEO_SIZE(+2); VIDEO_COUNT(+2)
jz-79kd0n-4196840636,,51,74,HAS_CARD_CAN_UPDATE_ERRORS,Y,Y,Y,Y,ADDITIONAL(+5); FILTERABLE(+8); PICTURE_COUNT(+5); FIRST_VIDEO_SIZE(+2); FIRST_VIDEO_LENGTH(+2); AVERAGE_VIDEO_SIZE(+2); VIDEO_COUNT(+2)
jz-79kd0n-4197089246,,51,70,HAS_CARD_CAN_UPDATE,Y,Y,Y,Y,ADDITIONAL(+3); FILTERABLE(+4); PICTURE_COUNT(+5); TITLE_LENGTH(+10); FIRST_VIDEO_SIZE(+2); FIRST_VIDEO_LENGTH(+2); AVERAGE_VIDEO_SIZE(+2); VIDEO_COUNT(+2)
jz-mn9jc2-4882873805,,51,69,HAS_CARD_CAN_UPDATE,Y,Y,Y,Y,MAIN(+12); ADDITIONAL(+2); FILTERABLE(+8); PICTURE_COUNT(+1); FIRST_VIDEO_SIZE(+2); FIRST_VIDEO_LENGTH(+2); AVERAGE_VIDEO_SIZE(+2); VIDEO_COUNT(+2)
jz-tar3ab-4272365909,,51,70,HAS_CARD_CAN_UPDATE_ERRORS,Y,Y,Y,Y,MAIN(+3); ADDITIONAL(+4); FIRST_PICTURE_SIZE(+5); TITLE_LENGTH(+10); FIRST_VIDEO_SIZE(+2); FIRST_VIDEO_LENGTH(+2); AVERAGE_VIDEO_SIZE(+2); VIDEO_COUNT(+2)
jz-wfvstx-3482246636,,51,77,HAS_CARD_CAN_UPDATE,,,,,
jz-wfvstx-4072225257,,51,79,HAS_CARD_CAN_UPDATE,Y,Y,Y,,ADDITIONAL(+5); FILTERABLE(+4); FIRST_PICTURE_SIZE(+4); FIRST_VIDEO_SIZE(+2); FIRST_VIDEO_LENGTH(+2); AVERAGE_VIDEO_SIZE(+2); VIDEO_COUNT(+2)
LZ-00mkoz-3119072834,,51,51,HAS_CARD_CAN_UPDATE_PROCESSING,Y,Y,Y,Y,MAIN(+7); FILTERABLE(+1); FIRST_PICTURE_SIZE(+3); TITLE_LENGTH(+10); DESCRIPTION_LENGTH(+20); FIRST_VIDEO_SIZE(+2); FIRST_VIDEO_LENGTH(+2); AVERAGE_VIDEO_SIZE(+2); VIDEO_COUNT(+2)
LZ-o5ajbj-5091961052,,51,70,HAS_CARD_CAN_UPDATE,,Y,Y,Y,MAIN(+3); ADDITIONAL(+5); FILTERABLE(+4); TITLE_LENGTH(+10); FIRST_VIDEO_SIZE(+2); FIRST_VIDEO_LENGTH(+2); AVERAGE_VIDEO_SIZE(+2); VIDEO_COUNT(+2)
LZ01-3447837791,,51,79,HAS_CARD_CAN_UPDATE,,Y,Y,Y,MAIN(+7); ADDITIONAL(+5); FILTERABLE(+1); FIRST_VIDEO_SIZE(+2); FIRST_VIDEO_LENGTH(+2); AVERAGE_VIDEO_SIZE(+2); VIDEO_COUNT(+2)
SF2608248fhz-3732513153,,51,67,HAS_CARD_CAN_UPDATE_ERRORS,Y,Y,Y,Y,MAIN(+5); ADDITIONAL(+5); FILTERABLE(+4); FIRST_PICTURE_SIZE(+6); TITLE_LENGTH(+10); AVERAGE_PICTURE_SIZE(+1); FIRST_VIDEO_LENGTH(+2)
2723486462-UQQw,,52,73,HAS_CARD_CAN_UPDATE,Y,Y,Y,Y,ADDITIONAL(+4); FILTERABLE(+3); FIRST_PICTURE_SIZE(+1); TITLE_LENGTH(+11); FIRST_VIDEO_SIZE(+2); FIRST_VIDEO_LENGTH(+2); AVERAGE_VIDEO_SIZE(+2); VIDEO_COUNT(+2)
GYS-8jlgyl-3212276089,,52,65,HAS_CARD_CAN_UPDATE,,Y,Y,Y,MAIN(+12); ADDITIONAL(+5); TITLE_LENGTH(+10); FIRST_VIDEO_SIZE(+2); FIRST_VIDEO_LENGTH(+2); AVERAGE_VIDEO_SIZE(+2); VIDEO_COUNT(+2)
GYS-8jlgyl-4376827725,,52,73,HAS_CARD_CAN_UPDATE,,,,Y,
GYS-pun1uz-4074674320,,52,71,HAS_CARD_CAN_UPDATE,Y,Y,Y,Y,MAIN(+3); ADDITIONAL(+4); FILTERABLE(+2); FIRST_PICTURE_SIZE(+2); TITLE_LENGTH(+10); FIRST_VIDEO_SIZE(+2); FIRST_VIDEO_LENGTH(+2); AVERAGE_VIDEO_SIZE(+2); VIDEO_COUNT(+2)
GYS-pun1uz-4306713357,,52,69,HAS_CARD_CAN_UPDATE,Y,Y,Y,Y,MAIN(+3); ADDITIONAL(+5); FILTERABLE(+4); PICTURE_COUNT(+1); TITLE_LENGTH(+10); FIRST_VIDEO_SIZE(+2); FIRST_VIDEO_LENGTH(+2); AVERAGE_VIDEO_SIZE(+2); VIDEO_COUNT(+2)
GYS-vhijp3-5421463300,,52,72,HAS_CARD_CAN_UPDATE_ERRORS,Y,Y,Y,Y,MAIN(+3); ADDITIONAL(+5); FILTERABLE(+1); PICTURE_COUNT(+1); TITLE_LENGTH(+10); FIRST_VIDEO_SIZE(+2); FIRST_VIDEO_LENGTH(+2); AVERAGE_VIDEO_SIZE(+2); VIDEO_COUNT(+2)
GYS-vhijp3-5421464633,,52,73,HAS_CARD_CAN_UPDATE_ERRORS,Y,Y,Y,Y,MAIN(+3); ADDITIONAL(+5); PICTURE_COUNT(+1); TITLE_LENGTH(+10); FIRST_VIDEO_SIZE(+2); FIRST_VIDEO_LENGTH(+2); AVERAGE_VIDEO_SIZE(+2); VIDEO_COUNT(+2)
jz-2nf96y-4482693329,,52,75,HAS_CARD_CAN_UPDATE,Y,Y,Y,Y,ADDITIONAL(+5); FILTERABLE(+6); FIRST_PICTURE_SIZE(+6); FIRST_VIDEO_SIZE(+2); FIRST_VIDEO_LENGTH(+2); AVERAGE_VIDEO_SIZE(+2); VIDEO_COUNT(+2)
jz-43c4a1-4931110117,,52,75,HAS_CARD_CAN_UPDATE,,Y,Y,Y,MAIN(+3); ADDITIONAL(+4); TITLE_LENGTH(+10); FIRST_VIDEO_SIZE(+2); FIRST_VIDEO_LENGTH(+2); AVERAGE_VIDEO_SIZE(+2); VIDEO_COUNT(+2)
jz-74no4j-2204203437,,52,76,HAS_CARD_CAN_UPDATE,Y,Y,Y,Y,MAIN(+12); ADDITIONAL(+3); PICTURE_COUNT(+1); FIRST_VIDEO_SIZE(+2); FIRST_VIDEO_LENGTH(+2); AVERAGE_VIDEO_SIZE(+2); VIDEO_COUNT(+2)
jz-wfvstx-4516060090,,52,71,HAS_CARD_CAN_UPDATE,,,,,
jz-wfvstx-5561906720,,52,76,HAS_CARD_CAN_UPDATE,,,,,
LZ01-3389215885,,52,73,HAS_CARD_CAN_UPDATE,Y,Y,Y,Y,ADDITIONAL(+6); FILTERABLE(+5); PICTURE_COUNT(+5); FIRST_PICTURE_SIZE(+4); FIRST_VIDEO_SIZE(+2); FIRST_VIDEO_LENGTH(+2); AVERAGE_VIDEO_SIZE(+2); VIDEO_COUNT(+2)
ZS260824s0qp-1263028260,,52,68,HAS_CARD_CAN_UPDATE_ERRORS,,Y,Y,Y,MAIN(+5); ADDITIONAL(+5); FILTERABLE(+4); TITLE_LENGTH(+10); FIRST_VIDEO_SIZE(+2); FIRST_VIDEO_LENGTH(+2); AVERAGE_VIDEO_SIZE(+2); VIDEO_COUNT(+2)
ZS260824s0qp-1263029450,,52,68,HAS_CARD_CAN_UPDATE_ERRORS,,Y,Y,Y,MAIN(+5); ADDITIONAL(+5); FILTERABLE(+4); TITLE_LENGTH(+10); FIRST_VIDEO_SIZE(+2); FIRST_VIDEO_LENGTH(+2); AVERAGE_VIDEO_SIZE(+2); VIDEO_COUNT(+2)
ZS260824s0qp-150657930,,52,68,HAS_CARD_CAN_UPDATE_ERRORS,,Y,Y,Y,MAIN(+5); ADDITIONAL(+5); FILTERABLE(+4); TITLE_LENGTH(+10); FIRST_VIDEO_SIZE(+2); FIRST_VIDEO_LENGTH(+2); AVERAGE_VIDEO_SIZE(+2); VIDEO_COUNT(+2)
ZS260824s0qp-150661085,,52,73,HAS_CARD_CAN_UPDATE_ERRORS,,Y,Y,Y,ADDITIONAL(+5); FILTERABLE(+4); TITLE_LENGTH(+10); FIRST_VIDEO_SIZE(+2); FIRST_VIDEO_LENGTH(+2); AVERAGE_VIDEO_SIZE(+2); VIDEO_COUNT(+2)
ZS260824s0qp-467047676,,52,68,HAS_CARD_CAN_UPDATE_ERRORS,,Y,Y,Y,MAIN(+5); ADDITIONAL(+5); FILTERABLE(+4); TITLE_LENGTH(+10); FIRST_VIDEO_SIZE(+2); FIRST_VIDEO_LENGTH(+2); AVERAGE_VIDEO_SIZE(+2); VIDEO_COUNT(+2)
ZS260824s0qp-694013935,,52,68,HAS_CARD_CAN_UPDATE_ERRORS,,Y,Y,Y,MAIN(+5); ADDITIONAL(+5); FILTERABLE(+4); TITLE_LENGTH(+10); FIRST_VIDEO_SIZE(+2); FIRST_VIDEO_LENGTH(+2); AVERAGE_VIDEO_SIZE(+2); VIDEO_COUNT(+2)
ZS260824s0qp-721384160,,52,68,HAS_CARD_CAN_UPDATE_ERRORS,,Y,Y,Y,MAIN(+5); ADDITIONAL(+5); FILTERABLE(+4); TITLE_LENGTH(+10); FIRST_VIDEO_SIZE(+2); FIRST_VIDEO_LENGTH(+2); AVERAGE_VIDEO_SIZE(+2); VIDEO_COUNT(+2)
ZS260824s0qp-721386460,,52,68,HAS_CARD_CAN_UPDATE_ERRORS,,Y,Y,Y,MAIN(+5); ADDITIONAL(+5); FILTERABLE(+4); TITLE_LENGTH(+10); FIRST_VIDEO_SIZE(+2); FIRST_VIDEO_LENGTH(+2); AVERAGE_VIDEO_SIZE(+2); VIDEO_COUNT(+2)
ZS260824s0qp-880699554,,52,68,HAS_CARD_CAN_UPDATE_ERRORS,,Y,Y,Y,MAIN(+5); ADDITIONAL(+5); FILTERABLE(+4); TITLE_LENGTH(+10); FIRST_VIDEO_SIZE(+2); FIRST_VIDEO_LENGTH(+2); AVERAGE_VIDEO_SIZE(+2); VIDEO_COUNT(+2)
ZS260824s0qp-880702163,,52,68,HAS_CARD_CAN_UPDATE_ERRORS,,Y,Y,Y,MAIN(+5); ADDITIONAL(+5); FILTERABLE(+4); TITLE_LENGTH(+10); FIRST_VIDEO_SIZE(+2); FIRST_VIDEO_LENGTH(+2); AVERAGE_VIDEO_SIZE(+2); VIDEO_COUNT(+2)
ZS260824s0qp-880702188,,52,68,HAS_CARD_CAN_UPDATE_ERRORS,,Y,Y,Y,MAIN(+5); ADDITIONAL(+5); FILTERABLE(+4); TITLE_LENGTH(+10); FIRST_VIDEO_SIZE(+2); FIRST_VIDEO_LENGTH(+2); AVERAGE_VIDEO_SIZE(+2); VIDEO_COUNT(+2)
ZS260824s0qp-880703038,,52,68,HAS_CARD_CAN_UPDATE_ERRORS,,Y,Y,Y,MAIN(+5); ADDITIONAL(+5); FILTERABLE(+4); TITLE_LENGTH(+10); FIRST_VIDEO_SIZE(+2); FIRST_VIDEO_LENGTH(+2); AVERAGE_VIDEO_SIZE(+2); VIDEO_COUNT(+2)
ZS260824s0qp-888010580,,52,68,HAS_CARD_CAN_UPDATE_ERRORS,,Y,Y,Y,MAIN(+5); ADDITIONAL(+5); FILTERABLE(+4); TITLE_LENGTH(+10); FIRST_VIDEO_SIZE(+2); FIRST_VIDEO_LENGTH(+2); AVERAGE_VIDEO_SIZE(+2); VIDEO_COUNT(+2)
FSJRXS,,53,65,HAS_CARD_CAN_UPDATE,Y,,Y,Y,MAIN(+6); ADDITIONAL(+5); FILTERABLE(+8); FIRST_PICTURE_SIZE(+5); TITLE_LENGTH(+10); AVERAGE_PICTURE_SIZE(+1)
GYS-3213591896,,53,70,HAS_CARD_CAN_UPDATE,Y,Y,Y,Y,MAIN(+7); ADDITIONAL(+5); FILTERABLE(+6); FIRST_PICTURE_SIZE(+4); FIRST_VIDEO_SIZE(+2); FIRST_VIDEO_LENGTH(+2); AVERAGE_VIDEO_SIZE(+2); VIDEO_COUNT(+2)
GYS-8jlgyl-3717224047,,53,78,HAS_CARD_CAN_UPDATE,,Y,Y,Y,MAIN(+9); ADDITIONAL(+4); FILTERABLE(+1); FIRST_VIDEO_SIZE(+2); FIRST_VIDEO_LENGTH(+2); AVERAGE_VIDEO_SIZE(+2); VIDEO_COUNT(+2)
GYS-pun1uz-4967181406,,53,77,HAS_CARD_CAN_UPDATE,,,,Y,
GYS-vhijp3-5663131645,,53,73,HAS_CARD_CAN_UPDATE,,Y,Y,Y,MAIN(+3); ADDITIONAL(+5); FILTERABLE(+1); TITLE_LENGTH(+10); FIRST_VIDEO_SIZE(+2); FIRST_VIDEO_LENGTH(+2); AVERAGE_VIDEO_SIZE(+2); VIDEO_COUNT(+2)
GYS-vhijp3-5663132680,,53,73,HAS_CARD_CAN_UPDATE,,Y,Y,Y,MAIN(+3); ADDITIONAL(+5); FILTERABLE(+1); TITLE_LENGTH(+10); FIRST_VIDEO_SIZE(+2); FIRST_VIDEO_LENGTH(+2); AVERAGE_VIDEO_SIZE(+2); VIDEO_COUNT(+2)
GYS-vhijp3-5663132696,,53,73,HAS_CARD_CAN_UPDATE,,Y,Y,Y,MAIN(+3); ADDITIONAL(+5); FILTERABLE(+1); TITLE_LENGTH(+10); FIRST_VIDEO_SIZE(+2); FIRST_VIDEO_LENGTH(+2); AVERAGE_VIDEO_SIZE(+2); VIDEO_COUNT(+2)
jz-260622urze-4717237412,,53,69,HAS_CARD_CAN_UPDATE,Y,Y,Y,Y,MAIN(+2); ADDITIONAL(+5); FILTERABLE(+4); PICTURE_COUNT(+3); FIRST_PICTURE_SIZE(+5); TITLE_LENGTH(+10); FIRST_VIDEO_SIZE(+1); AVERAGE_VIDEO_SIZE(+1)
jz-260731nl7w-5251886196,,53,73,HAS_CARD_CAN_UPDATE,Y,Y,Y,Y,MAIN(+12); ADDITIONAL(+1); FIRST_PICTURE_SIZE(+5); AVERAGE_PICTURE_SIZE(+1); FIRST_VIDEO_SIZE(+2); FIRST_VIDEO_LENGTH(+2); AVERAGE_VIDEO_SIZE(+2); VIDEO_COUNT(+2)
jz-2nf96y-4899023703,,53,73,HAS_CARD_CAN_UPDATE,,Y,Y,Y,MAIN(+3); ADDITIONAL(+3); FILTERABLE(+3); TITLE_LENGTH(+10); FIRST_VIDEO_SIZE(+2); FIRST_VIDEO_LENGTH(+2); AVERAGE_VIDEO_SIZE(+2); VIDEO_COUNT(+2)
jz-43c4a1-4662496540,,53,79,HAS_CARD_CAN_UPDATE,,Y,Y,Y,MAIN(+3); ADDITIONAL(+5); FILTERABLE(+5); FIRST_VIDEO_SIZE(+2); FIRST_VIDEO_LENGTH(+2); AVERAGE_VIDEO_SIZE(+2); VIDEO_COUNT(+2)
jz-63ha0a-1679789712,,53,53,HAS_CARD_CAN_UPDATE_PROCESSING,,Y,Y,Y,MAIN(+12); ADDITIONAL(+1); FILTERABLE(+6); DESCRIPTION_LENGTH(+20); FIRST_VIDEO_SIZE(+2); FIRST_VIDEO_LENGTH(+2); AVERAGE_VIDEO_SIZE(+2); VIDEO_COUNT(+2)
jz-63ha0a-3584245681,,53,53,HAS_CARD_CAN_UPDATE_PROCESSING,Y,Y,Y,Y,MAIN(+9); ADDITIONAL(+1); FILTERABLE(+5); FIRST_PICTURE_SIZE(+4); DESCRIPTION_LENGTH(+20); FIRST_VIDEO_SIZE(+2); FIRST_VIDEO_LENGTH(+2); AVERAGE_VIDEO_SIZE(+2); VIDEO_COUNT(+2)
jz-79kd0n-4399293625,,53,72,HAS_CARD_CAN_UPDATE_ERRORS,Y,Y,Y,Y,ADDITIONAL(+3); FILTERABLE(+4); PICTURE_COUNT(+3); TITLE_LENGTH(+10); FIRST_VIDEO_SIZE(+2); FIRST_VIDEO_LENGTH(+2); AVERAGE_VIDEO_SIZE(+2); VIDEO_COUNT(+2)
jz-93mo1m-4988434908,,53,76,HAS_CARD_CAN_UPDATE,,Y,Y,Y,MAIN(+1); ADDITIONAL(+5); TITLE_LENGTH(+10); FIRST_VIDEO_SIZE(+2); FIRST_VIDEO_LENGTH(+2); AVERAGE_VIDEO_SIZE(+2); VIDEO_COUNT(+2)
jz-bl4yse-4518490693,,53,70,HAS_CARD_CAN_UPDATE,,Y,Y,Y,ADDITIONAL(+6); FILTERABLE(+5); TITLE_LENGTH(+11); FIRST_VIDEO_SIZE(+2); FIRST_VIDEO_LENGTH(+2); AVERAGE_VIDEO_SIZE(+2); VIDEO_COUNT(+2)
jz-wfvstx-4480946365,,53,77,HAS_CARD_CAN_UPDATE,,,,,
jz-wfvstx-4827597775,,53,78,HAS_CARD_CAN_UPDATE,,,,,
LZ-00mkoz-4641654640,,53,63,HAS_CARD_CAN_UPDATE,,Y,Y,Y,MAIN(+12); ADDITIONAL(+5); FILTERABLE(+2); TITLE_LENGTH(+10); FIRST_VIDEO_SIZE(+2); FIRST_VIDEO_LENGTH(+2); AVERAGE_VIDEO_SIZE(+2); VIDEO_COUNT(+2)
LZ-o5ajbj-4312820670,,53,73,HAS_CARD_CAN_UPDATE,,Y,Y,Y,MAIN(+3); ADDITIONAL(+5); FILTERABLE(+1); TITLE_LENGTH(+10); FIRST_VIDEO_SIZE(+2); FIRST_VIDEO_LENGTH(+2); AVERAGE_VIDEO_SIZE(+2); VIDEO_COUNT(+2)
LZ-o5ajbj-4591702348,,53,68,HAS_CARD_CAN_UPDATE,Y,Y,Y,Y,MAIN(+6); ADDITIONAL(+5); PICTURE_COUNT(+3); TITLE_LENGTH(+10); FIRST_VIDEO_SIZE(+2); FIRST_VIDEO_LENGTH(+2); AVERAGE_VIDEO_SIZE(+2); VIDEO_COUNT(+2)
YCXP-l342yy-4641654640,,53,66,HAS_CARD_CAN_UPDATE,,Y,Y,Y,MAIN(+12); ADDITIONAL(+4); TITLE_LENGTH(+10); FIRST_VIDEO_SIZE(+2); FIRST_VIDEO_LENGTH(+2); AVERAGE_VIDEO_SIZE(+2); VIDEO_COUNT(+2)
ZS--3633762195,,53,73,HAS_CARD_CAN_UPDATE,,Y,Y,Y,MAIN(+3); ADDITIONAL(+5); FILTERABLE(+1); TITLE_LENGTH(+10); FIRST_VIDEO_SIZE(+2); FIRST_VIDEO_LENGTH(+2); AVERAGE_VIDEO_SIZE(+2); VIDEO_COUNT(+2)
3205286289-viAd,,54,67,HAS_CARD_CAN_UPDATE,Y,Y,Y,Y,MAIN(+6); ADDITIONAL(+4); FIRST_PICTURE_SIZE(+5); TITLE_LENGTH(+10); FIRST_VIDEO_SIZE(+2); FIRST_VIDEO_LENGTH(+2); AVERAGE_VIDEO_SIZE(+2); VIDEO_COUNT(+2)
3318853039-4OEF,,54,74,HAS_CARD_CAN_UPDATE_ERRORS,,,,Y,
GYS-pun1uz-4344802040,,54,77,HAS_CARD_CAN_UPDATE,Y,Y,Y,Y,MAIN(+5); ADDITIONAL(+4); FILTERABLE(+3); FIRST_PICTURE_SIZE(+3); FIRST_VIDEO_SIZE(+2); FIRST_VIDEO_LENGTH(+2); AVERAGE_VIDEO_SIZE(+2); VIDEO_COUNT(+2)
GYS-vhijp3-5635717893,,54,72,HAS_CARD_CAN_UPDATE_ERRORS,,Y,Y,Y,MAIN(+5); ADDITIONAL(+3); FILTERABLE(+2); TITLE_LENGTH(+10); FIRST_VIDEO_SIZE(+2); FIRST_VIDEO_LENGTH(+2); AVERAGE_VIDEO_SIZE(+2); VIDEO_COUNT(+2)
GYS-vhijp3-5635718105,,54,73,HAS_CARD_CAN_UPDATE_ERRORS,,Y,Y,Y,MAIN(+5); ADDITIONAL(+3); FILTERABLE(+1); TITLE_LENGTH(+10); FIRST_VIDEO_SIZE(+2); FIRST_VIDEO_LENGTH(+2); AVERAGE_VIDEO_SIZE(+2); VIDEO_COUNT(+2)
GYS-vhijp3-5635718536,,54,62,HAS_CARD_CAN_UPDATE_ERRORS,,Y,Y,Y,MAIN(+12); ADDITIONAL(+3); FILTERABLE(+5); TITLE_LENGTH(+10); FIRST_VIDEO_SIZE(+2); FIRST_VIDEO_LENGTH(+2); AVERAGE_VIDEO_SIZE(+2); VIDEO_COUNT(+2)
jz-43c4a1-4255080725,,54,71,HAS_CARD_CAN_UPDATE,,Y,Y,Y,MAIN(+7); ADDITIONAL(+4); TITLE_LENGTH(+10); FIRST_VIDEO_SIZE(+2); FIRST_VIDEO_LENGTH(+2); AVERAGE_VIDEO_SIZE(+2); VIDEO_COUNT(+2)
jz-7cosa9-4019637814,,54,77,HAS_CARD_CAN_UPDATE,Y,Y,Y,Y,MAIN(+5); ADDITIONAL(+4); FIRST_PICTURE_SIZE(+5); AVERAGE_PICTURE_SIZE(+1); FIRST_VIDEO_SIZE(+2); FIRST_VIDEO_LENGTH(+2); AVERAGE_VIDEO_SIZE(+2); VIDEO_COUNT(+2)
jz-bl4yse-4433465632,,54,79,HAS_CARD_CAN_UPDATE,Y,Y,Y,Y,ADDITIONAL(+6); FILTERABLE(+3); PICTURE_COUNT(+5); FIRST_VIDEO_SIZE(+2); FIRST_VIDEO_LENGTH(+2); AVERAGE_VIDEO_SIZE(+2); VIDEO_COUNT(+2)
jz-mn9jc2-2022869918,,54,74,HAS_CARD_CAN_UPDATE,,Y,Y,Y,MAIN(+12); ADDITIONAL(+5); FILTERABLE(+8); FIRST_VIDEO_SIZE(+2); FIRST_VIDEO_LENGTH(+2); AVERAGE_VIDEO_SIZE(+2); VIDEO_COUNT(+2)
jz-mn9jc2-3000101816,,54,63,HAS_CARD_CAN_UPDATE,,Y,Y,Y,MAIN(+12); ADDITIONAL(+5); FILTERABLE(+8); TITLE_LENGTH(+10); FIRST_VIDEO_SIZE(+2); FIRST_VIDEO_LENGTH(+2); AVERAGE_VIDEO_SIZE(+2); VIDEO_COUNT(+2)
jz-tar3ab-4377355583,,54,76,HAS_CARD_CAN_UPDATE,Y,Y,Y,Y,MAIN(+3); ADDITIONAL(+4); FIRST_PICTURE_SIZE(+8); AVERAGE_PICTURE_SIZE(+1); FIRST_VIDEO_SIZE(+2); FIRST_VIDEO_LENGTH(+2); AVERAGE_VIDEO_SIZE(+2); VIDEO_COUNT(+2)
jz-wfvstx-3598370408,,54,72,HAS_CARD_CAN_UPDATE,,,,,
jz-wfvstx-4310989460,,54,69,HAS_CARD_CAN_UPDATE,,,,,
jz-wfvstx-4906291352,,54,75,HAS_CARD_CAN_UPDATE,,,,,
jz-wfvstx-5646235978,,54,75,HAS_CARD_CAN_UPDATE,,,,,
LZ01-3633183206-2,,54,74,HAS_CARD_CAN_UPDATE_ERRORS,,Y,Y,Y,MAIN(+3); ADDITIONAL(+5); TITLE_LENGTH(+10); FIRST_VIDEO_SIZE(+2); FIRST_VIDEO_LENGTH(+2); AVERAGE_VIDEO_SIZE(+2); VIDEO_COUNT(+2)
YCXP-l342yy-5017983729,,54,54,HAS_CARD_CAN_UPDATE_PROCESSING,,Y,Y,Y,MAIN(+12); ADDITIONAL(+4); FILTERABLE(+2); DESCRIPTION_LENGTH(+20); FIRST_VIDEO_SIZE(+2); FIRST_VIDEO_LENGTH(+2); AVERAGE_VIDEO_SIZE(+2); VIDEO_COUNT(+2)
jz-79kd0n-2205624646,,55,74,HAS_CARD_CAN_UPDATE_ERRORS,Y,Y,Y,Y,ADDITIONAL(+3); FILTERABLE(+4); PICTURE_COUNT(+1); TITLE_LENGTH(+10); FIRST_VIDEO_SIZE(+2); FIRST_VIDEO_LENGTH(+2); AVERAGE_VIDEO_SIZE(+2); VIDEO_COUNT(+2)
jz-uly3uk-4376822949,,55,76,HAS_CARD_CAN_UPDATE,,Y,Y,Y,MAIN(+3); ADDITIONAL(+5); FILTERABLE(+8); FIRST_VIDEO_SIZE(+2); FIRST_VIDEO_LENGTH(+2); AVERAGE_VIDEO_SIZE(+2); VIDEO_COUNT(+2)
jz-wfvstx-3072975410,,55,71,HAS_CARD_CAN_UPDATE,,,,,
jz-wfvstx-3294488104,,55,73,HAS_CARD_CAN_UPDATE,,,,,
jz-wfvstx-4481931383,,55,75,HAS_CARD_CAN_UPDATE,,,,,
LZ-00mkoz-2451736745,,55,55,HAS_CARD_CAN_UPDATE_PROCESSING,Y,Y,Y,Y,MAIN(+3); ADDITIONAL(+2); FILTERABLE(+4); PICTURE_COUNT(+4); FIRST_PICTURE_SIZE(+4); DESCRIPTION_LENGTH(+20); FIRST_VIDEO_SIZE(+2); FIRST_VIDEO_LENGTH(+2); AVERAGE_VIDEO_SIZE(+2); VIDEO_COUNT(+2)
SF2608248fhz-3980560078,,55,75,HAS_CARD_CAN_UPDATE_ERRORS,Y,Y,Y,Y,MAIN(+5); ADDITIONAL(+5); FILTERABLE(+2); PICTURE_COUNT(+1); TITLE_LENGTH(+10); FIRST_VIDEO_LENGTH(+2)
XIAOMIGUAJIAN,,55,77,HAS_CARD_CAN_UPDATE_ERRORS,,Y,Y,Y,MAIN(+6); ADDITIONAL(+5); FILTERABLE(+4); FIRST_VIDEO_SIZE(+2); FIRST_VIDEO_LENGTH(+2); AVERAGE_VIDEO_SIZE(+2); VIDEO_COUNT(+2)
XIAOMIGUAJIAN-3,,55,77,HAS_CARD_CAN_UPDATE_ERRORS,,Y,Y,Y,MAIN(+6); ADDITIONAL(+5); FILTERABLE(+4); FIRST_VIDEO_SIZE(+2); FIRST_VIDEO_LENGTH(+2); AVERAGE_VIDEO_SIZE(+2); VIDEO_COUNT(+2)
YCXP-l342yy-2451736745,,55,55,HAS_CARD_CAN_UPDATE_PROCESSING,Y,Y,Y,Y,MAIN(+3); ADDITIONAL(+2); FILTERABLE(+4); PICTURE_COUNT(+4); FIRST_PICTURE_SIZE(+4); DESCRIPTION_LENGTH(+20); FIRST_VIDEO_SIZE(+2); FIRST_VIDEO_LENGTH(+2); AVERAGE_VIDEO_SIZE(+2); VIDEO_COUNT(+2)
1968961961-Kqjy,,56,74,HAS_CARD_CAN_UPDATE,,Y,Y,Y,MAIN(+5); ADDITIONAL(+5); FILTERABLE(+8); FIRST_VIDEO_SIZE(+2); FIRST_VIDEO_LENGTH(+2); AVERAGE_VIDEO_SIZE(+2); VIDEO_COUNT(+2)
GM01-4285665290-KAFEI,,56,72,HAS_CARD_CAN_UPDATE,,Y,Y,Y,ADDITIONAL(+5); FILTERABLE(+4); TITLE_LENGTH(+11); FIRST_VIDEO_SIZE(+2); FIRST_VIDEO_LENGTH(+2); AVERAGE_VIDEO_SIZE(+2); VIDEO_COUNT(+2)
GM01-4355142826-LV,,56,74,HAS_CARD_CAN_UPDATE_ERRORS,,Y,Y,Y,MAIN(+5); ADDITIONAL(+3); TITLE_LENGTH(+10); FIRST_VIDEO_SIZE(+2); FIRST_VIDEO_LENGTH(+2); AVERAGE_VIDEO_SIZE(+2); VIDEO_COUNT(+2)
GYS-fq6f2z-3057500387,,56,56,HAS_CARD_CAN_UPDATE_PROCESSING,Y,Y,Y,Y,MAIN(+12); ADDITIONAL(+4); FILTERABLE(+5); FIRST_PICTURE_SIZE(+4); TITLE_LENGTH(+10); AVERAGE_PICTURE_SIZE(+1); FIRST_VIDEO_SIZE(+2); FIRST_VIDEO_LENGTH(+2); AVERAGE_VIDEO_SIZE(+2); VIDEO_COUNT(+2)
GYS-pun1uz-4687442957,,56,73,HAS_CARD_CAN_UPDATE,Y,Y,Y,Y,MAIN(+6); ADDITIONAL(+4); PICTURE_COUNT(+3); FIRST_PICTURE_SIZE(+5); AVERAGE_PICTURE_SIZE(+1); FIRST_VIDEO_SIZE(+2); FIRST_VIDEO_LENGTH(+2); AVERAGE_VIDEO_SIZE(+2); VIDEO_COUNT(+2)
jz-1dahrv-4545874055,,56,56,HAS_CARD_CAN_UPDATE,,,,Y,
jz-260608b7rb-4260264244,,56,78,HAS_CARD_CAN_UPDATE,,,,Y,
jz-260816bapr-2138447343,,56,78,HAS_CARD_CAN_UPDATE_ERRORS,,,,Y,
jz-260816bapr-2451654667,,56,76,HAS_CARD_CAN_UPDATE_ERRORS,,,,Y,
jz-2nf96y-3823692862,,56,64,HAS_CARD_CAN_UPDATE,,Y,Y,Y,MAIN(+5); ADDITIONAL(+5); FILTERABLE(+8); TITLE_LENGTH(+10); FIRST_VIDEO_SIZE(+2); FIRST_VIDEO_LENGTH(+2); AVERAGE_VIDEO_SIZE(+2); VIDEO_COUNT(+2)
jz-2rqa92-3288753786,,56,71,HAS_CARD_CAN_UPDATE,,,,Y,
jz-43c4a1-4649743309,,56,72,HAS_CARD_CAN_UPDATE,,Y,Y,Y,MAIN(+12); ADDITIONAL(+5); FILTERABLE(+3); FIRST_VIDEO_SIZE(+2); FIRST_VIDEO_LENGTH(+2); AVERAGE_VIDEO_SIZE(+2); VIDEO_COUNT(+2)
jz-43c4a1-4754778811,,56,73,HAS_CARD_CAN_UPDATE,,Y,Y,Y,MAIN(+3); ADDITIONAL(+5); FILTERABLE(+1); TITLE_LENGTH(+10); FIRST_VIDEO_SIZE(+2); FIRST_VIDEO_LENGTH(+2); AVERAGE_VIDEO_SIZE(+2); VIDEO_COUNT(+2)
jz-63ha0a-5357798591,,56,56,HAS_CARD_CAN_UPDATE_PROCESSING,,Y,Y,Y,MAIN(+12); FILTERABLE(+4); DESCRIPTION_LENGTH(+20); FIRST_VIDEO_SIZE(+2); FIRST_VIDEO_LENGTH(+2); AVERAGE_VIDEO_SIZE(+2); VIDEO_COUNT(+2)
jz-79kd0n-3004487878,,56,75,HAS_CARD_CAN_UPDATE_ERRORS,,Y,Y,Y,ADDITIONAL(+3); FILTERABLE(+4); TITLE_LENGTH(+10); FIRST_VIDEO_SIZE(+2); FIRST_VIDEO_LENGTH(+2); AVERAGE_VIDEO_SIZE(+2); VIDEO_COUNT(+2)
jz-79kd0n-3529645384,,56,75,HAS_CARD_CAN_UPDATE,,Y,Y,Y,ADDITIONAL(+3); FILTERABLE(+4); TITLE_LENGTH(+10); FIRST_VIDEO_SIZE(+2); FIRST_VIDEO_LENGTH(+2); AVERAGE_VIDEO_SIZE(+2); VIDEO_COUNT(+2)
jz-wfvstx-3294485690,,56,76,HAS_CARD_CAN_UPDATE,,,,,
jz-wfvstx-3294488244,,56,56,HAS_CARD_CAN_UPDATE,,,,,
jz-wfvstx-4541723626,,56,78,HAS_CARD_CAN_UPDATE,,,,,
jz-wfvstx-4738388317,,56,78,HAS_CARD_CAN_UPDATE,,,,,
jz-wfvstx-4819900909,,56,78,HAS_CARD_CAN_UPDATE,,,,,
LZ-3426986435,,56,72,HAS_CARD_CAN_UPDATE_ERRORS,Y,Y,Y,Y,MAIN(+1); ADDITIONAL(+5); FIRST_PICTURE_SIZE(+12); AVERAGE_PICTURE_SIZE(+2); FIRST_VIDEO_SIZE(+2); FIRST_VIDEO_LENGTH(+2); AVERAGE_VIDEO_SIZE(+2); VIDEO_COUNT(+2)
LZ-5wxmmp-4480489634,,56,62,HAS_CARD_CAN_UPDATE,,Y,Y,Y,MAIN(+12); ADDITIONAL(+5); FILTERABLE(+3); TITLE_LENGTH(+10); FIRST_VIDEO_SIZE(+2); FIRST_VIDEO_LENGTH(+2); AVERAGE_VIDEO_SIZE(+2); VIDEO_COUNT(+2)
LZ01-3622614929,,56,64,HAS_CARD_CAN_UPDATE,Y,Y,Y,Y,MAIN(+3); ADDITIONAL(+5); PICTURE_COUNT(+4); FIRST_PICTURE_SIZE(+5); TITLE_LENGTH(+10); AVERAGE_PICTURE_SIZE(+1); FIRST_VIDEO_SIZE(+2); FIRST_VIDEO_LENGTH(+2); AVERAGE_VIDEO_SIZE(+2); VIDEO_COUNT(+2)
LZ01-3794041980,,56,75,HAS_CARD_CAN_UPDATE,,Y,Y,Y,ADDITIONAL(+4); FILTERABLE(+3); TITLE_LENGTH(+10); FIRST_VIDEO_SIZE(+2); FIRST_VIDEO_LENGTH(+2); AVERAGE_VIDEO_SIZE(+2); VIDEO_COUNT(+2)
SF2608248fhz-3588867711,,56,76,HAS_CARD_CAN_UPDATE_ERRORS,,Y,Y,Y,MAIN(+5); ADDITIONAL(+5); FILTERABLE(+2); TITLE_LENGTH(+10); FIRST_VIDEO_LENGTH(+2)
SLGDJCJJJCSU10JIN20,,56,63,HAS_CARD_CAN_UPDATE_ERRORS,Y,,Y,Y,MAIN(+12); ADDITIONAL(+5); FILTERABLE(+4); FIRST_PICTURE_SIZE(+15); AVERAGE_PICTURE_SIZE(+1)
2039260315-EtTJ,,57,66,HAS_CARD_CAN_UPDATE,Y,Y,Y,Y,MAIN(+3); ADDITIONAL(+5); FILTERABLE(+8); PICTURE_COUNT(+3); FIRST_PICTURE_SIZE(+6); AVERAGE_PICTURE_SIZE(+1); FIRST_VIDEO_SIZE(+2); FIRST_VIDEO_LENGTH(+2); AVERAGE_VIDEO_SIZE(+2); VIDEO_COUNT(+2)
2943154976-nO2j,,57,77,HAS_CARD_CAN_UPDATE,Y,Y,Y,Y,MAIN(+7); ADDITIONAL(+4); FIRST_PICTURE_SIZE(+4); FIRST_VIDEO_SIZE(+2); FIRST_VIDEO_LENGTH(+2); AVERAGE_VIDEO_SIZE(+2); VIDEO_COUNT(+2)
3122682373-GIqU,,57,57,HAS_CARD_CAN_UPDATE,Y,Y,Y,Y,ADDITIONAL(+5); FILTERABLE(+8); PICTURE_COUNT(+4); FIRST_PICTURE_SIZE(+7); TITLE_LENGTH(+10); AVERAGE_PICTURE_SIZE(+1); FIRST_VIDEO_SIZE(+2); FIRST_VIDEO_LENGTH(+2); AVERAGE_VIDEO_SIZE(+2); VIDEO_COUNT(+2)
GYS-4129747225,,57,72,HAS_CARD_CAN_UPDATE,,Y,Y,Y,RECOGNIZED_VENDOR(+2); ADDITIONAL(+5); FILTERABLE(+2); TITLE_LENGTH(+11); FIRST_VIDEO_SIZE(+2); FIRST_VIDEO_LENGTH(+2); AVERAGE_VIDEO_SIZE(+2); VIDEO_COUNT(+2)
GYS-fq6f2z-4550678091,,57,57,HAS_CARD_CAN_UPDATE_PROCESSING,,Y,Y,Y,MAIN(+12); ADDITIONAL(+3); DESCRIPTION_LENGTH(+20); FIRST_VIDEO_SIZE(+2); FIRST_VIDEO_LENGTH(+2); AVERAGE_VIDEO_SIZE(+2); VIDEO_COUNT(+2)
GYS-pun1uz-4151515766,,57,67,HAS_CARD_CAN_UPDATE,,,,Y,
GYS260908dq6l-5730574559,,57,77,HAS_CARD_CAN_UPDATE,,,,Y,
jz-2607113a6c-1609026357,,57,76,HAS_CARD_CAN_UPDATE,Y,Y,Y,Y,MAIN(+6); ADDITIONAL(+4); FIRST_PICTURE_SIZE(+5); AVERAGE_PICTURE_SIZE(+1); FIRST_VIDEO_SIZE(+2); FIRST_VIDEO_LENGTH(+2); AVERAGE_VIDEO_SIZE(+2); VIDEO_COUNT(+2)
jz-260803cn42-5219378444,,57,72,HAS_CARD_CAN_UPDATE_ERRORS,Y,Y,Y,Y,ADDITIONAL(+3); PICTURE_COUNT(+7); TITLE_LENGTH(+10); FIRST_VIDEO_SIZE(+2); FIRST_VIDEO_LENGTH(+2); AVERAGE_VIDEO_SIZE(+2); VIDEO_COUNT(+2)
jz-260813x6ot-4044283074,,57,76,HAS_CARD_CAN_UPDATE,,Y,Y,Y,MAIN(+5); ADDITIONAL(+4); FILTERABLE(+3); TITLE_LENGTH(+10); FIRST_VIDEO_SIZE(+1); AVERAGE_VIDEO_SIZE(+1)
jz-2nf96y-4399275633,,57,57,HAS_CARD_CAN_UPDATE,Y,Y,Y,Y,MAIN(+5); ADDITIONAL(+2); FILTERABLE(+4); FIRST_PICTURE_SIZE(+3); DESCRIPTION_LENGTH(+20); AVERAGE_PICTURE_SIZE(+1); FIRST_VIDEO_SIZE(+2); FIRST_VIDEO_LENGTH(+2); AVERAGE_VIDEO_SIZE(+2); VIDEO_COUNT(+2)
jz-9d7gb7-4037729626,,57,69,HAS_CARD_CAN_UPDATE,,Y,Y,Y,ADDITIONAL(+5); FILTERABLE(+8); TITLE_LENGTH(+10); FIRST_VIDEO_SIZE(+2); FIRST_VIDEO_LENGTH(+2); AVERAGE_VIDEO_SIZE(+2); VIDEO_COUNT(+2)
jz-a4wnxu-3276070112,,57,65,HAS_CARD_CAN_UPDATE,Y,Y,Y,Y,MAIN(+7); ADDITIONAL(+5); FILTERABLE(+1); PICTURE_COUNT(+5); FIRST_PICTURE_SIZE(+8); AVERAGE_PICTURE_SIZE(+1); FIRST_VIDEO_SIZE(+2); FIRST_VIDEO_LENGTH(+2); AVERAGE_VIDEO_SIZE(+2); VIDEO_COUNT(+2)
jz-mn9jc2-2939874500,,57,57,HAS_CARD_CAN_UPDATE_ERRORS,,Y,Y,Y,MAIN(+5); ADDITIONAL(+4); FILTERABLE(+6); DESCRIPTION_LENGTH(+20); FIRST_VIDEO_SIZE(+2); FIRST_VIDEO_LENGTH(+2); AVERAGE_VIDEO_SIZE(+2); VIDEO_COUNT(+2)
jz-ra4xyb-4521287943,,57,69,HAS_CARD_CAN_UPDATE,,Y,Y,Y,MAIN(+9); ADDITIONAL(+4); TITLE_LENGTH(+10); FIRST_VIDEO_SIZE(+2); FIRST_VIDEO_LENGTH(+2); AVERAGE_VIDEO_SIZE(+2); VIDEO_COUNT(+2)
jz-wfvstx-4953405266,,57,79,HAS_CARD_CAN_UPDATE,,,,,
LZ-3410117421,,57,77,HAS_CARD_CAN_UPDATE,Y,Y,Y,Y,ADDITIONAL(+3); FILTERABLE(+2); PICTURE_COUNT(+3); FIRST_PICTURE_SIZE(+6); AVERAGE_PICTURE_SIZE(+1); FIRST_VIDEO_SIZE(+2); FIRST_VIDEO_LENGTH(+2); AVERAGE_VIDEO_SIZE(+2); VIDEO_COUNT(+2)
LZ-5wxmmp-5327769281,,57,77,HAS_CARD_CAN_UPDATE,,Y,Y,Y,MAIN(+12); ADDITIONAL(+3); FIRST_VIDEO_SIZE(+2); FIRST_VIDEO_LENGTH(+2); AVERAGE_VIDEO_SIZE(+2); VIDEO_COUNT(+2)
LZ-qtsoul-4920297323,,57,70,HAS_CARD_CAN_UPDATE,Y,Y,Y,Y,MAIN(+12); ADDITIONAL(+5); FILTERABLE(+1); FIRST_PICTURE_SIZE(+4); FIRST_VIDEO_SIZE(+2); FIRST_VIDEO_LENGTH(+2); AVERAGE_VIDEO_SIZE(+2); VIDEO_COUNT(+2)
LZ01-1928772955,,57,69,HAS_CARD_CAN_UPDATE,,Y,Y,Y,ADDITIONAL(+5); FILTERABLE(+8); TITLE_LENGTH(+10); FIRST_VIDEO_SIZE(+2); FIRST_VIDEO_LENGTH(+2); AVERAGE_VIDEO_SIZE(+2); VIDEO_COUNT(+2)
zm-bya321-5266758266,,57,75,HAS_CARD_CAN_UPDATE,Y,Y,Y,Y,MAIN(+9); ADDITIONAL(+5); FILTERABLE(+2); PICTURE_COUNT(+1); FIRST_VIDEO_SIZE(+2); FIRST_VIDEO_LENGTH(+2); AVERAGE_VIDEO_SIZE(+2); VIDEO_COUNT(+2)
zm-eq8csq-5285591202,,57,57,HAS_CARD_CAN_UPDATE,Y,Y,Y,Y,MAIN(+5); ADDITIONAL(+4); FILTERABLE(+1); PICTURE_COUNT(+5); DESCRIPTION_LENGTH(+20); FIRST_VIDEO_SIZE(+2); FIRST_VIDEO_LENGTH(+2); AVERAGE_VIDEO_SIZE(+2); VIDEO_COUNT(+2)
zm-vt29v8-5292472905,,57,71,HAS_CARD_CAN_UPDATE,Y,Y,Y,Y,ADDITIONAL(+5); FILTERABLE(+1); PICTURE_COUNT(+5); TITLE_LENGTH(+10); FIRST_VIDEO_SIZE(+2); FIRST_VIDEO_LENGTH(+2); AVERAGE_VIDEO_SIZE(+2); VIDEO_COUNT(+2)
2370748556-h4tu,,58,69,HAS_CARD_CAN_UPDATE,Y,Y,Y,Y,MAIN(+3); ADDITIONAL(+5); FILTERABLE(+4); PICTURE_COUNT(+3); FIRST_PICTURE_SIZE(+7); AVERAGE_PICTURE_SIZE(+1); FIRST_VIDEO_SIZE(+2); FIRST_VIDEO_LENGTH(+2); AVERAGE_VIDEO_SIZE(+2); VIDEO_COUNT(+2)
2973971491-NvKS,,58,72,HAS_CARD_CAN_UPDATE,,,,Y,
3194896935-XfMn,,58,45,HAS_CARD_CAN_UPDATE,Y,Y,Y,Y,RECOGNIZED_VENDOR(+2); MAIN(+12); ADDITIONAL(+4); FILTERABLE(+8); PICTURE_COUNT(+5); FIRST_PICTURE_SIZE(+5); TITLE_LENGTH(+10); AVERAGE_PICTURE_SIZE(+1); FIRST_VIDEO_SIZE(+2); FIRST_VIDEO_LENGTH(+2); AVERAGE_VIDEO_SIZE(+2); VIDEO_COUNT(+2)
3307075791-I0oN,,58,68,HAS_CARD_CAN_UPDATE,,,,Y,
jz-260624fwg3-4736594619,,58,78,HAS_CARD_CAN_UPDATE,Y,Y,Y,Y,MAIN(+5); ADDITIONAL(+4); FILTERABLE(+1); PICTURE_COUNT(+4); FIRST_VIDEO_SIZE(+2); FIRST_VIDEO_LENGTH(+2); AVERAGE_VIDEO_SIZE(+2); VIDEO_COUNT(+2)
jz-260706zm80-4004547325,,58,70,HAS_CARD_CAN_UPDATE_ERRORS,Y,Y,Y,Y,MAIN(+1); ADDITIONAL(+3); FILTERABLE(+4); FIRST_PICTURE_SIZE(+4); TITLE_LENGTH(+10); FIRST_VIDEO_SIZE(+2); FIRST_VIDEO_LENGTH(+2); AVERAGE_VIDEO_SIZE(+2); VIDEO_COUNT(+2)
jz-2607113a6c-2700607010,,58,77,HAS_CARD_CAN_UPDATE,Y,Y,Y,Y,MAIN(+6); ADDITIONAL(+4); FIRST_PICTURE_SIZE(+4); AVERAGE_PICTURE_SIZE(+1); FIRST_VIDEO_SIZE(+2); FIRST_VIDEO_LENGTH(+2); AVERAGE_VIDEO_SIZE(+2); VIDEO_COUNT(+2)
jz-260811g43n-838156089,,58,74,HAS_CARD_CAN_UPDATE_ERRORS,,,,Y,
jz-2rqa92-4290495019,,58,75,HAS_CARD_CAN_UPDATE,,,,Y,
jz-wfvstx-3295027030,,58,76,HAS_CARD_CAN_UPDATE,,,,,
jz-wfvstx-4837015784,,58,78,HAS_CARD_CAN_UPDATE,,,,,
jz-wfvstx-4837026658,,58,78,HAS_CARD_CAN_UPDATE,,,,,
jz-wfvstx-5635909849,,58,77,HAS_CARD_CAN_UPDATE,,,,,
LZ-2971108112,,58,64,HAS_CARD_CAN_UPDATE,,Y,Y,Y,MAIN(+7); ADDITIONAL(+5); FILTERABLE(+6); TITLE_LENGTH(+10); FIRST_VIDEO_SIZE(+2); FIRST_VIDEO_LENGTH(+2); AVERAGE_VIDEO_SIZE(+2); VIDEO_COUNT(+2)
LZ-qtsoul-5148771361,,58,67,HAS_CARD_CAN_UPDATE,Y,Y,Y,Y,MAIN(+12); ADDITIONAL(+5); FILTERABLE(+5); PICTURE_COUNT(+3); FIRST_VIDEO_SIZE(+2); FIRST_VIDEO_LENGTH(+2); AVERAGE_VIDEO_SIZE(+2); VIDEO_COUNT(+2)
LZ-qtsoul-5148771361-3,,58,58,HAS_CARD_CAN_UPDATE_PROCESSING,Y,Y,Y,Y,MAIN(+12); ADDITIONAL(+4); FILTERABLE(+5); PICTURE_COUNT(+3); TITLE_LENGTH(+10); FIRST_VIDEO_SIZE(+2); FIRST_VIDEO_LENGTH(+2); AVERAGE_VIDEO_SIZE(+2); VIDEO_COUNT(+2)
ZS--4163377201,,58,79,HAS_CARD_CAN_UPDATE,,Y,Y,Y,ADDITIONAL(+5); FILTERABLE(+8); FIRST_VIDEO_SIZE(+2); FIRST_VIDEO_LENGTH(+2); AVERAGE_VIDEO_SIZE(+2); VIDEO_COUNT(+2)
ZSGM01-2147111775,,58,58,HAS_CARD_CAN_UPDATE_ERRORS,Y,Y,Y,Y,ADDITIONAL(+4); FILTERABLE(+6); PICTURE_COUNT(+4); DESCRIPTION_LENGTH(+20); FIRST_VIDEO_SIZE(+2); FIRST_VIDEO_LENGTH(+2); AVERAGE_VIDEO_SIZE(+2); VIDEO_COUNT(+2)
1904201773-HwFW,,59,66,HAS_CARD_CAN_UPDATE,Y,Y,Y,Y,MAIN(+12); ADDITIONAL(+5); FILTERABLE(+1); PICTURE_COUNT(+5); FIRST_PICTURE_SIZE(+3); FIRST_VIDEO_SIZE(+2); FIRST_VIDEO_LENGTH(+2); AVERAGE_VIDEO_SIZE(+2); VIDEO_COUNT(+2)
3087970070-zpNE,,59,78,HAS_CARD_CAN_UPDATE,Y,Y,Y,Y,ADDITIONAL(+6); FIRST_PICTURE_SIZE(+7); AVERAGE_PICTURE_SIZE(+1); FIRST_VIDEO_SIZE(+2); FIRST_VIDEO_LENGTH(+2); AVERAGE_VIDEO_SIZE(+2); VIDEO_COUNT(+2)
GYS-fq6f2z-3057497584,,59,77,HAS_CARD_CAN_UPDATE,Y,Y,Y,Y,MAIN(+5); ADDITIONAL(+4); FIRST_PICTURE_SIZE(+5); AVERAGE_PICTURE_SIZE(+1); FIRST_VIDEO_SIZE(+2); FIRST_VIDEO_LENGTH(+2); AVERAGE_VIDEO_SIZE(+2); VIDEO_COUNT(+2)
GYS-fq6f2z-3057497893,,59,59,HAS_CARD_CAN_UPDATE_PROCESSING,Y,Y,Y,Y,MAIN(+12); ADDITIONAL(+2); FILTERABLE(+3); FIRST_PICTURE_SIZE(+5); TITLE_LENGTH(+10); AVERAGE_PICTURE_SIZE(+1); FIRST_VIDEO_SIZE(+2); FIRST_VIDEO_LENGTH(+2); AVERAGE_VIDEO_SIZE(+2); VIDEO_COUNT(+2)
jz-260624fwg3-4736604207,,59,79,HAS_CARD_CAN_UPDATE_ERRORS,Y,Y,Y,Y,MAIN(+5); ADDITIONAL(+4); FILTERABLE(+1); PICTURE_COUNT(+3); FIRST_VIDEO_SIZE(+2); FIRST_VIDEO_LENGTH(+2); AVERAGE_VIDEO_SIZE(+2); VIDEO_COUNT(+2)
jz-260624fwg3-4736604207-01,,59,69,HAS_CARD_CAN_UPDATE_ERRORS,Y,Y,Y,Y,MAIN(+5); ADDITIONAL(+4); FILTERABLE(+1); PICTURE_COUNT(+3); TITLE_LENGTH(+10); FIRST_VIDEO_SIZE(+2); FIRST_VIDEO_LENGTH(+2); AVERAGE_VIDEO_SIZE(+2); VIDEO_COUNT(+2)
jz-260624fwg3-4736604207-02,,59,59,HAS_CARD_CAN_UPDATE_PROCESSING,Y,Y,,Y,PICTURE_COUNT(+3); TITLE_LENGTH(+10); DESCRIPTION_LENGTH(+20); FIRST_VIDEO_SIZE(+2); FIRST_VIDEO_LENGTH(+2); AVERAGE_VIDEO_SIZE(+2); VIDEO_COUNT(+2)
jz-260624fwg3-4736604207-03,,59,66,HAS_CARD_CAN_UPDATE_ERRORS,Y,Y,Y,Y,MAIN(+5); ADDITIONAL(+4); FILTERABLE(+4); PICTURE_COUNT(+3); TITLE_LENGTH(+10); FIRST_VIDEO_SIZE(+2); FIRST_VIDEO_LENGTH(+2); AVERAGE_VIDEO_SIZE(+2); VIDEO_COUNT(+2)
jz-260624fwg3-4736604207-04,,59,69,HAS_CARD_CAN_UPDATE_ERRORS,Y,Y,Y,Y,MAIN(+5); ADDITIONAL(+4); FILTERABLE(+1); PICTURE_COUNT(+3); TITLE_LENGTH(+10); FIRST_VIDEO_SIZE(+2); FIRST_VIDEO_LENGTH(+2); AVERAGE_VIDEO_SIZE(+2); VIDEO_COUNT(+2)
jz-260624fwg3-4736604207-06,,59,79,HAS_CARD_CAN_UPDATE_ERRORS,Y,Y,Y,Y,MAIN(+5); ADDITIONAL(+4); FILTERABLE(+1); PICTURE_COUNT(+3); FIRST_VIDEO_SIZE(+2); FIRST_VIDEO_LENGTH(+2); AVERAGE_VIDEO_SIZE(+2); VIDEO_COUNT(+2)
jz-260624fwg3-4736604207-07,,59,59,HAS_CARD_CAN_UPDATE_PROCESSING,Y,Y,,Y,PICTURE_COUNT(+3); TITLE_LENGTH(+10); DESCRIPTION_LENGTH(+20); FIRST_VIDEO_SIZE(+2); FIRST_VIDEO_LENGTH(+2); AVERAGE_VIDEO_SIZE(+2); VIDEO_COUNT(+2)
jz-260624fwg3-4736604207-08,,59,69,HAS_CARD_CAN_UPDATE_ERRORS,Y,Y,Y,Y,MAIN(+5); ADDITIONAL(+4); FILTERABLE(+1); PICTURE_COUNT(+3); TITLE_LENGTH(+10); FIRST_VIDEO_SIZE(+2); FIRST_VIDEO_LENGTH(+2); AVERAGE_VIDEO_SIZE(+2); VIDEO_COUNT(+2)
jz-260624fwg3-4736604207-09,,59,69,HAS_CARD_CAN_UPDATE_ERRORS,Y,Y,Y,Y,MAIN(+5); ADDITIONAL(+4); FILTERABLE(+1); PICTURE_COUNT(+3); TITLE_LENGTH(+10); FIRST_VIDEO_SIZE(+2); FIRST_VIDEO_LENGTH(+2); AVERAGE_VIDEO_SIZE(+2); VIDEO_COUNT(+2)
jz-260624fwg3-4736604207-1,,59,69,HAS_CARD_CAN_UPDATE_ERRORS,Y,Y,Y,Y,MAIN(+5); ADDITIONAL(+4); FILTERABLE(+1); PICTURE_COUNT(+3); TITLE_LENGTH(+10); FIRST_VIDEO_SIZE(+2); FIRST_VIDEO_LENGTH(+2); AVERAGE_VIDEO_SIZE(+2); VIDEO_COUNT(+2)
jz-260624fwg3-4736604207-10,,59,59,HAS_CARD_CAN_UPDATE_PROCESSING,Y,Y,,Y,PICTURE_COUNT(+3); TITLE_LENGTH(+10); DESCRIPTION_LENGTH(+20); FIRST_VIDEO_SIZE(+2); FIRST_VIDEO_LENGTH(+2); AVERAGE_VIDEO_SIZE(+2); VIDEO_COUNT(+2)
jz-260624fwg3-4736604207-11,,59,59,HAS_CARD_CAN_UPDATE_PROCESSING,Y,Y,,Y,PICTURE_COUNT(+3); TITLE_LENGTH(+10); DESCRIPTION_LENGTH(+20); FIRST_VIDEO_SIZE(+2); FIRST_VIDEO_LENGTH(+2); AVERAGE_VIDEO_SIZE(+2); VIDEO_COUNT(+2)
jz-260624fwg3-4736604207-12,,59,79,HAS_CARD_CAN_UPDATE_ERRORS,Y,Y,Y,Y,MAIN(+5); ADDITIONAL(+4); FILTERABLE(+1); PICTURE_COUNT(+3); FIRST_VIDEO_SIZE(+2); FIRST_VIDEO_LENGTH(+2); AVERAGE_VIDEO_SIZE(+2); VIDEO_COUNT(+2)
jz-260624fwg3-4736604207-13,,59,77,HAS_CARD_CAN_UPDATE_ERRORS,Y,Y,Y,Y,MAIN(+5); ADDITIONAL(+4); FILTERABLE(+3); PICTURE_COUNT(+3); FIRST_VIDEO_SIZE(+2); FIRST_VIDEO_LENGTH(+2); AVERAGE_VIDEO_SIZE(+2); VIDEO_COUNT(+2)
jz-260624fwg3-4736604207-15,,59,77,HAS_CARD_CAN_UPDATE_ERRORS,Y,Y,Y,Y,MAIN(+5); ADDITIONAL(+4); FILTERABLE(+3); PICTURE_COUNT(+3); FIRST_VIDEO_SIZE(+2); FIRST_VIDEO_LENGTH(+2); AVERAGE_VIDEO_SIZE(+2); VIDEO_COUNT(+2)
jz-260624fwg3-4736604207-16,,59,66,HAS_CARD_CAN_UPDATE,Y,Y,Y,Y,MAIN(+5); ADDITIONAL(+4); FILTERABLE(+4); PICTURE_COUNT(+3); TITLE_LENGTH(+10); FIRST_VIDEO_SIZE(+2); FIRST_VIDEO_LENGTH(+2); AVERAGE_VIDEO_SIZE(+2); VIDEO_COUNT(+2)
jz-260624fwg3-4736604207-18,,59,69,HAS_CARD_CAN_UPDATE_ERRORS,Y,Y,Y,Y,MAIN(+5); ADDITIONAL(+4); FILTERABLE(+1); PICTURE_COUNT(+3); TITLE_LENGTH(+10); FIRST_VIDEO_SIZE(+2); FIRST_VIDEO_LENGTH(+2); AVERAGE_VIDEO_SIZE(+2); VIDEO_COUNT(+2)
jz-260624fwg3-4736604207-19,,59,59,HAS_CARD_CAN_UPDATE_PROCESSING,Y,Y,,Y,PICTURE_COUNT(+3); TITLE_LENGTH(+10); DESCRIPTION_LENGTH(+20); FIRST_VIDEO_SIZE(+2); FIRST_VIDEO_LENGTH(+2); AVERAGE_VIDEO_SIZE(+2); VIDEO_COUNT(+2)
jz-260624fwg3-4736604207-2,,59,79,HAS_CARD_CAN_UPDATE,Y,Y,Y,Y,MAIN(+5); ADDITIONAL(+4); FILTERABLE(+1); PICTURE_COUNT(+3); FIRST_VIDEO_SIZE(+2); FIRST_VIDEO_LENGTH(+2); AVERAGE_VIDEO_SIZE(+2); VIDEO_COUNT(+2)
jz-260624fwg3-4736604207-20,,59,79,HAS_CARD_CAN_UPDATE_ERRORS,Y,Y,Y,Y,MAIN(+5); ADDITIONAL(+4); FILTERABLE(+1); PICTURE_COUNT(+3); FIRST_VIDEO_SIZE(+2); FIRST_VIDEO_LENGTH(+2); AVERAGE_VIDEO_SIZE(+2); VIDEO_COUNT(+2)
jz-260624fwg3-4736604207-21,,59,69,HAS_CARD_CAN_UPDATE,Y,Y,Y,Y,MAIN(+5); ADDITIONAL(+4); FILTERABLE(+1); PICTURE_COUNT(+3); TITLE_LENGTH(+10); FIRST_VIDEO_SIZE(+2); FIRST_VIDEO_LENGTH(+2); AVERAGE_VIDEO_SIZE(+2); VIDEO_COUNT(+2)
jz-260624fwg3-4736604207-22,,59,59,HAS_CARD_CAN_UPDATE_PROCESSING,Y,Y,,Y,PICTURE_COUNT(+3); TITLE_LENGTH(+10); DESCRIPTION_LENGTH(+20); FIRST_VIDEO_SIZE(+2); FIRST_VIDEO_LENGTH(+2); AVERAGE_VIDEO_SIZE(+2); VIDEO_COUNT(+2)
jz-260624fwg3-4736604207-23,,59,67,HAS_CARD_CAN_UPDATE_ERRORS,Y,Y,Y,Y,MAIN(+5); ADDITIONAL(+4); FILTERABLE(+3); PICTURE_COUNT(+3); TITLE_LENGTH(+10); FIRST_VIDEO_SIZE(+2); FIRST_VIDEO_LENGTH(+2); AVERAGE_VIDEO_SIZE(+2); VIDEO_COUNT(+2)
jz-260624fwg3-4736604207-24,,59,69,HAS_CARD_CAN_UPDATE_ERRORS,Y,Y,Y,Y,MAIN(+5); ADDITIONAL(+4); FILTERABLE(+1); PICTURE_COUNT(+3); TITLE_LENGTH(+10); FIRST_VIDEO_SIZE(+2); FIRST_VIDEO_LENGTH(+2); AVERAGE_VIDEO_SIZE(+2); VIDEO_COUNT(+2)
jz-260624fwg3-4736604207-25,,59,59,HAS_CARD_CAN_UPDATE_PROCESSING,Y,Y,,Y,PICTURE_COUNT(+3); TITLE_LENGTH(+10); DESCRIPTION_LENGTH(+20); FIRST_VIDEO_SIZE(+2); FIRST_VIDEO_LENGTH(+2); AVERAGE_VIDEO_SIZE(+2); VIDEO_COUNT(+2)
jz-260624fwg3-4736604207-26,,59,59,HAS_CARD_CAN_UPDATE_PROCESSING,Y,Y,,Y,PICTURE_COUNT(+3); TITLE_LENGTH(+10); DESCRIPTION_LENGTH(+20); FIRST_VIDEO_SIZE(+2); FIRST_VIDEO_LENGTH(+2); AVERAGE_VIDEO_SIZE(+2); VIDEO_COUNT(+2)
jz-260624fwg3-4736604207-27,,59,77,HAS_CARD_CAN_UPDATE,Y,Y,Y,Y,MAIN(+5); ADDITIONAL(+4); FILTERABLE(+3); PICTURE_COUNT(+3); FIRST_VIDEO_SIZE(+2); FIRST_VIDEO_LENGTH(+2); AVERAGE_VIDEO_SIZE(+2); VIDEO_COUNT(+2)
jz-260624fwg3-4736604207-28,,59,59,HAS_CARD_CAN_UPDATE_PROCESSING,Y,Y,,Y,PICTURE_COUNT(+3); TITLE_LENGTH(+10); DESCRIPTION_LENGTH(+20); FIRST_VIDEO_SIZE(+2); FIRST_VIDEO_LENGTH(+2); AVERAGE_VIDEO_SIZE(+2); VIDEO_COUNT(+2)
jz-260624fwg3-4736604207-29,,59,59,HAS_CARD_CAN_UPDATE_PROCESSING,Y,Y,,Y,PICTURE_COUNT(+3); TITLE_LENGTH(+10); DESCRIPTION_LENGTH(+20); FIRST_VIDEO_SIZE(+2); FIRST_VIDEO_LENGTH(+2); AVERAGE_VIDEO_SIZE(+2); VIDEO_COUNT(+2)
jz-260624fwg3-4736604207-30,,59,59,HAS_CARD_CAN_UPDATE_PROCESSING,Y,Y,,Y,PICTURE_COUNT(+3); TITLE_LENGTH(+10); DESCRIPTION_LENGTH(+20); FIRST_VIDEO_SIZE(+2); FIRST_VIDEO_LENGTH(+2); AVERAGE_VIDEO_SIZE(+2); VIDEO_COUNT(+2)
jz-260624fwg3-4736604207-4,,59,79,HAS_CARD_CAN_UPDATE_ERRORS,Y,Y,Y,Y,MAIN(+5); ADDITIONAL(+4); FILTERABLE(+1); PICTURE_COUNT(+3); FIRST_VIDEO_SIZE(+2); FIRST_VIDEO_LENGTH(+2); AVERAGE_VIDEO_SIZE(+2); VIDEO_COUNT(+2)
jz-260706zm80-3821232167,,59,71,HAS_CARD_CAN_UPDATE,Y,Y,Y,Y,MAIN(+1); ADDITIONAL(+3); FILTERABLE(+4); FIRST_PICTURE_SIZE(+3); TITLE_LENGTH(+10); FIRST_VIDEO_SIZE(+2); FIRST_VIDEO_LENGTH(+2); AVERAGE_VIDEO_SIZE(+2); VIDEO_COUNT(+2)
jz-ydp9z9-3746808297,,59,60,HAS_CARD_CAN_UPDATE,Y,Y,Y,Y,ADDITIONAL(+5); FILTERABLE(+3); PICTURE_COUNT(+5); FIRST_PICTURE_SIZE(+8); TITLE_LENGTH(+10); AVERAGE_PICTURE_SIZE(+1); FIRST_VIDEO_SIZE(+2); FIRST_VIDEO_LENGTH(+2); AVERAGE_VIDEO_SIZE(+2); VIDEO_COUNT(+2)
LZ-5wxmmp-4103324770,,59,75,HAS_CARD_CAN_UPDATE,,Y,Y,Y,ADDITIONAL(+3); FILTERABLE(+4); TITLE_LENGTH(+10); FIRST_VIDEO_SIZE(+2); FIRST_VIDEO_LENGTH(+2); AVERAGE_VIDEO_SIZE(+2); VIDEO_COUNT(+2)
1753226675-rfgt,,60,61,HAS_CARD_CAN_UPDATE_ERRORS,,Y,Y,Y,MAIN(+12); ADDITIONAL(+5); FILTERABLE(+4); TITLE_LENGTH(+10); FIRST_VIDEO_SIZE(+2); FIRST_VIDEO_LENGTH(+2); AVERAGE_VIDEO_SIZE(+2); VIDEO_COUNT(+2)
3230402678-vvcz,,60,79,HAS_CARD_CAN_UPDATE,,Y,Y,Y,MAIN(+5); ADDITIONAL(+4); FILTERABLE(+4); FIRST_VIDEO_SIZE(+2); FIRST_VIDEO_LENGTH(+2); AVERAGE_VIDEO_SIZE(+2); VIDEO_COUNT(+2)
jz-2607113a6c-1948964177,,60,73,HAS_CARD_CAN_UPDATE,Y,Y,Y,Y,MAIN(+8); ADDITIONAL(+4); FILTERABLE(+2); FIRST_PICTURE_SIZE(+4); AVERAGE_PICTURE_SIZE(+1); FIRST_VIDEO_SIZE(+2); FIRST_VIDEO_LENGTH(+2); AVERAGE_VIDEO_SIZE(+2); VIDEO_COUNT(+2)
jz-2nf96y-3879939109,,60,76,HAS_CARD_CAN_UPDATE,,Y,Y,Y,MAIN(+12); ADDITIONAL(+4); FIRST_VIDEO_SIZE(+2); FIRST_VIDEO_LENGTH(+2); AVERAGE_VIDEO_SIZE(+2); VIDEO_COUNT(+2)
jz-wfvstx-5705781356,,60,60,HAS_CARD_CAN_UPDATE,,,,,
1886643347-jY5X,,61,71,HAS_CARD_CAN_UPDATE,,,,Y,
2304056718-CtIW,,61,74,HAS_CARD_CAN_UPDATE_ERRORS,,,,Y,
2438294197-rZKq,,61,75,HAS_CARD_CAN_UPDATE,,,,Y,
2590116557-hDzH,,61,75,HAS_CARD_CAN_UPDATE,,,,Y,
GYS-nznb1s-2034577349,,61,75,HAS_CARD_CAN_UPDATE,,,,Y,
jz-260711kg7h-3443560237,,61,78,HAS_CARD_CAN_UPDATE,,,,Y,
jz-260803cn42-5219378791,,61,76,HAS_CARD_CAN_UPDATE_ERRORS,,,,Y,
jz-260803cn42-5219379098,,61,76,HAS_CARD_CAN_UPDATE,,,,Y,
jz-2rqa92-4142414919,,61,75,HAS_CARD_CAN_UPDATE,,,,Y,
jz-87g4td-842456998,,61,74,HAS_CARD_CAN_UPDATE,,,,Y,
jz-93mo1m-4990554352,,61,78,HAS_CARD_CAN_UPDATE,,,,Y,
jz-bl4yse-4438643740,,61,78,HAS_CARD_CAN_UPDATE,,,,Y,
jz-wfvstx-3742763055,,61,77,HAS_CARD_CAN_UPDATE,,,,,
LZ-00mkoz-4798335513,,61,61,HAS_CARD_CAN_UPDATE_PROCESSING,,,,Y,
LZ01-3553028191,,61,70,HAS_CARD_CAN_UPDATE,,,,Y,
LZ01-3864266225,,61,72,HAS_CARD_CAN_UPDATE,,,,Y,
ZS260824eyf4-4585635569,,61,61,HAS_CARD_CAN_UPDATE_ERRORS,,,,Y,
3001723503-99QG,,62,78,HAS_CARD_CAN_UPDATE,,,,Y,
Crecvk3TADlszIb,,62,69,HAS_CARD_CAN_UPDATE,,,,Y,
Crecvk91HfYbIUG,,62,74,HAS_CARD_CAN_UPDATE,,,,Y,
GYS-8jlgyl-3962958799,,62,72,HAS_CARD_CAN_UPDATE,,,,Y,
jz-260706zm80-4247366698,,62,74,HAS_CARD_CAN_UPDATE_ERRORS,,,,Y,
jz-74no4j-2316573726,,62,78,HAS_CARD_CAN_UPDATE,,,,Y,
jz-a5ffl0-4798321259,,62,72,HAS_CARD_CAN_UPDATE,,,,Y,
jz-dh3dbz-4299241452,,62,74,HAS_CARD_CAN_UPDATE,,,,Y,
LZ-3507467610,,62,73,HAS_CARD_CAN_UPDATE,,,,Y,
manl71a0vwi0g5ftwyx6,,62,66,HAS_CARD_CAN_UPDATE,,,,Y,
GYS-pun1uz-4716509932,,63,63,HAS_CARD_CAN_UPDATE_ERRORS,,,,Y,
jz-260811r2tt-2920980324,,63,78,HAS_CARD_CAN_UPDATE_ERRORS,,,,Y,
jz-2608158hj3-1662206339,,63,68,HAS_CARD_CAN_UPDATE,,,,Y,
jz-njhkb2-5114257976,,63,73,HAS_CARD_CAN_UPDATE,,,,Y,
jz-ohz2j9-4290316851,,63,61,HAS_CARD_CAN_UPDATE,,,,Y,
NSDJB-BAI,,63,78,HAS_CARD_CAN_UPDATE,,,,Y,
NSDJB-HONG,,63,78,HAS_CARD_CAN_UPDATE,,,,Y,
NSDJB-HUI,,63,78,HAS_CARD_CAN_UPDATE,,,,Y,
NSDJB-QIANLAN,,63,78,HAS_CARD_CAN_UPDATE,,,,Y,
NSDJB-SHENLAN,,63,78,HAS_CARD_CAN_UPDATE,,,,Y,
NSDJB-ZI,,63,78,HAS_CARD_CAN_UPDATE,,,,Y,
ZS260824eyf4-4585634071,,63,63,HAS_CARD_CAN_UPDATE_ERRORS,,,,Y,
ZS260824eyf4-4585634839,,63,63,HAS_CARD_CAN_UPDATE_ERRORS,,,,Y,
ZS260824eyf4-4585635129,,63,63,HAS_CARD_CAN_UPDATE_ERRORS,,,,Y,
ZS260824eyf4-4585635231,,63,63,HAS_CARD_CAN_UPDATE_ERRORS,,,,Y,
ZSGM01-3699719670,,63,78,HAS_CARD_CAN_UPDATE_ERRORS,,,,Y,
3047144527-x0lH,,64,64,HAS_CARD_CAN_UPDATE,,,,Y,
GYS-nznb1s-3126524373,,64,76,HAS_CARD_CAN_UPDATE,,,,Y,
jz-260815h26t-2602076849,,64,79,HAS_CARD_CAN_UPDATE,,,,Y,
jz-260815h26t-2602102123,,64,79,HAS_CARD_CAN_UPDATE_ERRORS,,,,Y,
jz-260816r5ld-2597174480,,64,79,HAS_CARD_CAN_UPDATE,,,,Y,
jz-gxi10h-1702201190-yin,,64,77,HAS_CARD_CAN_UPDATE,,,,Y,
LZ-3153037662,,64,67,HAS_CARD_CAN_UPDATE,,,,Y,
LZ-3333840615,,64,79,HAS_CARD_CAN_UPDATE,,,,Y,
ZS260824eyf4-3298531580,,64,64,HAS_CARD_CAN_UPDATE_ERRORS,,,,Y,
ZS260824eyf4-4585633286,,64,64,HAS_CARD_CAN_UPDATE_ERRORS,,,,Y,
ZS260824eyf4-4585633327,,64,64,HAS_CARD_CAN_UPDATE_ERRORS,,,,Y,
2640119112-FfXf,,65,73,HAS_CARD_CAN_UPDATE,,,,Y,
3196674550-eG2t,,65,71,HAS_CARD_CAN_UPDATE,,,,Y,
LZ01-3842879737,,65,65,HAS_CARD_CAN_UPDATE_ERRORS,,,,Y,
SDJQRPJ_MEDIA13_1,,65,79,HAS_CARD_CAN_UPDATE_ERRORS,,,,Y,
SDJQRPJ_MEDIA13_2,,65,79,HAS_CARD_CAN_UPDATE,,,,Y,
SDJQRPJ_MEDIA13_3,,65,79,HAS_CARD_CAN_UPDATE_ERRORS,,,,Y,
SLGDJC,,65,65,HAS_CARD_CAN_UPDATE_ERRORS,,,,Y,
SLGDJJ,,65,62,HAS_CARD_CAN_UPDATE_ERRORS,,,,Y,
SLGDJJSU10JIN10,,65,75,HAS_CARD_CAN_UPDATE_ERRORS,,,,Y,
ZS260824eyf4-3298531483,,65,65,HAS_CARD_CAN_UPDATE_ERRORS,,,,Y,
ZS260824eyf4-3298531604,,65,65,HAS_CARD_CAN_UPDATE_ERRORS,,,,Y,
ZS260824eyf4-3298531634,,65,65,HAS_CARD_CAN_UPDATE_ERRORS,,,,Y,
ZS260824eyf4-3298531686,,65,65,HAS_CARD_CAN_UPDATE_ERRORS,,,,Y,
ZSGM01-3868529716,,65,78,HAS_CARD_CAN_UPDATE_ERRORS,,,,Y,
2134037126-UGo0,,66,70,HAS_CARD_CAN_UPDATE,,,,Y,
2960449980-HlGN,,66,78,HAS_CARD_CAN_UPDATE,,,,Y,
Crecvk3FPvrOMyO,,66,77,HAS_CARD_CAN_UPDATE,,,,Y,
jz-2608150cw2-5458803388,,66,66,HAS_CARD_CAN_UPDATE_ERRORS,,,,Y,
jz-2rqa92-2995799975,,66,78,HAS_CARD_CAN_UPDATE,,,,Y,
jz-63ha0a-4583466896,,66,66,HAS_CARD_CAN_UPDATE_PROCESSING,,,,Y,
jz-63ha0a-4753746131,,66,66,HAS_CARD_CAN_UPDATE_PROCESSING,,,,Y,
jz-a5ffl0-4798549535,,66,63,HAS_CARD_CAN_UPDATE,,,,Y,
jz-dyo0tp-3198682854,,66,77,HAS_CARD_CAN_UPDATE,,,,Y,
jz-gxi10h-4363777974,,66,68,HAS_CARD_CAN_UPDATE,,,,Y,
LZ01-2751667945,,66,67,HAS_CARD_CAN_UPDATE,,,,Y,
LZ01-3637613973,,66,66,HAS_CARD_CAN_UPDATE,,,,Y,
SLGDJCSU10JIN10,,66,73,HAS_CARD_CAN_UPDATE_ERRORS,,,,Y,
ZS260828lmzn-5630549913,,66,66,HAS_CARD_CAN_UPDATE_PROCESSING,,,,Y,
ZS260828lmzn-5630573854,,66,66,HAS_CARD_CAN_UPDATE_PROCESSING,,,,Y,
2728455332-ESa0,,67,66,HAS_CARD_CAN_UPDATE,,,,Y,
3210925428-ZKWa,,67,65,HAS_CARD_CAN_UPDATE,,,,Y,
Crecvk7vAFYuxlx,,67,79,HAS_CARD_CAN_UPDATE,,,,Y,
Crecvk9DTGCoLK0,,67,74,HAS_CARD_CAN_UPDATE,,,,Y,
GYS-fq6f2z-3199964203,,67,67,HAS_CARD_CAN_UPDATE_PROCESSING,,,,Y,
GYS-fq6f2z-3199994933,,67,67,HAS_CARD_CAN_UPDATE_PROCESSING,,,,Y,
GYS-fq6f2z-3199997255,,67,67,HAS_CARD_CAN_UPDATE_PROCESSING,,,,Y,
GYS-fq6f2z-4744584961,,67,67,HAS_CARD_CAN_UPDATE_PROCESSING,,,,Y,
GYS-pun1uz-3454554052,,67,75,HAS_CARD_CAN_UPDATE,,,,Y,
jz-2608150cw2-5458646043,,67,67,HAS_CARD_CAN_UPDATE_ERRORS,,,,Y,
jz-2608150cw2-5458646142,,67,67,HAS_CARD_CAN_UPDATE_ERRORS,,,,Y,
jz-2608150cw2-5458749644,,67,67,HAS_CARD_CAN_UPDATE_ERRORS,,,,Y,
jz-2608150cw2-5458750138,,67,67,HAS_CARD_CAN_UPDATE_ERRORS,,,,Y,
jz-2608150cw2-5458750222,,67,67,HAS_CARD_CAN_UPDATE_ERRORS,,,,Y,
jz-2608150cw2-5458750412,,67,67,HAS_CARD_CAN_UPDATE_ERRORS,,,,Y,
jz-2608150cw2-5458750607,,67,67,HAS_CARD_CAN_UPDATE_ERRORS,,,,Y,
jz-2608150cw2-5458751211,,67,67,HAS_CARD_CAN_UPDATE_ERRORS,,,,Y,
jz-2608150cw2-5458751304,,67,67,HAS_CARD_CAN_UPDATE_ERRORS,,,,Y,
jz-2608150cw2-5458751444,,67,67,HAS_CARD_CAN_UPDATE_ERRORS,,,,Y,
jz-2608150cw2-5458751825,,67,67,HAS_CARD_CAN_UPDATE_ERRORS,,,,Y,
jz-260815eqiz-376827395,,67,79,HAS_CARD_CAN_UPDATE,,,,Y,
jz-mn9jc2-1671176882,,67,67,HAS_CARD_CAN_UPDATE_ERRORS,,Y,Y,Y,MAIN(+1); FILTERABLE(+4); DESCRIPTION_LENGTH(+20); FIRST_VIDEO_SIZE(+2); FIRST_VIDEO_LENGTH(+2); AVERAGE_VIDEO_SIZE(+2); VIDEO_COUNT(+2)
jz-uly3uk-2075640112,,67,70,HAS_CARD_CAN_UPDATE,Y,Y,Y,Y,ADDITIONAL(+5); FILTERABLE(+3); FIRST_PICTURE_SIZE(+4); TITLE_LENGTH(+10); FIRST_VIDEO_SIZE(+2); FIRST_VIDEO_LENGTH(+2); AVERAGE_VIDEO_SIZE(+2); VIDEO_COUNT(+2)
LZ-3316195413,,67,76,HAS_CARD_CAN_UPDATE,Y,Y,Y,Y,MAIN(+3); ADDITIONAL(+4); FILTERABLE(+2); PICTURE_COUNT(+4); FIRST_PICTURE_SIZE(+3); FIRST_VIDEO_SIZE(+2); FIRST_VIDEO_LENGTH(+2); AVERAGE_VIDEO_SIZE(+2); VIDEO_COUNT(+2)
LZ-3333147241,,67,75,HAS_CARD_CAN_UPDATE,Y,Y,Y,Y,ADDITIONAL(+6); FILTERABLE(+4); FIRST_PICTURE_SIZE(+6); AVERAGE_PICTURE_SIZE(+1); FIRST_VIDEO_SIZE(+2); FIRST_VIDEO_LENGTH(+2); AVERAGE_VIDEO_SIZE(+2); VIDEO_COUNT(+2)
LZ-5wxmmp-4267235912,,67,69,HAS_CARD_CAN_UPDATE,Y,Y,Y,Y,MAIN(+6); ADDITIONAL(+4); FILTERABLE(+2); PICTURE_COUNT(+1); TITLE_LENGTH(+10); FIRST_VIDEO_SIZE(+2); FIRST_VIDEO_LENGTH(+2); AVERAGE_VIDEO_SIZE(+2); VIDEO_COUNT(+2)
LZ01-1782439639,,67,68,HAS_CARD_CAN_UPDATE_ERRORS,Y,Y,Y,Y,MAIN(+3); ADDITIONAL(+1); FILTERABLE(+3); PICTURE_COUNT(+1); FIRST_PICTURE_SIZE(+5); TITLE_LENGTH(+10); AVERAGE_PICTURE_SIZE(+1); FIRST_VIDEO_SIZE(+2); FIRST_VIDEO_LENGTH(+2); AVERAGE_VIDEO_SIZE(+2); VIDEO_COUNT(+2)
SLGDJCSU10,,67,67,HAS_CARD_CAN_UPDATE,Y,,Y,Y,MAIN(+12); FILTERABLE(+4); FIRST_PICTURE_SIZE(+7); TITLE_LENGTH(+10)
SLGDJCSU5JIN5,,67,75,HAS_CARD_CAN_UPDATE_ERRORS,Y,,Y,Y,MAIN(+12); ADDITIONAL(+5); FILTERABLE(+1); FIRST_PICTURE_SIZE(+7)
SLGDJJJIN10,,67,75,HAS_CARD_CAN_UPDATE_ERRORS,Y,,Y,Y,MAIN(+12); ADDITIONAL(+5); FILTERABLE(+1); FIRST_PICTURE_SIZE(+7)
YCXP-l342yy-4798335513,,67,67,HAS_CARD_CAN_UPDATE_PROCESSING,,Y,Y,Y,ADDITIONAL(+2); DESCRIPTION_LENGTH(+23); FIRST_VIDEO_SIZE(+2); FIRST_VIDEO_LENGTH(+2); AVERAGE_VIDEO_SIZE(+2); VIDEO_COUNT(+2)
3010231266-OUQR,,68,75,HAS_CARD_CAN_UPDATE,Y,Y,Y,Y,ADDITIONAL(+5); FILTERABLE(+8); FIRST_PICTURE_SIZE(+2); AVERAGE_PICTURE_SIZE(+2); FIRST_VIDEO_SIZE(+2); FIRST_VIDEO_LENGTH(+2); AVERAGE_VIDEO_SIZE(+2); VIDEO_COUNT(+2)
ADBHEI0,,68,62,HAS_CARD_CAN_UPDATE_ERRORS,Y,,Y,Y,MAIN(+9); ADDITIONAL(+5); FILTERABLE(+8); PICTURE_COUNT(+7); FIRST_PICTURE_SIZE(+8); AVERAGE_PICTURE_SIZE(+1)
jz-mn9jc2-1706276890,,68,68,HAS_CARD_CAN_UPDATE_ERRORS,,Y,Y,Y,FILTERABLE(+4); DESCRIPTION_LENGTH(+20); FIRST_VIDEO_SIZE(+2); FIRST_VIDEO_LENGTH(+2); AVERAGE_VIDEO_SIZE(+2); VIDEO_COUNT(+2)
jz-mn9jc2-3289650616,,68,68,HAS_CARD_CAN_UPDATE_ERRORS,,Y,Y,Y,MAIN(+1); ADDITIONAL(+1); FILTERABLE(+2); DESCRIPTION_LENGTH(+20); FIRST_VIDEO_SIZE(+2); FIRST_VIDEO_LENGTH(+2); AVERAGE_VIDEO_SIZE(+2); VIDEO_COUNT(+2)
jz-tar3ab-3707006237,,68,73,HAS_CARD_CAN_UPDATE,,Y,Y,Y,MAIN(+12); ADDITIONAL(+3); FILTERABLE(+4); FIRST_VIDEO_SIZE(+2); FIRST_VIDEO_LENGTH(+2); AVERAGE_VIDEO_SIZE(+2); VIDEO_COUNT(+2)
LZ-3389888684,,68,66,HAS_CARD_CAN_UPDATE,Y,Y,Y,Y,ADDITIONAL(+5); FILTERABLE(+8); FIRST_PICTURE_SIZE(+3); TITLE_LENGTH(+10); FIRST_VIDEO_SIZE(+2); FIRST_VIDEO_LENGTH(+2); AVERAGE_VIDEO_SIZE(+2); VIDEO_COUNT(+2)
QZBHEI,,68,66,HAS_CARD_CAN_UPDATE,Y,,Y,Y,MAIN(+5); ADDITIONAL(+5); FILTERABLE(+8); PICTURE_COUNT(+7); FIRST_PICTURE_SIZE(+8); AVERAGE_PICTURE_SIZE(+1)
SLGDJCJIN10,,68,76,HAS_CARD_CAN_UPDATE_ERRORS,Y,,Y,Y,MAIN(+12); ADDITIONAL(+5); FILTERABLE(+1); FIRST_PICTURE_SIZE(+6)
SLGDJJSU10,,68,76,HAS_CARD_CAN_UPDATE,Y,,Y,Y,MAIN(+12); ADDITIONAL(+5); FILTERABLE(+1); FIRST_PICTURE_SIZE(+6)
ZS260824eyf4-3298531410,,68,68,HAS_CARD_CAN_UPDATE_PROCESSING,Y,Y,Y,Y,FILTERABLE(+3); PICTURE_COUNT(+1); FIRST_PICTURE_SIZE(+5); DESCRIPTION_LENGTH(+20); AVERAGE_PICTURE_SIZE(+1); FIRST_VIDEO_SIZE(+1); AVERAGE_VIDEO_SIZE(+1)
ZS260824eyf4-4759970385,,68,68,HAS_CARD_CAN_UPDATE_PROCESSING,Y,Y,Y,Y,ADDITIONAL(+1); FILTERABLE(+1); FIRST_PICTURE_SIZE(+8); DESCRIPTION_LENGTH(+20); FIRST_VIDEO_SIZE(+1); AVERAGE_VIDEO_SIZE(+1)
ZS260824eyf4-4760005065,,68,68,HAS_CARD_CAN_UPDATE_PROCESSING,Y,Y,Y,Y,ADDITIONAL(+1); FILTERABLE(+1); FIRST_PICTURE_SIZE(+8); DESCRIPTION_LENGTH(+20); FIRST_VIDEO_SIZE(+1); AVERAGE_VIDEO_SIZE(+1)
ZS260824eyf4-4760023972,,68,68,HAS_CARD_CAN_UPDATE_PROCESSING,Y,Y,Y,Y,ADDITIONAL(+1); FILTERABLE(+1); FIRST_PICTURE_SIZE(+8); DESCRIPTION_LENGTH(+20); FIRST_VIDEO_SIZE(+1); AVERAGE_VIDEO_SIZE(+1)
1606492393-H3Fo,,69,69,HAS_CARD_CAN_UPDATE,Y,Y,Y,Y,MAIN(+5); PICTURE_COUNT(+3); FIRST_PICTURE_SIZE(+13); AVERAGE_PICTURE_SIZE(+2); FIRST_VIDEO_SIZE(+2); FIRST_VIDEO_LENGTH(+2); AVERAGE_VIDEO_SIZE(+2); VIDEO_COUNT(+2)
2396631427-kuYi,,69,68,HAS_CARD_CAN_UPDATE,Y,,Y,Y,MAIN(+7); ADDITIONAL(+5); FILTERABLE(+6); FIRST_PICTURE_SIZE(+4); TITLE_LENGTH(+10)
3156131182-YEGy,,69,72,HAS_CARD_CAN_UPDATE_ERRORS,Y,Y,Y,Y,MAIN(+3); ADDITIONAL(+5); FILTERABLE(+4); PICTURE_COUNT(+3); FIRST_PICTURE_SIZE(+4); AVERAGE_PICTURE_SIZE(+1); FIRST_VIDEO_SIZE(+2); FIRST_VIDEO_LENGTH(+2); AVERAGE_VIDEO_SIZE(+2); VIDEO_COUNT(+2)
ADBBAI,,69,69,HAS_CARD_CAN_UPDATE_ERRORS,Y,,Y,Y,MAIN(+5); ADDITIONAL(+5); FILTERABLE(+8); PICTURE_COUNT(+7); FIRST_PICTURE_SIZE(+5); AVERAGE_PICTURE_SIZE(+1)
ADBHONG,,69,67,HAS_CARD_CAN_UPDATE_ERRORS,Y,,Y,Y,MAIN(+5); ADDITIONAL(+5); FILTERABLE(+8); PICTURE_COUNT(+7); FIRST_PICTURE_SIZE(+7); AVERAGE_PICTURE_SIZE(+1)
jz-gjoym9-1595789062,,69,69,HAS_CARD_CAN_UPDATE,Y,Y,Y,Y,MAIN(+12); ADDITIONAL(+3); FILTERABLE(+7); PICTURE_COUNT(+1); FIRST_VIDEO_SIZE(+2); FIRST_VIDEO_LENGTH(+2); AVERAGE_VIDEO_SIZE(+2); VIDEO_COUNT(+2)
jz-ohz2j9-3926158332,,69,79,HAS_CARD_CAN_UPDATE,,Y,Y,Y,ADDITIONAL(+5); FILTERABLE(+8); FIRST_VIDEO_SIZE(+2); FIRST_VIDEO_LENGTH(+2); AVERAGE_VIDEO_SIZE(+2); VIDEO_COUNT(+2)
LZ01-2879145528,,69,73,HAS_CARD_CAN_UPDATE,Y,Y,Y,Y,ADDITIONAL(+4); FIRST_PICTURE_SIZE(+4); TITLE_LENGTH(+11); FIRST_VIDEO_SIZE(+2); FIRST_VIDEO_LENGTH(+2); AVERAGE_VIDEO_SIZE(+2); VIDEO_COUNT(+2)
LZ01-3462957862,,69,78,HAS_CARD_CAN_UPDATE,Y,Y,Y,Y,ADDITIONAL(+6); PICTURE_COUNT(+3); FIRST_PICTURE_SIZE(+4); AVERAGE_PICTURE_SIZE(+1); FIRST_VIDEO_SIZE(+2); FIRST_VIDEO_LENGTH(+2); AVERAGE_VIDEO_SIZE(+2); VIDEO_COUNT(+2)
2254781123-vK77,,70,70,HAS_CARD_CAN_UPDATE_ERRORS,,Y,Y,Y,MAIN(+9); ADDITIONAL(+5); FILTERABLE(+8); FIRST_VIDEO_SIZE(+2); FIRST_VIDEO_LENGTH(+2); AVERAGE_VIDEO_SIZE(+2); VIDEO_COUNT(+2)
2621600147-W63x,,70,74,HAS_CARD_CAN_UPDATE,Y,Y,Y,Y,MAIN(+3); ADDITIONAL(+5); FILTERABLE(+8); FIRST_PICTURE_SIZE(+1); AVERAGE_PICTURE_SIZE(+1); FIRST_VIDEO_SIZE(+2); FIRST_VIDEO_LENGTH(+2); AVERAGE_VIDEO_SIZE(+2); VIDEO_COUNT(+2)
3019018255-b2dx,,70,70,HAS_CARD_CAN_UPDATE,Y,Y,Y,Y,MAIN(+12); ADDITIONAL(+4); FILTERABLE(+3); FIRST_PICTURE_SIZE(+3); FIRST_VIDEO_SIZE(+2); FIRST_VIDEO_LENGTH(+2); AVERAGE_VIDEO_SIZE(+2); VIDEO_COUNT(+2)
3056565289-X2S7,,70,75,HAS_CARD_CAN_UPDATE,Y,,Y,Y,MAIN(+5); ADDITIONAL(+5); FIRST_PICTURE_SIZE(+5); TITLE_LENGTH(+10)
3098319794-JjkG,,70,75,HAS_CARD_CAN_UPDATE,,Y,Y,Y,ADDITIONAL(+6); TITLE_LENGTH(+11); FIRST_VIDEO_SIZE(+2); FIRST_VIDEO_LENGTH(+2); AVERAGE_VIDEO_SIZE(+2); VIDEO_COUNT(+2)
Eufy C28-15w,,70,78,HAS_CARD_CAN_UPDATE,,Y,Y,Y,MAIN(+1); ADDITIONAL(+5); FILTERABLE(+8); FIRST_VIDEO_SIZE(+2); FIRST_VIDEO_LENGTH(+2); AVERAGE_VIDEO_SIZE(+2); VIDEO_COUNT(+2)
DEKVHIZFXDVRLO,,70,73,HAS_CARD_CAN_UPDATE,,,Y,Y,MAIN(+12); ADDITIONAL(+5); TITLE_LENGTH(+10)
LZ-f2484t-5170768053,,70,70,HAS_CARD_CAN_UPDATE_PROCESSING,,Y,Y,Y,MAIN(+4); ADDITIONAL(+1); FILTERABLE(+7); TITLE_LENGTH(+10); FIRST_VIDEO_SIZE(+2); FIRST_VIDEO_LENGTH(+2); AVERAGE_VIDEO_SIZE(+2); VIDEO_COUNT(+2)
LZ01-3395501590,,70,69,HAS_CARD_CAN_UPDATE,,Y,Y,Y,ADDITIONAL(+5); FILTERABLE(+8); TITLE_LENGTH(+10); FIRST_VIDEO_SIZE(+2); FIRST_VIDEO_LENGTH(+2); AVERAGE_VIDEO_SIZE(+2); VIDEO_COUNT(+2)
QZBLAN,,70,57,HAS_CARD_CAN_UPDATE_ERRORS,Y,,Y,Y,MAIN(+6); ADDITIONAL(+5); FILTERABLE(+6); PICTURE_COUNT(+7); FIRST_PICTURE_SIZE(+8); TITLE_LENGTH(+10); AVERAGE_PICTURE_SIZE(+1)
GYS-fq6f2z-3057497088,,71,71,HAS_CARD_CAN_UPDATE_PROCESSING,Y,Y,Y,Y,MAIN(+7); ADDITIONAL(+2); FILTERABLE(+6); FIRST_PICTURE_SIZE(+5); AVERAGE_PICTURE_SIZE(+1); FIRST_VIDEO_SIZE(+2); FIRST_VIDEO_LENGTH(+2); AVERAGE_VIDEO_SIZE(+2); VIDEO_COUNT(+2)
GYS-fq6f2z-4615922470,,71,71,HAS_CARD_CAN_UPDATE_PROCESSING,Y,Y,Y,Y,MAIN(+3); ADDITIONAL(+3); FILTERABLE(+1); PICTURE_COUNT(+1); FIRST_PICTURE_SIZE(+3); TITLE_LENGTH(+10); FIRST_VIDEO_SIZE(+2); FIRST_VIDEO_LENGTH(+2); AVERAGE_VIDEO_SIZE(+2); VIDEO_COUNT(+2)
jz-260622urze-4717233398,,71,71,HAS_CARD_CAN_UPDATE_ERRORS,Y,Y,Y,Y,MAIN(+11); ADDITIONAL(+4); FILTERABLE(+8); PICTURE_COUNT(+4); FIRST_VIDEO_SIZE(+1); AVERAGE_VIDEO_SIZE(+1)
jz-fq6fzb-3724736665,,71,74,HAS_CARD_CAN_UPDATE,Y,Y,Y,Y,ADDITIONAL(+5); FILTERABLE(+8); FIRST_PICTURE_SIZE(+5); FIRST_VIDEO_SIZE(+2); FIRST_VIDEO_LENGTH(+2); AVERAGE_VIDEO_SIZE(+2); VIDEO_COUNT(+2)
jz-uezs1s-4962631829,,71,75,HAS_CARD_CAN_UPDATE,,Y,Y,Y,MAIN(+12); ADDITIONAL(+3); FILTERABLE(+2); FIRST_VIDEO_SIZE(+2); FIRST_VIDEO_LENGTH(+2); AVERAGE_VIDEO_SIZE(+2); VIDEO_COUNT(+2)
jz-uly3uk-3967442783,,71,71,HAS_CARD_CAN_UPDATE,,Y,Y,Y,MAIN(+1); ADDITIONAL(+5); FILTERABLE(+5); TITLE_LENGTH(+10); FIRST_VIDEO_SIZE(+2); FIRST_VIDEO_LENGTH(+2); AVERAGE_VIDEO_SIZE(+2); VIDEO_COUNT(+2)
LZ-3427963436,,71,74,HAS_CARD_CAN_UPDATE,Y,Y,Y,Y,ADDITIONAL(+5); FIRST_PICTURE_SIZE(+3); TITLE_LENGTH(+10); FIRST_VIDEO_SIZE(+2); FIRST_VIDEO_LENGTH(+2); AVERAGE_VIDEO_SIZE(+2); VIDEO_COUNT(+2)
LZ01-3212969636,,71,66,HAS_CARD_CAN_UPDATE,Y,Y,Y,Y,ADDITIONAL(+6); FILTERABLE(+2); PICTURE_COUNT(+3); FIRST_PICTURE_SIZE(+4); TITLE_LENGTH(+11); FIRST_VIDEO_SIZE(+2); FIRST_VIDEO_LENGTH(+2); AVERAGE_VIDEO_SIZE(+2); VIDEO_COUNT(+2)
zm-50gvam-5285587017,,71,66,HAS_CARD_CAN_UPDATE,Y,Y,Y,Y,MAIN(+12); ADDITIONAL(+5); FILTERABLE(+4); PICTURE_COUNT(+5); FIRST_VIDEO_SIZE(+2); FIRST_VIDEO_LENGTH(+2); AVERAGE_VIDEO_SIZE(+2); VIDEO_COUNT(+2)
ZS260828lmzn-5630031354,,71,71,HAS_CARD_CAN_UPDATE_PROCESSING,,Y,Y,Y,FILTERABLE(+1); DESCRIPTION_LENGTH(+20); FIRST_VIDEO_SIZE(+2); FIRST_VIDEO_LENGTH(+2); AVERAGE_VIDEO_SIZE(+2); VIDEO_COUNT(+2)
ZS260828lmzn-5630058742,,71,71,HAS_CARD_CAN_UPDATE_PROCESSING,,Y,Y,Y,FILTERABLE(+1); DESCRIPTION_LENGTH(+20); FIRST_VIDEO_SIZE(+2); FIRST_VIDEO_LENGTH(+2); AVERAGE_VIDEO_SIZE(+2); VIDEO_COUNT(+2)
ZS260828lmzn-5630104302,,71,71,HAS_CARD_CAN_UPDATE_PROCESSING,,Y,Y,Y,FILTERABLE(+1); DESCRIPTION_LENGTH(+20); FIRST_VIDEO_SIZE(+2); FIRST_VIDEO_LENGTH(+2); AVERAGE_VIDEO_SIZE(+2); VIDEO_COUNT(+2)
1788712848-Z5KB,,72,70,HAS_CARD_CAN_UPDATE,Y,Y,Y,Y,ADDITIONAL(+5); FILTERABLE(+6); PICTURE_COUNT(+5); FIRST_PICTURE_SIZE(+5); AVERAGE_PICTURE_SIZE(+1); FIRST_VIDEO_SIZE(+2); FIRST_VIDEO_LENGTH(+2); AVERAGE_VIDEO_SIZE(+2); VIDEO_COUNT(+2)
2567819118-fdJA,,72,79,HAS_CARD_CAN_UPDATE,Y,Y,Y,Y,MAIN(+3); ADDITIONAL(+5); FILTERABLE(+4); PICTURE_COUNT(+1); FIRST_VIDEO_SIZE(+2); FIRST_VIDEO_LENGTH(+2); AVERAGE_VIDEO_SIZE(+2); VIDEO_COUNT(+2)
3018991068-g1hw,,72,64,HAS_CARD_CAN_UPDATE,Y,Y,Y,Y,MAIN(+12); ADDITIONAL(+5); FILTERABLE(+8); FIRST_PICTURE_SIZE(+3); FIRST_VIDEO_SIZE(+2); FIRST_VIDEO_LENGTH(+2); AVERAGE_VIDEO_SIZE(+2); VIDEO_COUNT(+2)
3299705825-PJce,,72,72,HAS_CARD_CAN_UPDATE,Y,Y,Y,Y,MAIN(+1); ADDITIONAL(+5); FILTERABLE(+6); PICTURE_COUNT(+4); FIRST_PICTURE_SIZE(+4); FIRST_VIDEO_SIZE(+2); FIRST_VIDEO_LENGTH(+2); AVERAGE_VIDEO_SIZE(+2); VIDEO_COUNT(+2)
CUAXHSGAKDMBEKQ,,72,77,HAS_CARD_CAN_UPDATE,Y,Y,Y,Y,ADDITIONAL(+5); FILTERABLE(+4); PICTURE_COUNT(+7); FIRST_VIDEO_SIZE(+2); FIRST_VIDEO_LENGTH(+2); AVERAGE_VIDEO_SIZE(+2); VIDEO_COUNT(+2)
jz-260815am9t-820423832,,72,79,HAS_CARD_CAN_UPDATE,,Y,Y,Y,ADDITIONAL(+4); FILTERABLE(+5); TITLE_LENGTH(+10); FIRST_VIDEO_SIZE(+1); AVERAGE_VIDEO_SIZE(+1)
jz-gjoym9-1595796462,,72,75,HAS_CARD_CAN_UPDATE,Y,Y,Y,Y,MAIN(+12); ADDITIONAL(+4); PICTURE_COUNT(+1); FIRST_VIDEO_SIZE(+2); FIRST_VIDEO_LENGTH(+2); AVERAGE_VIDEO_SIZE(+2); VIDEO_COUNT(+2)
1687512140-VwVs,,73,73,HAS_CARD_CAN_UPDATE,Y,Y,Y,Y,MAIN(+12); FILTERABLE(+1); PICTURE_COUNT(+5); AVERAGE_PICTURE_SIZE(+1); FIRST_VIDEO_SIZE(+2); FIRST_VIDEO_LENGTH(+2); AVERAGE_VIDEO_SIZE(+2); VIDEO_COUNT(+2)
2673557387-m2lf,,73,73,HAS_CARD_CAN_UPDATE,Y,Y,Y,Y,MAIN(+1); ADDITIONAL(+5); PICTURE_COUNT(+3); TITLE_LENGTH(+10); FIRST_VIDEO_SIZE(+2); FIRST_VIDEO_LENGTH(+2); AVERAGE_VIDEO_SIZE(+2); VIDEO_COUNT(+2)
jz-260815ixq3-3543832877,,73,72,HAS_CARD_CAN_UPDATE,,,Y,Y,MAIN(+5); ADDITIONAL(+5); FILTERABLE(+8); TITLE_LENGTH(+10)
jz-uly3uk-4686738287,,73,77,HAS_CARD_CAN_UPDATE,Y,Y,Y,Y,ADDITIONAL(+5); FILTERABLE(+2); FIRST_PICTURE_SIZE(+8); FIRST_VIDEO_SIZE(+2); FIRST_VIDEO_LENGTH(+2); AVERAGE_VIDEO_SIZE(+2); VIDEO_COUNT(+2)
1919125420-vK3n,,74,74,HAS_CARD_CAN_UPDATE,Y,Y,Y,Y,ADDITIONAL(+4); FILTERABLE(+7); PICTURE_COUNT(+6); FIRST_PICTURE_SIZE(+6); AVERAGE_PICTURE_SIZE(+1); FIRST_VIDEO_SIZE(+1); AVERAGE_VIDEO_SIZE(+1)
192f-2,,74,74,HAS_CARD_CAN_UPDATE,Y,Y,Y,Y,ADDITIONAL(+6); FILTERABLE(+6); PICTURE_COUNT(+6); FIRST_VIDEO_SIZE(+2); FIRST_VIDEO_LENGTH(+2); AVERAGE_VIDEO_SIZE(+2); VIDEO_COUNT(+2)
2679821550-moyj,,74,77,HAS_CARD_CAN_UPDATE,Y,,Y,Y,MAIN(+7); ADDITIONAL(+5); FILTERABLE(+8); PICTURE_COUNT(+3)
jz-260707re42-2194231723,,74,72,HAS_CARD_CAN_UPDATE,Y,Y,Y,Y,ADDITIONAL(+4); FILTERABLE(+3); PICTURE_COUNT(+3); TITLE_LENGTH(+10); FIRST_VIDEO_SIZE(+2); FIRST_VIDEO_LENGTH(+2); AVERAGE_VIDEO_SIZE(+2); VIDEO_COUNT(+2)
jz-33hanu-3939001983,,74,76,HAS_CARD_CAN_UPDATE,Y,Y,Y,Y,MAIN(+5); ADDITIONAL(+4); FILTERABLE(+4); FIRST_PICTURE_SIZE(+3); FIRST_VIDEO_SIZE(+2); FIRST_VIDEO_LENGTH(+2); AVERAGE_VIDEO_SIZE(+2); VIDEO_COUNT(+2)
ADBHEI,,75,77,HAS_CARD_CAN_UPDATE_ERRORS,Y,,Y,Y,MAIN(+5); ADDITIONAL(+5); FILTERABLE(+6); PICTURE_COUNT(+7)
CrecvklcYTV89im,,75,66,HAS_CARD_CAN_UPDATE,,Y,Y,Y,MAIN(+5); ADDITIONAL(+5); FILTERABLE(+6); TITLE_LENGTH(+10); FIRST_VIDEO_SIZE(+2); FIRST_VIDEO_LENGTH(+2); AVERAGE_VIDEO_SIZE(+2); VIDEO_COUNT(+2)
jz-dh3dbz-3768260047,,75,72,HAS_CARD_CAN_UPDATE,Y,Y,Y,Y,MAIN(+5); ADDITIONAL(+4); FILTERABLE(+3); PICTURE_COUNT(+3); FIRST_PICTURE_SIZE(+5); FIRST_VIDEO_SIZE(+2); FIRST_VIDEO_LENGTH(+2); AVERAGE_VIDEO_SIZE(+2); VIDEO_COUNT(+2)
jz-tar3ab-3816159851,,75,75,HAS_CARD_CAN_UPDATE_PROCESSING,,Y,Y,Y,MAIN(+6); ADDITIONAL(+1); TITLE_LENGTH(+10); FIRST_VIDEO_SIZE(+2); FIRST_VIDEO_LENGTH(+2); AVERAGE_VIDEO_SIZE(+2); VIDEO_COUNT(+2)
jz-ydp9z9-3189475439,,75,73,HAS_CARD_CAN_UPDATE,Y,Y,Y,Y,MAIN(+7); ADDITIONAL(+5); FILTERABLE(+6); AVERAGE_PICTURE_SIZE(+1); FIRST_VIDEO_SIZE(+2); FIRST_VIDEO_LENGTH(+2); AVERAGE_VIDEO_SIZE(+2); VIDEO_COUNT(+2)
LZ-qtsoul-5148771361-4,,75,75,HAS_CARD_CAN_UPDATE_PROCESSING,Y,Y,Y,Y,ADDITIONAL(+4); PICTURE_COUNT(+3); TITLE_LENGTH(+10); FIRST_VIDEO_SIZE(+2); FIRST_VIDEO_LENGTH(+2); AVERAGE_VIDEO_SIZE(+2); VIDEO_COUNT(+2)
2765429511-8Ghh,,76,78,HAS_CARD_CAN_UPDATE_ERRORS,,Y,Y,Y,ADDITIONAL(+3); FILTERABLE(+1); TITLE_LENGTH(+10); FIRST_VIDEO_SIZE(+2); FIRST_VIDEO_LENGTH(+2); AVERAGE_VIDEO_SIZE(+2); VIDEO_COUNT(+2)
2872717178-UeMT,,76,79,HAS_CARD_CAN_UPDATE,,Y,Y,Y,ADDITIONAL(+5); FILTERABLE(+8); FIRST_VIDEO_SIZE(+2); FIRST_VIDEO_LENGTH(+2); AVERAGE_VIDEO_SIZE(+2); VIDEO_COUNT(+2)
ADBHONG0,,76,64,HAS_CARD_CAN_UPDATE_ERRORS,Y,,Y,Y,MAIN(+9); ADDITIONAL(+5); FILTERABLE(+6); PICTURE_COUNT(+7); FIRST_PICTURE_SIZE(+8); AVERAGE_PICTURE_SIZE(+1)
jz-33hanu-3758650994,,76,78,HAS_CARD_CAN_UPDATE,Y,Y,Y,Y,MAIN(+5); ADDITIONAL(+4); FILTERABLE(+2); FIRST_PICTURE_SIZE(+3); FIRST_VIDEO_SIZE(+2); FIRST_VIDEO_LENGTH(+2); AVERAGE_VIDEO_SIZE(+2); VIDEO_COUNT(+2)
jz-79kd0n-2205652432,,76,79,HAS_CARD_CAN_UPDATE_PROCESSING,,Y,Y,Y,ADDITIONAL(+5); FILTERABLE(+8); FIRST_VIDEO_SIZE(+2); FIRST_VIDEO_LENGTH(+2); AVERAGE_VIDEO_SIZE(+2); VIDEO_COUNT(+2)
jz-gxi10h-769385542,,76,62,HAS_CARD_CAN_UPDATE,Y,Y,Y,Y,MAIN(+12); ADDITIONAL(+3); FILTERABLE(+3); FIRST_PICTURE_SIZE(+11); AVERAGE_PICTURE_SIZE(+1); FIRST_VIDEO_SIZE(+2); FIRST_VIDEO_LENGTH(+2); AVERAGE_VIDEO_SIZE(+2); VIDEO_COUNT(+2)
jz-tar3ab-4272941250,,76,76,HAS_CARD_CAN_UPDATE_PROCESSING,,Y,Y,Y,MAIN(+6); TITLE_LENGTH(+10); FIRST_VIDEO_SIZE(+2); FIRST_VIDEO_LENGTH(+2); AVERAGE_VIDEO_SIZE(+2); VIDEO_COUNT(+2)
jz-tar3ab-4272943920,,76,76,HAS_CARD_CAN_UPDATE_PROCESSING,,Y,Y,Y,MAIN(+6); TITLE_LENGTH(+10); FIRST_VIDEO_SIZE(+2); FIRST_VIDEO_LENGTH(+2); AVERAGE_VIDEO_SIZE(+2); VIDEO_COUNT(+2)
JZQCGLWDIFVXPD,,76,75,HAS_CARD_CAN_UPDATE_PROCESSING,Y,Y,Y,Y,RECOGNIZED_VENDOR(+2); MAIN(+6); ADDITIONAL(+4); PICTURE_COUNT(+5); FIRST_VIDEO_SIZE(+2); FIRST_VIDEO_LENGTH(+2); AVERAGE_VIDEO_SIZE(+2); VIDEO_COUNT(+2)
LZ-3292743084,,76,64,HAS_CARD_CAN_UPDATE,Y,Y,Y,Y,MAIN(+12); ADDITIONAL(+5); FILTERABLE(+8); FIRST_PICTURE_SIZE(+3); FIRST_VIDEO_SIZE(+2); FIRST_VIDEO_LENGTH(+2); AVERAGE_VIDEO_SIZE(+2); VIDEO_COUNT(+2)
ZS260824eyf4-4759978835,,76,76,HAS_CARD_CAN_UPDATE_PROCESSING,,Y,Y,Y,ADDITIONAL(+1); FILTERABLE(+1); DESCRIPTION_LENGTH(+20); FIRST_VIDEO_SIZE(+1); AVERAGE_VIDEO_SIZE(+1)
1682621938-ecor,,77,64,HAS_CARD_CAN_UPDATE,Y,Y,Y,Y,MAIN(+9); ADDITIONAL(+5); FIRST_PICTURE_SIZE(+4); TITLE_LENGTH(+10); FIRST_VIDEO_SIZE(+2); FIRST_VIDEO_LENGTH(+2); AVERAGE_VIDEO_SIZE(+2); VIDEO_COUNT(+2)
2254903973-pRym,,77,76,HAS_CARD_CAN_UPDATE_ERRORS,,Y,Y,Y,MAIN(+3); ADDITIONAL(+5); FILTERABLE(+8); FIRST_VIDEO_SIZE(+2); FIRST_VIDEO_LENGTH(+2); AVERAGE_VIDEO_SIZE(+2); VIDEO_COUNT(+2)
2328992593-ho9j,,77,71,HAS_CARD_CAN_UPDATE_ERRORS,Y,Y,Y,Y,MAIN(+9); ADDITIONAL(+5); FILTERABLE(+6); AVERAGE_PICTURE_SIZE(+1); FIRST_VIDEO_SIZE(+2); FIRST_VIDEO_LENGTH(+2); AVERAGE_VIDEO_SIZE(+2); VIDEO_COUNT(+2)
2624472423-HDp0,,77,77,HAS_CARD_CAN_UPDATE,Y,Y,Y,Y,MAIN(+5); ADDITIONAL(+5); PICTURE_COUNT(+5); FIRST_PICTURE_SIZE(+1); FIRST_VIDEO_SIZE(+2); FIRST_VIDEO_LENGTH(+2); AVERAGE_VIDEO_SIZE(+2); VIDEO_COUNT(+2)
ADBLAN,,77,77,HAS_CARD_CAN_UPDATE_PROCESSING,Y,,Y,Y,MAIN(+1); ADDITIONAL(+5); PICTURE_COUNT(+7); FIRST_PICTURE_SIZE(+9); AVERAGE_PICTURE_SIZE(+1)
Crecvk7vA4Gz5TY,,77,79,HAS_CARD_CAN_UPDATE,,Y,Y,Y,ADDITIONAL(+5); FILTERABLE(+8); FIRST_VIDEO_SIZE(+2); FIRST_VIDEO_LENGTH(+2); AVERAGE_VIDEO_SIZE(+2); VIDEO_COUNT(+2)
Crecvk7x0g2nAXA,,77,79,HAS_CARD_CAN_UPDATE,,Y,Y,Y,ADDITIONAL(+5); FILTERABLE(+8); FIRST_VIDEO_SIZE(+2); FIRST_VIDEO_LENGTH(+2); AVERAGE_VIDEO_SIZE(+2); VIDEO_COUNT(+2)
Crecvk7x13q0hR6,,77,79,HAS_CARD_CAN_UPDATE,,Y,Y,Y,ADDITIONAL(+5); FILTERABLE(+8); FIRST_VIDEO_SIZE(+2); FIRST_VIDEO_LENGTH(+2); AVERAGE_VIDEO_SIZE(+2); VIDEO_COUNT(+2)
jz-dh3dbz-4244256277,,77,72,HAS_CARD_CAN_UPDATE,Y,Y,Y,Y,MAIN(+5); ADDITIONAL(+4); FIRST_PICTURE_SIZE(+11); FIRST_VIDEO_SIZE(+2); FIRST_VIDEO_LENGTH(+2); AVERAGE_VIDEO_SIZE(+2); VIDEO_COUNT(+2)
jz-dyo0tp-3209307098,,77,70,HAS_CARD_CAN_UPDATE,,Y,Y,Y,MAIN(+3); ADDITIONAL(+5); FILTERABLE(+4); TITLE_LENGTH(+10); FIRST_VIDEO_SIZE(+2); FIRST_VIDEO_LENGTH(+2); AVERAGE_VIDEO_SIZE(+2); VIDEO_COUNT(+2)
ZS01-4234434714,,77,77,HAS_CARD_CAN_UPDATE_ERRORS,Y,Y,Y,Y,RECOGNIZED_VENDOR(+2); FILTERABLE(+5); FIRST_PICTURE_SIZE(+8); FIRST_VIDEO_SIZE(+2); FIRST_VIDEO_LENGTH(+2); AVERAGE_VIDEO_SIZE(+2); VIDEO_COUNT(+2)
ZS260824eyf4-4844330765,,77,77,HAS_CARD_CAN_UPDATE_PROCESSING,,Y,Y,Y,FILTERABLE(+1); DESCRIPTION_LENGTH(+20); FIRST_VIDEO_SIZE(+1); AVERAGE_VIDEO_SIZE(+1)
ZS260824eyf4-4844331241,,77,77,HAS_CARD_CAN_UPDATE_PROCESSING,,Y,Y,Y,FILTERABLE(+1); DESCRIPTION_LENGTH(+20); FIRST_VIDEO_SIZE(+1); AVERAGE_VIDEO_SIZE(+1)
ZS260824eyf4-4844331599,,77,77,HAS_CARD_CAN_UPDATE_PROCESSING,,Y,Y,Y,FILTERABLE(+1); DESCRIPTION_LENGTH(+20); FIRST_VIDEO_SIZE(+1); AVERAGE_VIDEO_SIZE(+1)
ZS260824eyf4-4844332102,,77,77,HAS_CARD_CAN_UPDATE_PROCESSING,,Y,Y,Y,FILTERABLE(+1); DESCRIPTION_LENGTH(+20); FIRST_VIDEO_SIZE(+1); AVERAGE_VIDEO_SIZE(+1)
ZS260824eyf4-4844332292,,77,77,HAS_CARD_CAN_UPDATE_PROCESSING,,Y,Y,Y,FILTERABLE(+1); DESCRIPTION_LENGTH(+20); FIRST_VIDEO_SIZE(+1); AVERAGE_VIDEO_SIZE(+1)
ZS260824eyf4-4844336540,,77,77,HAS_CARD_CAN_UPDATE_PROCESSING,,Y,Y,Y,FILTERABLE(+1); DESCRIPTION_LENGTH(+20); FIRST_VIDEO_SIZE(+1); AVERAGE_VIDEO_SIZE(+1)
ZS260824eyf4-5228989105,,77,77,HAS_CARD_CAN_UPDATE_PROCESSING,,Y,Y,Y,FILTERABLE(+1); DESCRIPTION_LENGTH(+20); FIRST_VIDEO_SIZE(+1); AVERAGE_VIDEO_SIZE(+1)
ZS260824eyf4-5229092512,,77,77,HAS_CARD_CAN_UPDATE_PROCESSING,,Y,Y,Y,FILTERABLE(+1); DESCRIPTION_LENGTH(+20); FIRST_VIDEO_SIZE(+1); AVERAGE_VIDEO_SIZE(+1)
ZS260824eyf4-5229111414,,77,77,HAS_CARD_CAN_UPDATE_PROCESSING,,Y,Y,Y,FILTERABLE(+1); DESCRIPTION_LENGTH(+20); FIRST_VIDEO_SIZE(+1); AVERAGE_VIDEO_SIZE(+1)
2747367191-CicZ,,78,70,HAS_CARD_CAN_UPDATE,Y,Y,Y,Y,MAIN(+12); ADDITIONAL(+5); FILTERABLE(+4); AVERAGE_PICTURE_SIZE(+1); FIRST_VIDEO_SIZE(+2); FIRST_VIDEO_LENGTH(+2); AVERAGE_VIDEO_SIZE(+2); VIDEO_COUNT(+2)
GYS-8jlgyl-2712567392,,78,78,HAS_CARD_CAN_UPDATE,Y,Y,Y,Y,ADDITIONAL(+5); PICTURE_COUNT(+5); FIRST_PICTURE_SIZE(+4); FIRST_VIDEO_SIZE(+2); FIRST_VIDEO_LENGTH(+2); AVERAGE_VIDEO_SIZE(+2); VIDEO_COUNT(+2)
jz-6ijfoz-1745610293,,78,74,HAS_CARD_CAN_UPDATE_PROCESSING,Y,Y,Y,Y,MAIN(+6); ADDITIONAL(+4); FILTERABLE(+2); FIRST_PICTURE_SIZE(+6); FIRST_VIDEO_SIZE(+2); FIRST_VIDEO_LENGTH(+2); AVERAGE_VIDEO_SIZE(+2); VIDEO_COUNT(+2)
jz-gxi10h-3522754906,,78,74,HAS_CARD_CAN_UPDATE_PROCESSING,,Y,Y,Y,MAIN(+12); ADDITIONAL(+3); FILTERABLE(+3); FIRST_VIDEO_SIZE(+2); FIRST_VIDEO_LENGTH(+2); AVERAGE_VIDEO_SIZE(+2); VIDEO_COUNT(+2)
JZQCGLWDIFVXPD-kaqi,,78,77,HAS_CARD_CAN_UPDATE_PROCESSING,Y,Y,Y,Y,RECOGNIZED_VENDOR(+2); MAIN(+6); ADDITIONAL(+4); PICTURE_COUNT(+3); FIRST_VIDEO_SIZE(+2); FIRST_VIDEO_LENGTH(+2); AVERAGE_VIDEO_SIZE(+2); VIDEO_COUNT(+2)
1758927716-Phqj,,79,75,HAS_CARD_CAN_UPDATE,,Y,Y,Y,MAIN(+12); ADDITIONAL(+5); FIRST_VIDEO_SIZE(+2); FIRST_VIDEO_LENGTH(+2); AVERAGE_VIDEO_SIZE(+2); VIDEO_COUNT(+2)
1981922283-xmrc,,79,79,HAS_CARD_CAN_UPDATE_PROCESSING,Y,Y,Y,Y,MAIN(+3); ADDITIONAL(+5); FILTERABLE(+4); AVERAGE_PICTURE_SIZE(+1); FIRST_VIDEO_SIZE(+2); FIRST_VIDEO_LENGTH(+2); AVERAGE_VIDEO_SIZE(+2); VIDEO_COUNT(+2)
jz-uly3uk-2775381620,,79,76,HAS_CARD_CAN_UPDATE,,Y,Y,Y,ADDITIONAL(+5); TITLE_LENGTH(+11); FIRST_VIDEO_SIZE(+2); FIRST_VIDEO_LENGTH(+2); AVERAGE_VIDEO_SIZE(+2); VIDEO_COUNT(+2)
jz-uly3uk-2775381620-cai,,79,79,HAS_CARD_CAN_UPDATE_PROCESSING,,Y,Y,Y,FILTERABLE(+2); TITLE_LENGTH(+11); FIRST_VIDEO_SIZE(+2); FIRST_VIDEO_LENGTH(+2); AVERAGE_VIDEO_SIZE(+2); VIDEO_COUNT(+2)
jz-uly3uk-2775381620-lan,,79,74,HAS_CARD_CAN_UPDATE_PROCESSING,,Y,Y,Y,ADDITIONAL(+5); FILTERABLE(+2); TITLE_LENGTH(+11); FIRST_VIDEO_SIZE(+2); FIRST_VIDEO_LENGTH(+2); AVERAGE_VIDEO_SIZE(+2); VIDEO_COUNT(+2)
jz-ydp9z9-3017949541,,79,79,HAS_CARD_CAN_UPDATE_PROCESSING,Y,Y,Y,Y,MAIN(+1); ADDITIONAL(+2); FILTERABLE(+1); FIRST_PICTURE_SIZE(+8); AVERAGE_PICTURE_SIZE(+1); FIRST_VIDEO_SIZE(+2); FIRST_VIDEO_LENGTH(+2); AVERAGE_VIDEO_SIZE(+2); VIDEO_COUNT(+2)
LZ01-3218807386,,79,74,HAS_CARD_CAN_UPDATE,Y,Y,Y,Y,MAIN(+7); ADDITIONAL(+5); FILTERABLE(+3); FIRST_PICTURE_SIZE(+3); FIRST_VIDEO_SIZE(+2); FIRST_VIDEO_LENGTH(+2); AVERAGE_VIDEO_SIZE(+2); VIDEO_COUNT(+2)
